time,open,high,low,close,tick_volume,spread,real_volume
2026-07-01 07:50:00,1.13974,1.13995,1.13974,1.13991,127,8,0
2026-07-01 07:55:00,1.1399,1.14033,1.13988,1.14019,155,8,0
2026-07-01 08:00:00,1.14017,1.1402,1.13996,1.13996,204,8,0
2026-07-01 08:05:00,1.13996,1.14017,1.13989,1.14008,135,8,0
2026-07-01 08:10:00,1.1401,1.14015,1.13993,1.13999,129,8,0
2026-07-01 08:15:00,1.13999,1.14035,1.13997,1.14018,168,8,0
2026-07-01 08:20:00,1.1402,1.1402,1.13974,1.13983,159,8,0
2026-07-01 08:25:00,1.13984,1.13999,1.13951,1.1396,158,8,0
2026-07-01 08:30:00,1.13961,1.13968,1.13936,1.13968,189,8,0
2026-07-01 08:35:00,1.13967,1.13981,1.13948,1.13972,188,8,0
2026-07-01 08:40:00,1.13974,1.1400000000000001,1.13971,1.13991,158,8,0
2026-07-01 08:45:00,1.1399,1.13994,1.13967,1.13977,149,8,0
2026-07-01 08:50:00,1.1397599999999999,1.14001,1.1397,1.13997,144,8,0
2026-07-01 08:55:00,1.1400000000000001,1.14017,1.13947,1.13963,152,8,0
2026-07-01 09:00:00,1.13962,1.13991,1.13939,1.13988,185,8,0
2026-07-01 09:05:00,1.13987,1.13987,1.13935,1.13941,212,8,0
2026-07-01 09:10:00,1.13943,1.13982,1.13943,1.13972,186,8,0
2026-07-01 09:15:00,1.13971,1.13974,1.13927,1.13928,183,8,0
2026-07-01 09:20:00,1.13928,1.13949,1.13927,1.13939,139,8,0
2026-07-01 09:25:00,1.13939,1.13944,1.13917,1.13922,165,8,0
2026-07-01 09:30:00,1.1392,1.1392,1.13889,1.13898,211,8,0
2026-07-01 09:35:00,1.13897,1.13913,1.13879,1.13879,152,8,0
2026-07-01 09:40:00,1.13879,1.13898,1.13866,1.13889,147,8,0
2026-07-01 09:45:00,1.13889,1.13892,1.13877,1.13885,120,8,0
2026-07-01 09:50:00,1.13885,1.13887,1.13848,1.13883,196,8,0
2026-07-01 09:55:00,1.13883,1.13889,1.13873,1.13877,105,8,0
2026-07-01 10:00:00,1.13877,1.13884,1.13859,1.13875,122,8,0
2026-07-01 10:05:00,1.13875,1.13893,1.13875,1.13884,99,8,0
2026-07-01 10:10:00,1.13885,1.13892,1.13876,1.13891,88,8,0
2026-07-01 10:15:00,1.13891,1.13938,1.13891,1.13933,164,8,0
2026-07-01 10:20:00,1.13935,1.1394,1.13914,1.1391499999999999,102,8,0
2026-07-01 10:25:00,1.1391499999999999,1.13943,1.13913,1.13943,101,8,0
2026-07-01 10:30:00,1.1394199999999999,1.1396,1.13935,1.13959,119,8,0
2026-07-01 10:35:00,1.13959,1.13972,1.13955,1.13967,95,8,0
2026-07-01 10:40:00,1.13967,1.13968,1.13951,1.13956,134,8,0
2026-07-01 10:45:00,1.13956,1.13974,1.13955,1.13973,88,8,0
2026-07-01 10:50:00,1.13973,1.13993,1.13971,1.13988,97,8,0
2026-07-01 10:55:00,1.13988,1.1400000000000001,1.1397,1.13977,122,8,0
2026-07-01 11:00:00,1.1397599999999999,1.13986,1.13936,1.1395,209,8,0
2026-07-01 11:05:00,1.1395,1.13954,1.13932,1.13944,133,8,0
2026-07-01 11:10:00,1.13943,1.13954,1.13916,1.13933,153,8,0
2026-07-01 11:15:00,1.13933,1.13945,1.13922,1.13943,157,8,0
2026-07-01 11:20:00,1.13943,1.13944,1.13927,1.13943,107,8,0
2026-07-01 11:25:00,1.13943,1.1395,1.13936,1.13947,102,8,0
2026-07-01 11:30:00,1.13948,1.1395,1.13927,1.1394199999999999,108,8,0
2026-07-01 11:35:00,1.1394199999999999,1.13955,1.13935,1.13937,116,8,0
2026-07-01 11:40:00,1.13937,1.13956,1.13937,1.13946,143,8,0
2026-07-01 11:45:00,1.13947,1.1395,1.13901,1.13902,150,8,0
2026-07-01 11:50:00,1.13903,1.13932,1.13894,1.13895,217,8,0
2026-07-01 11:55:00,1.13893,1.13904,1.1384400000000001,1.13853,285,8,0
2026-07-01 12:00:00,1.1385399999999999,1.13878,1.13846,1.13864,239,8,0
2026-07-01 12:05:00,1.13862,1.13863,1.13817,1.13819,205,8,0
2026-07-01 12:10:00,1.13821,1.13831,1.13802,1.13826,183,8,0
2026-07-01 12:15:00,1.13828,1.13869,1.13828,1.13869,214,8,0
2026-07-01 12:20:00,1.13868,1.13871,1.13825,1.13834,216,8,0
2026-07-01 12:25:00,1.13834,1.13846,1.13804,1.13804,220,8,0
2026-07-01 12:30:00,1.13807,1.13835,1.13766,1.13768,257,8,0
2026-07-01 12:35:00,1.1377,1.1377,1.13692,1.13692,316,8,0
2026-07-01 12:40:00,1.13694,1.13744,1.1368800000000001,1.13731,357,8,0
2026-07-01 12:45:00,1.1373,1.13745,1.137,1.13737,235,8,0
2026-07-01 12:50:00,1.13737,1.1374900000000001,1.13713,1.13729,240,8,0
2026-07-01 12:55:00,1.13728,1.1373199999999999,1.13703,1.13707,234,8,0
2026-07-01 13:00:00,1.13708,1.13748,1.13699,1.1374,236,8,0
2026-07-01 13:05:00,1.1374,1.13745,1.13704,1.1374,275,8,0
2026-07-01 13:10:00,1.1374,1.1374,1.13614,1.13617,746,8,0
2026-07-01 13:15:00,1.13617,1.13717,1.13617,1.13694,690,8,0
2026-07-01 13:20:00,1.13694,1.13804,1.13693,1.13796,493,8,0
2026-07-01 13:25:00,1.13794,1.13873,1.13772,1.1385399999999999,721,8,0
2026-07-01 13:30:00,1.13853,1.13943,1.13829,1.13893,1186,8,0
2026-07-01 13:35:00,1.13893,1.1392,1.13845,1.13872,642,8,0
2026-07-01 13:40:00,1.13872,1.14045,1.13868,1.1404,574,8,0
2026-07-01 13:45:00,1.14042,1.14117,1.14023,1.1403699999999999,563,8,0
2026-07-01 13:50:00,1.14035,1.14049,1.13974,1.1397599999999999,459,8,0
2026-07-01 13:55:00,1.13978,1.1399,1.13921,1.13953,393,8,0
2026-07-01 14:00:00,1.1395,1.14021,1.13912,1.1393,508,8,0
2026-07-01 14:05:00,1.13929,1.1402700000000001,1.13919,1.1402700000000001,503,8,0
2026-07-01 14:10:00,1.14028,1.14052,1.13988,1.13996,416,8,0
2026-07-01 14:15:00,1.13996,1.14002,1.13935,1.1394,420,8,0
2026-07-01 14:20:00,1.13943,1.13977,1.1392,1.13921,455,8,0
2026-07-01 14:25:00,1.13921,1.13936,1.13897,1.13914,315,8,0
2026-07-01 14:30:00,1.13914,1.14011,1.13902,1.14011,344,8,0
2026-07-01 14:35:00,1.14008,1.14011,1.13945,1.13963,371,8,0
2026-07-01 14:40:00,1.1396,1.13991,1.13932,1.13943,339,8,0
2026-07-01 14:45:00,1.13945,1.13986,1.13914,1.13919,423,8,0
2026-07-01 14:50:00,1.13921,1.13921,1.13859,1.1386,440,8,0
2026-07-01 14:55:00,1.13858,1.1395,1.13843,1.1395,474,8,0
2026-07-01 15:00:00,1.13951,1.13958,1.13882,1.13891,478,8,0
2026-07-01 15:05:00,1.13891,1.13935,1.13858,1.13862,420,8,0
2026-07-01 15:10:00,1.1386,1.13882,1.13853,1.13869,230,8,0
2026-07-01 15:15:00,1.13867,1.13873,1.13838,1.13845,273,8,0
2026-07-01 15:20:00,1.13845,1.13893,1.13845,1.13886,263,8,0
2026-07-01 15:25:00,1.13888,1.13927,1.13879,1.13922,219,8,0
2026-07-01 15:30:00,1.13921,1.1394,1.13825,1.13827,350,8,0
2026-07-01 15:35:00,1.13826,1.13852,1.13811,1.13834,289,8,0
2026-07-01 15:40:00,1.13834,1.13836,1.13784,1.13801,284,8,0
2026-07-01 15:45:00,1.138,1.1383,1.1379,1.1381999999999999,234,8,0
2026-07-01 15:50:00,1.1381999999999999,1.13867,1.13819,1.13852,206,8,0
2026-07-01 15:55:00,1.13853,1.13869,1.13828,1.13836,231,8,0
2026-07-01 16:00:00,1.13837,1.13921,1.13832,1.13918,355,8,0
2026-07-01 16:05:00,1.13919,1.13937,1.13893,1.13898,255,8,0
2026-07-01 16:10:00,1.13899,1.13912,1.13863,1.13875,261,8,0
2026-07-01 16:15:00,1.13874,1.13875,1.13828,1.13838,248,8,0
2026-07-01 16:20:00,1.13837,1.1387,1.13837,1.13855,300,8,0
2026-07-01 16:25:00,1.1385399999999999,1.13891,1.13845,1.13851,230,8,0
2026-07-01 16:30:00,1.13851,1.1385399999999999,1.13821,1.13831,190,8,0
2026-07-01 16:35:00,1.13831,1.13831,1.13804,1.13806,201,8,0
2026-07-01 16:40:00,1.13806,1.13823,1.13802,1.1381000000000001,162,8,0
2026-07-01 16:45:00,1.13809,1.13832,1.13808,1.13817,170,8,0
2026-07-01 16:50:00,1.13817,1.13819,1.138,1.13809,173,8,0
2026-07-01 16:55:00,1.13807,1.13838,1.13795,1.1381999999999999,233,8,0
2026-07-01 17:00:00,1.13822,1.13847,1.13816,1.13825,222,8,0
2026-07-01 17:05:00,1.13827,1.1384,1.1381999999999999,1.13831,146,8,0
2026-07-01 17:10:00,1.1383,1.13834,1.13795,1.13796,199,8,0
2026-07-01 17:15:00,1.13797,1.13832,1.13787,1.1383,190,8,0
2026-07-01 17:20:00,1.13831,1.13843,1.13822,1.13835,109,8,0
2026-07-01 17:25:00,1.13835,1.13856,1.13832,1.1384400000000001,121,8,0
2026-07-01 17:30:00,1.1384400000000001,1.13856,1.13839,1.1384400000000001,108,8,0
2026-07-01 17:35:00,1.13842,1.13848,1.13814,1.13818,123,8,0
2026-07-01 17:40:00,1.13818,1.13825,1.13798,1.13798,106,8,0
2026-07-01 17:45:00,1.13796,1.13825,1.13795,1.13816,115,8,0
2026-07-01 17:50:00,1.13816,1.13822,1.138,1.138,116,8,0
2026-07-01 17:55:00,1.13802,1.13811,1.13795,1.13808,121,8,0
2026-07-01 18:00:00,1.13808,1.13826,1.138,1.13807,182,8,0
2026-07-01 18:05:00,1.13806,1.13808,1.1378300000000001,1.13786,104,8,0
2026-07-01 18:10:00,1.13786,1.13789,1.13773,1.13785,109,8,0
2026-07-01 18:15:00,1.1378300000000001,1.1378300000000001,1.13753,1.13761,107,8,0
2026-07-01 18:20:00,1.13761,1.13777,1.13751,1.13762,99,8,0
2026-07-01 18:25:00,1.13762,1.13772,1.13752,1.13771,111,8,0
2026-07-01 18:30:00,1.13771,1.13787,1.1375899999999999,1.13776,106,8,0
2026-07-01 18:35:00,1.13776,1.13787,1.1377,1.13784,102,8,0
2026-07-01 18:40:00,1.13784,1.13792,1.13775,1.13792,134,8,0
2026-07-01 18:45:00,1.13792,1.1379299999999999,1.13779,1.1378,88,8,0
2026-07-01 18:50:00,1.1378,1.13785,1.13772,1.13779,111,8,0
2026-07-01 18:55:00,1.13778,1.13801,1.13778,1.13796,153,8,0
2026-07-01 19:00:00,1.13796,1.13813,1.13794,1.138,108,8,0
2026-07-01 19:05:00,1.138,1.13807,1.13795,1.13807,76,8,0
2026-07-01 19:10:00,1.13807,1.13807,1.1379,1.1379299999999999,79,8,0
2026-07-01 19:15:00,1.13792,1.13797,1.13774,1.13777,75,8,0
2026-07-01 19:20:00,1.13778,1.13785,1.1377,1.13775,78,8,0
2026-07-01 19:25:00,1.13776,1.13796,1.13774,1.13791,88,8,0
2026-07-01 19:30:00,1.1379299999999999,1.13801,1.1378300000000001,1.13796,79,8,0
2026-07-01 19:35:00,1.13796,1.13804,1.13792,1.13801,65,8,0
2026-07-01 19:40:00,1.13801,1.13801,1.13792,1.13801,81,8,0
2026-07-01 19:45:00,1.13802,1.13807,1.13795,1.13804,77,8,0
2026-07-01 19:50:00,1.13805,1.13807,1.13773,1.13775,141,8,0
2026-07-01 19:55:00,1.13777,1.13792,1.13772,1.13786,145,8,0
2026-07-01 20:00:00,1.1378300000000001,1.1379299999999999,1.1378,1.1378300000000001,113,8,0
2026-07-01 20:05:00,1.1378300000000001,1.13785,1.13775,1.13775,61,8,0
2026-07-01 20:10:00,1.13775,1.1378,1.13773,1.13778,45,8,0
2026-07-01 20:15:00,1.13778,1.13782,1.1376,1.1376,62,8,0
2026-07-01 20:20:00,1.13761,1.13773,1.13757,1.1377,49,8,0
2026-07-01 20:25:00,1.1377,1.1377,1.1376,1.13761,53,8,0
2026-07-01 20:30:00,1.13761,1.13771,1.13756,1.13757,45,8,0
2026-07-01 20:35:00,1.13757,1.13764,1.13753,1.13762,48,8,0
2026-07-01 20:40:00,1.13761,1.13761,1.13737,1.13743,83,8,0
2026-07-01 20:45:00,1.13743,1.1376,1.13736,1.1376,73,8,0
2026-07-01 20:50:00,1.1376,1.13772,1.13758,1.13761,54,8,0
2026-07-01 20:55:00,1.13762,1.13776,1.1375,1.13769,95,8,0
2026-07-01 21:00:00,1.1377,1.1377,1.1374900000000001,1.1374900000000001,2,20,0
2026-07-01 21:05:00,1.1374900000000001,1.13773,1.1374900000000001,1.13773,32,20,0
2026-07-01 21:10:00,1.13772,1.13774,1.1375899999999999,1.1376,20,20,0
2026-07-01 21:15:00,1.1376,1.13763,1.13757,1.13757,37,48,0
2026-07-01 21:20:00,1.13756,1.13768,1.1375,1.13755,31,20,0
2026-07-01 21:25:00,1.13761,1.13775,1.1375899999999999,1.13774,35,20,0
2026-07-01 21:30:00,1.13774,1.13775,1.13761,1.13769,41,20,0
2026-07-01 21:35:00,1.1377,1.13781,1.1375899999999999,1.1376,28,20,0
2026-07-01 21:40:00,1.1376,1.13776,1.1375899999999999,1.13776,19,20,0
2026-07-01 21:45:00,1.13777,1.13782,1.1376,1.13781,20,20,0
2026-07-01 21:50:00,1.13782,1.13782,1.13767,1.1378,19,20,0
2026-07-01 21:55:00,1.1378,1.13784,1.13779,1.13782,15,8,0
2026-07-01 22:00:00,1.13782,1.13784,1.13769,1.13771,41,8,0
2026-07-01 22:05:00,1.13771,1.1378300000000001,1.13768,1.1378,45,8,0
2026-07-01 22:10:00,1.1378,1.1378300000000001,1.13777,1.13779,25,8,0
2026-07-01 22:15:00,1.13779,1.13785,1.13776,1.13785,28,8,0
2026-07-01 22:20:00,1.13785,1.1379299999999999,1.13785,1.1379299999999999,22,8,0
2026-07-01 22:25:00,1.13792,1.13792,1.13787,1.13788,20,8,0
2026-07-01 22:30:00,1.13788,1.1379299999999999,1.1378300000000001,1.13792,32,8,0
2026-07-01 22:35:00,1.13792,1.13792,1.1379,1.13792,19,8,0
2026-07-01 22:40:00,1.13792,1.13794,1.13791,1.13791,17,8,0
2026-07-01 22:45:00,1.13791,1.13791,1.13784,1.13787,24,8,0
2026-07-01 22:50:00,1.13787,1.13787,1.13781,1.13781,15,8,0
2026-07-01 22:55:00,1.13781,1.13788,1.13781,1.13787,14,8,0
2026-07-01 23:00:00,1.13787,1.13787,1.13784,1.13785,13,8,0
2026-07-01 23:05:00,1.13785,1.13785,1.13781,1.13782,20,8,0
2026-07-01 23:10:00,1.13782,1.1378300000000001,1.13776,1.13782,28,8,0
2026-07-01 23:15:00,1.13782,1.13782,1.1377,1.13774,34,8,0
2026-07-01 23:20:00,1.13774,1.13781,1.13772,1.13776,18,8,0
2026-07-01 23:25:00,1.13775,1.13778,1.13775,1.13777,13,8,0
2026-07-01 23:30:00,1.13776,1.1378,1.13775,1.13778,41,8,0
2026-07-01 23:35:00,1.13779,1.13779,1.13773,1.13775,25,8,0
2026-07-01 23:40:00,1.13775,1.13782,1.13773,1.13782,31,8,0
2026-07-01 23:45:00,1.13782,1.13784,1.13775,1.13777,34,8,0
2026-07-01 23:50:00,1.13778,1.13778,1.13767,1.13775,51,8,0
2026-07-01 23:55:00,1.13775,1.13781,1.13771,1.13772,42,8,0
2026-07-02 00:00:00,1.13772,1.13796,1.13758,1.1379,140,8,0
2026-07-02 00:05:00,1.13791,1.13829,1.13787,1.13818,153,8,0
2026-07-02 00:10:00,1.13819,1.13819,1.13799,1.13802,105,8,0
2026-07-02 00:15:00,1.13802,1.13802,1.13773,1.13773,103,8,0
2026-07-02 00:20:00,1.13772,1.13787,1.13772,1.13785,82,8,0
2026-07-02 00:25:00,1.13785,1.13785,1.1376,1.13764,92,8,0
2026-07-02 00:30:00,1.13766,1.13767,1.13746,1.13748,104,8,0
2026-07-02 00:35:00,1.13748,1.13765,1.13748,1.13763,90,8,0
2026-07-02 00:40:00,1.13763,1.1378300000000001,1.1376,1.13773,95,8,0
2026-07-02 00:45:00,1.13772,1.13792,1.13771,1.1379,94,8,0
2026-07-02 00:50:00,1.1379,1.1379,1.1377,1.13777,134,8,0
2026-07-02 00:55:00,1.13774,1.13774,1.13756,1.13761,89,8,0
2026-07-02 01:00:00,1.13761,1.13786,1.1375899999999999,1.13778,120,8,0
2026-07-02 01:05:00,1.13778,1.1379299999999999,1.13775,1.13788,101,8,0
2026-07-02 01:10:00,1.13786,1.13797,1.13772,1.1379,101,8,0
2026-07-02 01:15:00,1.13791,1.13794,1.13771,1.13784,96,8,0
2026-07-02 01:20:00,1.13784,1.138,1.13779,1.13794,85,8,0
2026-07-02 01:25:00,1.13794,1.13795,1.13779,1.1379,103,8,0
2026-07-02 01:30:00,1.1379,1.13791,1.13769,1.13779,122,8,0
2026-07-02 01:35:00,1.13779,1.13811,1.13774,1.13811,79,8,0
2026-07-02 01:40:00,1.13813,1.13827,1.13807,1.13808,91,8,0
2026-07-02 01:45:00,1.13808,1.13849,1.13802,1.13847,121,8,0
2026-07-02 01:50:00,1.13847,1.1385399999999999,1.13828,1.13832,104,8,0
2026-07-02 01:55:00,1.1383,1.13834,1.13807,1.13811,107,8,0
2026-07-02 02:00:00,1.13811,1.13839,1.13811,1.13835,118,8,0
2026-07-02 02:05:00,1.13835,1.13845,1.13831,1.13837,107,8,0
2026-07-02 02:10:00,1.13837,1.13865,1.13828,1.13862,87,8,0
2026-07-02 02:15:00,1.13861,1.1388099999999999,1.13856,1.1388,119,8,0
2026-07-02 02:20:00,1.13879,1.13879,1.13846,1.13847,96,8,0
2026-07-02 02:25:00,1.13846,1.13851,1.13837,1.13848,73,8,0
2026-07-02 02:30:00,1.13848,1.13862,1.13845,1.1386,68,8,0
2026-07-02 02:35:00,1.1386,1.1386,1.13843,1.13843,73,8,0
2026-07-02 02:40:00,1.13843,1.1385,1.13836,1.13841,67,8,0
2026-07-02 02:45:00,1.13841,1.13848,1.13831,1.13832,66,8,0
2026-07-02 02:50:00,1.13832,1.13845,1.13822,1.13829,82,8,0
2026-07-02 02:55:00,1.1383,1.1383,1.13807,1.13819,90,8,0
2026-07-02 03:00:00,1.13818,1.13832,1.13809,1.13812,95,8,0
2026-07-02 03:05:00,1.13811,1.1381999999999999,1.13802,1.13802,82,8,0
2026-07-02 03:10:00,1.13802,1.13806,1.13787,1.13795,88,8,0
2026-07-02 03:15:00,1.13795,1.13804,1.13782,1.13784,82,8,0
2026-07-02 03:20:00,1.13784,1.1379,1.13777,1.13784,61,8,0
2026-07-02 03:25:00,1.13784,1.138,1.13778,1.13799,71,8,0
2026-07-02 03:30:00,1.13799,1.13811,1.13797,1.13799,81,8,0
2026-07-02 03:35:00,1.13799,1.13804,1.13787,1.13798,72,8,0
2026-07-02 03:40:00,1.13798,1.1381000000000001,1.13798,1.13806,63,8,0
2026-07-02 03:45:00,1.13806,1.13806,1.13794,1.13804,70,8,0
2026-07-02 03:50:00,1.13804,1.13811,1.13791,1.13794,73,8,0
2026-07-02 03:55:00,1.13794,1.13823,1.13792,1.1381999999999999,119,8,0
2026-07-02 04:00:00,1.1381999999999999,1.13869,1.1381999999999999,1.13833,177,8,0
2026-07-02 04:05:00,1.13835,1.13868,1.13834,1.13861,104,8,0
2026-07-02 04:10:00,1.13861,1.13865,1.1384400000000001,1.1385399999999999,90,8,0
2026-07-02 04:15:00,1.1385399999999999,1.13855,1.13843,1.1385,52,8,0
2026-07-02 04:20:00,1.13852,1.13858,1.13834,1.13846,83,8,0
2026-07-02 04:25:00,1.13846,1.1385399999999999,1.13841,1.13842,60,8,0
2026-07-02 04:30:00,1.13842,1.13861,1.13841,1.13858,69,8,0
2026-07-02 04:35:00,1.13858,1.13861,1.1385,1.13858,56,8,0
2026-07-02 04:40:00,1.13858,1.13858,1.1385,1.13853,57,8,0
2026-07-02 04:45:00,1.13853,1.13857,1.13849,1.13851,47,8,0
2026-07-02 04:50:00,1.1385,1.1388099999999999,1.1385,1.13868,116,8,0
2026-07-02 04:55:00,1.13868,1.13875,1.13862,1.13864,105,8,0
2026-07-02 05:00:00,1.13864,1.13876,1.13863,1.13866,108,8,0
2026-07-02 05:05:00,1.13865,1.13884,1.1385,1.13868,111,8,0
2026-07-02 05:10:00,1.13868,1.13873,1.13856,1.13859,86,8,0
2026-07-02 05:15:00,1.13859,1.13862,1.13851,1.13857,79,8,0
2026-07-02 05:20:00,1.13857,1.13864,1.13851,1.13861,60,8,0
2026-07-02 05:25:00,1.13861,1.13861,1.13835,1.13843,73,8,0
2026-07-02 05:30:00,1.13843,1.13843,1.13813,1.13828,116,8,0
2026-07-02 05:35:00,1.13828,1.13833,1.1381999999999999,1.13824,87,8,0
2026-07-02 05:40:00,1.13824,1.13851,1.13824,1.13836,102,8,0
2026-07-02 05:45:00,1.13837,1.13849,1.13832,1.13835,69,8,0
2026-07-02 05:50:00,1.13836,1.1385399999999999,1.13836,1.13838,83,8,0
2026-07-02 05:55:00,1.13836,1.13859,1.1383,1.13852,109,8,0
2026-07-02 06:00:00,1.1385399999999999,1.13893,1.13851,1.13885,222,8,0
2026-07-02 06:05:00,1.13885,1.13912,1.1387,1.13875,191,8,0
2026-07-02 06:10:00,1.13874,1.1391,1.13874,1.13887,217,8,0
2026-07-02 06:15:00,1.13886,1.13891,1.13859,1.13873,154,8,0
2026-07-02 06:20:00,1.13873,1.13886,1.13861,1.13876,148,8,0
2026-07-02 06:25:00,1.13876,1.13883,1.13863,1.1387,132,8,0
2026-07-02 06:30:00,1.13871,1.13888,1.13868,1.13883,145,8,0
2026-07-02 06:35:00,1.13884,1.13891,1.13875,1.13885,102,8,0
2026-07-02 06:40:00,1.13885,1.13911,1.13882,1.13909,113,8,0
2026-07-02 06:45:00,1.13909,1.13995,1.13901,1.13988,319,8,0
2026-07-02 06:50:00,1.13991,1.1404,1.1394,1.1394199999999999,626,8,0
2026-07-02 06:55:00,1.1394199999999999,1.1397,1.13937,1.1394199999999999,231,8,0
2026-07-02 07:00:00,1.13943,1.13943,1.1391499999999999,1.13926,245,8,0
2026-07-02 07:05:00,1.13928,1.13943,1.13902,1.1394,235,8,0
2026-07-02 07:10:00,1.1394,1.13967,1.13929,1.13953,244,8,0
2026-07-02 07:15:00,1.13952,1.13969,1.13927,1.1394199999999999,228,8,0
2026-07-02 07:20:00,1.13941,1.13993,1.13939,1.13986,227,8,0
2026-07-02 07:25:00,1.13986,1.14011,1.13971,1.1400299999999999,227,8,0
2026-07-02 07:30:00,1.14004,1.14009,1.13965,1.13971,178,8,0
2026-07-02 07:35:00,1.13971,1.14019,1.13956,1.14019,222,8,0
2026-07-02 07:40:00,1.14017,1.14069,1.14015,1.1405,275,8,0
2026-07-02 07:45:00,1.1405,1.14052,1.14021,1.1404,214,8,0
2026-07-02 07:50:00,1.14042,1.1408800000000001,1.1402700000000001,1.14087,229,8,0
2026-07-02 07:55:00,1.14087,1.14087,1.1406100000000001,1.14074,233,8,0
2026-07-02 08:00:00,1.14073,1.14146,1.14063,1.14136,320,8,0
2026-07-02 08:05:00,1.14136,1.14177,1.14124,1.14143,325,8,0
2026-07-02 08:10:00,1.14143,1.14176,1.14143,1.14165,284,8,0
2026-07-02 08:15:00,1.14165,1.14175,1.14146,1.14165,263,8,0
2026-07-02 08:20:00,1.14167,1.14182,1.14144,1.14148,271,8,0
2026-07-02 08:25:00,1.14146,1.14169,1.14131,1.14161,275,8,0
2026-07-02 08:30:00,1.14162,1.14162,1.14124,1.14157,262,8,0
2026-07-02 08:35:00,1.14156,1.14172,1.14135,1.1415899999999999,214,8,0
2026-07-02 08:40:00,1.1415899999999999,1.14197,1.14148,1.14161,281,8,0
2026-07-02 08:45:00,1.14161,1.14207,1.14151,1.14196,296,8,0
2026-07-02 08:50:00,1.14195,1.14202,1.14168,1.14174,243,8,0
2026-07-02 08:55:00,1.14173,1.14199,1.14162,1.14198,208,8,0
2026-07-02 09:00:00,1.14196,1.14207,1.14145,1.14145,221,8,0
2026-07-02 09:05:00,1.14145,1.14155,1.1409799999999999,1.14114,236,8,0
2026-07-02 09:10:00,1.14114,1.14135,1.14105,1.1412499999999999,202,8,0
2026-07-02 09:15:00,1.14127,1.14158,1.14124,1.14146,193,8,0
2026-07-02 09:20:00,1.14146,1.14153,1.14118,1.14136,180,8,0
2026-07-02 09:25:00,1.14137,1.14137,1.1409,1.14092,167,8,0
2026-07-02 09:30:00,1.14092,1.14105,1.14085,1.14105,124,8,0
2026-07-02 09:35:00,1.14105,1.14137,1.14105,1.1412200000000001,173,8,0
2026-07-02 09:40:00,1.14121,1.14138,1.14109,1.14119,160,8,0
2026-07-02 09:45:00,1.14118,1.14133,1.14107,1.14123,174,8,0
2026-07-02 09:50:00,1.14123,1.14147,1.1411,1.1411,159,8,0
2026-07-02 09:55:00,1.14109,1.14139,1.14094,1.14095,214,8,0
2026-07-02 10:00:00,1.14094,1.14108,1.14074,1.14081,240,8,0
2026-07-02 10:05:00,1.1408,1.14097,1.14075,1.14086,196,8,0
2026-07-02 10:10:00,1.14087,1.14093,1.1407,1.14071,89,8,0
2026-07-02 10:15:00,1.14071,1.14078,1.1406,1.14063,109,8,0
2026-07-02 10:20:00,1.14063,1.14067,1.14047,1.14058,165,8,0
2026-07-02 10:25:00,1.14059,1.14076,1.14055,1.14068,161,8,0
2026-07-02 10:30:00,1.14066,1.14067,1.14046,1.1406100000000001,143,8,0
2026-07-02 10:35:00,1.1406100000000001,1.14065,1.14028,1.14044,143,8,0
2026-07-02 10:40:00,1.14044,1.14063,1.14041,1.14055,119,8,0
2026-07-02 10:45:00,1.14055,1.14083,1.14055,1.14069,134,8,0
2026-07-02 10:50:00,1.14068,1.14096,1.14062,1.14096,87,8,0
2026-07-02 10:55:00,1.14095,1.14111,1.14066,1.14103,170,8,0
2026-07-02 11:00:00,1.14104,1.14106,1.14078,1.14089,153,8,0
2026-07-02 11:05:00,1.14087,1.14093,1.14066,1.14091,147,8,0
2026-07-02 11:10:00,1.14093,1.14115,1.14093,1.14097,158,8,0
2026-07-02 11:15:00,1.14097,1.14142,1.14097,1.14142,135,8,0
2026-07-02 11:20:00,1.14142,1.14142,1.1412499999999999,1.14133,113,8,0
2026-07-02 11:25:00,1.14131,1.14137,1.14111,1.14129,142,8,0
2026-07-02 11:30:00,1.1413,1.14143,1.14112,1.14117,122,8,0
2026-07-02 11:35:00,1.14117,1.1412200000000001,1.14105,1.1411,99,8,0
2026-07-02 11:40:00,1.1411,1.14112,1.14073,1.14077,136,8,0
2026-07-02 11:45:00,1.14077,1.14082,1.14051,1.14059,152,8,0
2026-07-02 11:50:00,1.14059,1.14062,1.14021,1.14026,154,8,0
2026-07-02 11:55:00,1.14023,1.1403699999999999,1.14002,1.1403699999999999,197,8,0
2026-07-02 12:00:00,1.14035,1.14045,1.1400000000000001,1.14029,218,8,0
2026-07-02 12:05:00,1.14029,1.14038,1.1398,1.13982,220,8,0
2026-07-02 12:10:00,1.13982,1.14009,1.13981,1.13983,199,8,0
2026-07-02 12:15:00,1.13984,1.13997,1.13952,1.13954,220,8,0
2026-07-02 12:20:00,1.13955,1.13991,1.13952,1.1399,231,8,0
2026-07-02 12:25:00,1.13989,1.14009,1.13985,1.13995,312,8,0
2026-07-02 12:30:00,1.13994,1.14508,1.13988,1.14493,1720,8,0
2026-07-02 12:35:00,1.14491,1.14621,1.1448,1.14621,1734,8,0
2026-07-02 12:40:00,1.14618,1.14714,1.14561,1.14709,1633,8,0
2026-07-02 12:45:00,1.14711,1.14723,1.1454900000000001,1.1458599999999999,1296,8,0
2026-07-02 12:50:00,1.14584,1.14626,1.14531,1.14554,958,8,0
2026-07-02 12:55:00,1.14557,1.14567,1.1448,1.1451,686,8,0
2026-07-02 13:00:00,1.14508,1.1455,1.14449,1.14548,845,8,0
2026-07-02 13:05:00,1.14545,1.1455,1.14441,1.14447,676,8,0
2026-07-02 13:10:00,1.14449,1.14526,1.14448,1.14491,655,8,0
2026-07-02 13:15:00,1.14492,1.14497,1.1445400000000001,1.1448800000000001,502,8,0
2026-07-02 13:20:00,1.1448800000000001,1.1448800000000001,1.14415,1.14425,553,8,0
2026-07-02 13:25:00,1.1442700000000001,1.14443,1.14384,1.14409,469,8,0
2026-07-02 13:30:00,1.14406,1.1451500000000001,1.14392,1.14485,691,8,0
2026-07-02 13:35:00,1.1448800000000001,1.14512,1.14423,1.14461,581,8,0
2026-07-02 13:40:00,1.14461,1.14497,1.14424,1.14473,466,8,0
2026-07-02 13:45:00,1.14474,1.14509,1.14459,1.14482,423,8,0
2026-07-02 13:50:00,1.1448,1.14533,1.14473,1.14486,466,8,0
2026-07-02 13:55:00,1.14486,1.1453,1.14479,1.14502,321,8,0
2026-07-02 14:00:00,1.14504,1.14513,1.14433,1.14448,373,8,0
2026-07-02 14:05:00,1.14449,1.14548,1.1443699999999999,1.14524,452,8,0
2026-07-02 14:10:00,1.14522,1.1458,1.14492,1.14564,596,8,0
2026-07-02 14:15:00,1.14562,1.14578,1.1453,1.14543,471,8,0
2026-07-02 14:20:00,1.14543,1.1454900000000001,1.14481,1.14494,391,8,0
2026-07-02 14:25:00,1.14497,1.14504,1.14417,1.14424,419,8,0
2026-07-02 14:30:00,1.14424,1.14452,1.14392,1.14401,456,8,0
2026-07-02 14:35:00,1.14401,1.14423,1.14371,1.14372,422,8,0
2026-07-02 14:40:00,1.14374,1.14384,1.14334,1.14353,368,8,0
2026-07-02 14:45:00,1.14355,1.14407,1.14344,1.14398,344,8,0
2026-07-02 14:50:00,1.14399,1.14428,1.14386,1.1439,329,8,0
2026-07-02 14:55:00,1.14389,1.14441,1.14389,1.14436,422,8,0
2026-07-02 15:00:00,1.14438,1.1447,1.14394,1.14446,460,8,0
2026-07-02 15:05:00,1.14448,1.14472,1.14423,1.14465,392,8,0
2026-07-02 15:10:00,1.14466,1.14473,1.14443,1.14446,277,8,0
2026-07-02 15:15:00,1.14448,1.1445,1.14404,1.14428,337,8,0
2026-07-02 15:20:00,1.1443,1.14475,1.14426,1.14442,280,8,0
2026-07-02 15:25:00,1.14442,1.14458,1.14402,1.14404,249,8,0
2026-07-02 15:30:00,1.14406,1.14484,1.14406,1.14467,293,8,0
2026-07-02 15:35:00,1.14469,1.14493,1.1446399999999999,1.1446399999999999,246,8,0
2026-07-02 15:40:00,1.1446399999999999,1.14469,1.14432,1.14444,271,8,0
2026-07-02 15:45:00,1.14444,1.14455,1.14429,1.14429,211,8,0
2026-07-02 15:50:00,1.14429,1.14446,1.14419,1.14441,194,8,0
2026-07-02 15:55:00,1.14443,1.14474,1.14443,1.1447,242,8,0
2026-07-02 16:00:00,1.14472,1.14479,1.14436,1.14461,263,8,0
2026-07-02 16:05:00,1.14461,1.14463,1.14411,1.1443,250,8,0
2026-07-02 16:10:00,1.1443,1.14446,1.14404,1.14426,265,8,0
2026-07-02 16:15:00,1.14426,1.1443,1.14379,1.14381,182,8,0
2026-07-02 16:20:00,1.14382,1.1439,1.1437,1.14378,217,8,0
2026-07-02 16:25:00,1.1437599999999999,1.14396,1.14355,1.14361,218,8,0
2026-07-02 16:30:00,1.1436,1.1437,1.1435,1.14359,183,8,0
2026-07-02 16:35:00,1.14358,1.14379,1.14349,1.14365,233,8,0
2026-07-02 16:40:00,1.1436600000000001,1.14397,1.14354,1.14391,185,8,0
2026-07-02 16:45:00,1.14391,1.14406,1.14386,1.14396,186,8,0
2026-07-02 16:50:00,1.14396,1.14396,1.14373,1.14378,186,8,0
2026-07-02 16:55:00,1.1438,1.14401,1.14365,1.14375,182,8,0
2026-07-02 17:00:00,1.14373,1.14373,1.14343,1.14347,201,8,0
2026-07-02 17:05:00,1.14347,1.14355,1.14322,1.14335,195,8,0
2026-07-02 17:10:00,1.14334,1.14356,1.14334,1.14345,180,8,0
2026-07-02 17:15:00,1.14343,1.14344,1.1432,1.14336,161,8,0
2026-07-02 17:20:00,1.14335,1.14346,1.14319,1.14326,126,8,0
2026-07-02 17:25:00,1.14326,1.14328,1.14295,1.14308,123,8,0
2026-07-02 17:30:00,1.14309,1.1433,1.14306,1.14309,165,8,0
2026-07-02 17:35:00,1.14307,1.14311,1.14295,1.14296,143,8,0
2026-07-02 17:40:00,1.14296,1.14304,1.14288,1.14289,157,8,0
2026-07-02 17:45:00,1.14289,1.14313,1.14283,1.14294,176,8,0
2026-07-02 17:50:00,1.14294,1.14316,1.14283,1.14309,168,8,0
2026-07-02 17:55:00,1.14308,1.14316,1.14291,1.14304,158,8,0
2026-07-02 18:00:00,1.14303,1.14333,1.14298,1.14329,169,8,0
2026-07-02 18:05:00,1.14329,1.14356,1.14329,1.14355,136,8,0
2026-07-02 18:10:00,1.14355,1.14359,1.14314,1.14316,135,8,0
2026-07-02 18:15:00,1.14316,1.14328,1.14289,1.143,136,8,0
2026-07-02 18:20:00,1.14301,1.14318,1.14296,1.14318,118,8,0
2026-07-02 18:25:00,1.14318,1.14344,1.14316,1.14327,124,8,0
2026-07-02 18:30:00,1.14327,1.1436600000000001,1.14319,1.14356,153,8,0
2026-07-02 18:35:00,1.14357,1.14359,1.14348,1.14353,121,8,0
2026-07-02 18:40:00,1.14353,1.14353,1.14327,1.14327,109,8,0
2026-07-02 18:45:00,1.14325,1.14334,1.1432,1.14334,118,8,0
2026-07-02 18:50:00,1.14334,1.14339,1.14325,1.14329,91,8,0
2026-07-02 18:55:00,1.14329,1.14333,1.1432,1.14325,109,8,0
2026-07-02 19:00:00,1.14325,1.14335,1.143,1.14303,156,8,0
2026-07-02 19:05:00,1.14304,1.14327,1.14304,1.14327,102,8,0
2026-07-02 19:10:00,1.14329,1.1433,1.14312,1.1432,98,8,0
2026-07-02 19:15:00,1.1432,1.14322,1.14303,1.14306,83,8,0
2026-07-02 19:20:00,1.14306,1.14307,1.14291,1.14292,81,8,0
2026-07-02 19:25:00,1.14292,1.14299,1.14286,1.14291,83,8,0
2026-07-02 19:30:00,1.14292,1.14308,1.14286,1.1429,100,8,0
2026-07-02 19:35:00,1.14291,1.14291,1.14274,1.1428,86,8,0
2026-07-02 19:40:00,1.1428,1.1429,1.14279,1.14285,59,8,0
2026-07-02 19:45:00,1.14285,1.14289,1.1426,1.14265,110,8,0
2026-07-02 19:50:00,1.14267,1.14301,1.14267,1.14297,119,8,0
2026-07-02 19:55:00,1.14297,1.14314,1.14295,1.1430500000000001,143,8,0
2026-07-02 20:00:00,1.14303,1.14313,1.14291,1.14313,129,8,0
2026-07-02 20:05:00,1.14314,1.14323,1.1431,1.14323,53,8,0
2026-07-02 20:10:00,1.14323,1.14323,1.1431499999999999,1.14317,24,8,0
2026-07-02 20:15:00,1.14317,1.14334,1.14317,1.14334,45,8,0
2026-07-02 20:20:00,1.14334,1.14346,1.14334,1.14346,39,8,0
2026-07-02 20:25:00,1.14346,1.14352,1.14343,1.14345,40,8,0
2026-07-02 20:30:00,1.14345,1.14345,1.14335,1.14339,39,8,0
2026-07-02 20:35:00,1.14338,1.14339,1.1433,1.1433,43,8,0
2026-07-02 20:40:00,1.1433,1.1433,1.14322,1.14326,26,8,0
2026-07-02 20:45:00,1.14326,1.14348,1.14326,1.14344,44,8,0
2026-07-02 20:50:00,1.14344,1.14353,1.14334,1.14337,49,8,0
2026-07-02 20:55:00,1.14337,1.14338,1.14317,1.14331,70,8,0
2026-07-02 21:00:00,1.1433200000000001,1.1433200000000001,1.14324,1.14326,4,20,0
2026-07-02 21:05:00,1.14308,1.14333,1.14308,1.1432,36,20,0
2026-07-02 21:10:00,1.14321,1.14329,1.14311,1.14311,40,20,0
2026-07-02 21:15:00,1.1431,1.14327,1.1430500000000001,1.14306,65,20,0
2026-07-02 21:20:00,1.14306,1.14317,1.14306,1.1431499999999999,46,48,0
2026-07-02 21:25:00,1.14316,1.14322,1.14314,1.1431499999999999,30,48,0
2026-07-02 21:30:00,1.14314,1.14323,1.14314,1.14322,42,48,0
2026-07-02 21:35:00,1.14321,1.14326,1.1432,1.14325,29,48,0
2026-07-02 21:40:00,1.14325,1.14325,1.1431,1.14314,104,48,0
2026-07-02 21:45:00,1.1431499999999999,1.1431499999999999,1.143,1.14307,63,48,0
2026-07-02 21:50:00,1.14307,1.14308,1.14301,1.14302,38,48,0
2026-07-02 21:55:00,1.14302,1.14334,1.143,1.14334,40,20,0
2026-07-02 22:00:00,1.14335,1.14353,1.14335,1.14351,58,8,0
2026-07-02 22:05:00,1.14351,1.14351,1.14339,1.14339,26,8,0
2026-07-02 22:10:00,1.1434,1.1434199999999999,1.1433200000000001,1.14333,37,8,0
2026-07-02 22:15:00,1.14333,1.14333,1.14324,1.14329,40,8,0
2026-07-02 22:20:00,1.1433,1.14331,1.1432,1.14321,32,8,0
2026-07-02 22:25:00,1.1432,1.1432,1.14308,1.1431,35,8,0
2026-07-02 22:30:00,1.1431,1.14312,1.14301,1.14301,61,8,0
2026-07-02 22:35:00,1.14301,1.14307,1.14297,1.14299,45,8,0
2026-07-02 22:40:00,1.14299,1.14299,1.14277,1.14288,54,8,0
2026-07-02 22:45:00,1.14288,1.14292,1.14276,1.14286,47,8,0
2026-07-02 22:50:00,1.14286,1.14286,1.14275,1.14277,27,8,0
2026-07-02 22:55:00,1.14276,1.14286,1.14275,1.14286,40,8,0
2026-07-02 23:00:00,1.14286,1.14289,1.14279,1.14283,46,8,0
2026-07-02 23:05:00,1.14283,1.14292,1.14282,1.14282,37,8,0
2026-07-02 23:10:00,1.14282,1.14291,1.14276,1.14277,48,8,0
2026-07-02 23:15:00,1.14277,1.14288,1.14277,1.14288,45,8,0
2026-07-02 23:20:00,1.14288,1.14299,1.14285,1.14299,53,8,0
2026-07-02 23:25:00,1.14299,1.14303,1.14298,1.14298,33,8,0
2026-07-02 23:30:00,1.14298,1.14298,1.14272,1.14275,58,8,0
2026-07-02 23:35:00,1.14275,1.14275,1.14236,1.1424400000000001,99,8,0
2026-07-02 23:40:00,1.1424400000000001,1.14261,1.1424400000000001,1.14258,78,8,0
2026-07-02 23:45:00,1.14257,1.14264,1.14246,1.1425,73,8,0
2026-07-02 23:50:00,1.1425,1.14254,1.14226,1.1423,80,8,0
2026-07-02 23:55:00,1.1423,1.14232,1.14217,1.14222,68,8,0
2026-07-03 00:00:00,1.1421999999999999,1.14243,1.14219,1.14227,188,8,0
2026-07-03 00:05:00,1.14226,1.14226,1.14205,1.14212,116,8,0
2026-07-03 00:10:00,1.14212,1.1423,1.14205,1.14219,113,8,0
2026-07-03 00:15:00,1.14219,1.14224,1.14203,1.14224,102,8,0
2026-07-03 00:20:00,1.14225,1.1423,1.14213,1.14225,76,8,0
2026-07-03 00:25:00,1.14225,1.14233,1.14214,1.14218,101,8,0
2026-07-03 00:30:00,1.14218,1.1421999999999999,1.14205,1.14208,104,8,0
2026-07-03 00:35:00,1.14208,1.14219,1.14207,1.14214,94,8,0
2026-07-03 00:40:00,1.14214,1.14219,1.14207,1.14218,81,8,0
2026-07-03 00:45:00,1.14218,1.14243,1.14218,1.14235,94,8,0
2026-07-03 00:50:00,1.14236,1.14274,1.14231,1.14274,149,8,0
2026-07-03 00:55:00,1.1427100000000001,1.14304,1.14254,1.143,166,8,0
2026-07-03 01:00:00,1.14301,1.14334,1.14296,1.14333,210,8,0
2026-07-03 01:05:00,1.1433200000000001,1.14335,1.14298,1.14325,194,8,0
2026-07-03 01:10:00,1.14325,1.1437,1.14323,1.1437,191,8,0
2026-07-03 01:15:00,1.14371,1.14416,1.14364,1.14416,233,8,0
2026-07-03 01:20:00,1.14414,1.14442,1.14409,1.14435,221,8,0
2026-07-03 01:25:00,1.14435,1.14435,1.14388,1.14389,185,8,0
2026-07-03 01:30:00,1.1439,1.14418,1.14378,1.14416,172,8,0
2026-07-03 01:35:00,1.14416,1.14426,1.14379,1.14386,164,8,0
2026-07-03 01:40:00,1.14386,1.14411,1.14385,1.14405,138,8,0
2026-07-03 01:45:00,1.14404,1.14405,1.14369,1.14377,149,8,0
2026-07-03 01:50:00,1.14378,1.1438,1.1436,1.1437599999999999,124,8,0
2026-07-03 01:55:00,1.14375,1.14382,1.14362,1.14368,109,8,0
2026-07-03 02:00:00,1.14368,1.14373,1.14354,1.14362,129,8,0
2026-07-03 02:05:00,1.14363,1.14411,1.14361,1.1441,131,8,0
2026-07-03 02:10:00,1.1441,1.1442,1.14397,1.1440299999999999,125,8,0
2026-07-03 02:15:00,1.1440299999999999,1.1443,1.1440299999999999,1.14415,89,8,0
2026-07-03 02:20:00,1.14415,1.1443,1.14408,1.14426,85,8,0
2026-07-03 02:25:00,1.14426,1.1444,1.14414,1.14436,93,8,0
2026-07-03 02:30:00,1.14436,1.14444,1.14411,1.14411,113,8,0
2026-07-03 02:35:00,1.14411,1.14435,1.14409,1.14433,88,8,0
2026-07-03 02:40:00,1.14432,1.14439,1.14414,1.14429,99,8,0
2026-07-03 02:45:00,1.14429,1.14435,1.1441,1.14416,94,8,0
2026-07-03 02:50:00,1.14416,1.14433,1.14415,1.14423,74,8,0
2026-07-03 02:55:00,1.14423,1.14429,1.14382,1.14394,144,8,0
2026-07-03 03:00:00,1.14392,1.14401,1.14386,1.14388,96,8,0
2026-07-03 03:05:00,1.14388,1.14389,1.14372,1.14375,80,8,0
2026-07-03 03:10:00,1.14375,1.14397,1.14375,1.14397,69,8,0
2026-07-03 03:15:00,1.14397,1.14398,1.14383,1.14386,70,8,0
2026-07-03 03:20:00,1.14386,1.14394,1.14375,1.1437599999999999,56,8,0
2026-07-03 03:25:00,1.14377,1.14389,1.14364,1.14388,87,8,0
2026-07-03 03:30:00,1.14388,1.14391,1.14371,1.14386,92,8,0
2026-07-03 03:35:00,1.14386,1.14405,1.14386,1.14392,82,8,0
2026-07-03 03:40:00,1.14392,1.14408,1.1439,1.14394,80,8,0
2026-07-03 03:45:00,1.14394,1.14402,1.14389,1.14398,86,8,0
2026-07-03 03:50:00,1.14398,1.14408,1.14392,1.14397,81,8,0
2026-07-03 03:55:00,1.14397,1.14411,1.14397,1.14407,75,8,0
2026-07-03 04:00:00,1.14408,1.14408,1.14387,1.14391,82,8,0
2026-07-03 04:05:00,1.14391,1.14406,1.14388,1.14401,45,8,0
2026-07-03 04:10:00,1.1440299999999999,1.14424,1.14396,1.14421,53,8,0
2026-07-03 04:15:00,1.14421,1.14429,1.14419,1.14425,54,8,0
2026-07-03 04:20:00,1.14425,1.14426,1.14413,1.14414,50,8,0
2026-07-03 04:25:00,1.14413,1.1442700000000001,1.14413,1.14419,50,8,0
2026-07-03 04:30:00,1.14419,1.14423,1.14414,1.14421,61,8,0
2026-07-03 04:35:00,1.14421,1.14436,1.14421,1.14436,58,8,0
2026-07-03 04:40:00,1.14436,1.14451,1.14434,1.14445,77,8,0
2026-07-03 04:45:00,1.14445,1.14453,1.1444,1.14444,63,8,0
2026-07-03 04:50:00,1.14443,1.14452,1.14438,1.14441,67,8,0
2026-07-03 04:55:00,1.14439,1.14458,1.14434,1.14456,62,8,0
2026-07-03 05:00:00,1.14456,1.14497,1.14451,1.14486,143,8,0
2026-07-03 05:05:00,1.14486,1.14531,1.14483,1.14509,147,8,0
2026-07-03 05:10:00,1.14509,1.14521,1.14489,1.1452,137,8,0
2026-07-03 05:15:00,1.1452,1.14546,1.14519,1.14526,110,8,0
2026-07-03 05:20:00,1.14526,1.14526,1.145,1.14511,89,8,0
2026-07-03 05:25:00,1.1451,1.14518,1.14507,1.14514,63,8,0
2026-07-03 05:30:00,1.14513,1.14527,1.14513,1.14524,71,8,0
2026-07-03 05:35:00,1.14524,1.14532,1.14504,1.14505,86,8,0
2026-07-03 05:40:00,1.14505,1.1452,1.14496,1.1452,108,8,0
2026-07-03 05:45:00,1.1452,1.14522,1.14512,1.14519,82,8,0
2026-07-03 05:50:00,1.14519,1.14536,1.14509,1.14531,107,8,0
2026-07-03 05:55:00,1.14529,1.14529,1.14463,1.14484,219,8,0
2026-07-03 06:00:00,1.14484,1.14504,1.14478,1.14492,196,8,0
2026-07-03 06:05:00,1.14492,1.14527,1.14492,1.1452,206,8,0
2026-07-03 06:10:00,1.14521,1.14537,1.145,1.14536,148,8,0
2026-07-03 06:15:00,1.14537,1.14578,1.14534,1.1457600000000001,157,8,0
2026-07-03 06:20:00,1.1457600000000001,1.14578,1.14508,1.14509,183,8,0
2026-07-03 06:25:00,1.14509,1.14548,1.14509,1.14524,181,8,0
2026-07-03 06:30:00,1.14523,1.14613,1.14521,1.14599,355,8,0
2026-07-03 06:35:00,1.14598,1.14619,1.14584,1.14605,282,8,0
2026-07-03 06:40:00,1.14602,1.14608,1.1457600000000001,1.14593,222,8,0
2026-07-03 06:45:00,1.14593,1.14603,1.14585,1.14589,165,8,0
2026-07-03 06:50:00,1.14588,1.14589,1.14555,1.1455899999999999,131,8,0
2026-07-03 06:55:00,1.1455899999999999,1.1456,1.14514,1.14537,159,8,0
2026-07-03 07:00:00,1.14537,1.14544,1.14518,1.14528,205,8,0
2026-07-03 07:05:00,1.14528,1.14535,1.14519,1.14533,134,8,0
2026-07-03 07:10:00,1.14532,1.14545,1.14523,1.14538,142,8,0
2026-07-03 07:15:00,1.14536,1.14536,1.1451500000000001,1.14518,145,8,0
2026-07-03 07:20:00,1.14517,1.14542,1.14506,1.14541,119,8,0
2026-07-03 07:25:00,1.14539,1.14566,1.14533,1.14551,222,8,0
2026-07-03 07:30:00,1.14551,1.14565,1.14492,1.14492,182,8,0
2026-07-03 07:35:00,1.14491,1.14514,1.14479,1.14496,161,8,0
2026-07-03 07:40:00,1.14496,1.14517,1.1447,1.14511,172,8,0
2026-07-03 07:45:00,1.14511,1.14532,1.14502,1.14532,142,8,0
2026-07-03 07:50:00,1.14533,1.1455,1.1452,1.14541,215,8,0
2026-07-03 07:55:00,1.1454,1.1457600000000001,1.14534,1.14541,204,8,0
2026-07-03 08:00:00,1.14544,1.14558,1.145,1.1451500000000001,212,8,0
2026-07-03 08:05:00,1.14516,1.1454900000000001,1.14513,1.14536,174,8,0
2026-07-03 08:10:00,1.14537,1.14544,1.14508,1.14533,171,8,0
2026-07-03 08:15:00,1.14532,1.14539,1.14522,1.14528,119,8,0
2026-07-03 08:20:00,1.14526,1.14533,1.14505,1.14508,138,8,0
2026-07-03 08:25:00,1.14508,1.14546,1.14507,1.14533,157,8,0
2026-07-03 08:30:00,1.14533,1.1455899999999999,1.14514,1.14551,156,8,0
2026-07-03 08:35:00,1.14551,1.14574,1.14531,1.14534,153,8,0
2026-07-03 08:40:00,1.14533,1.14543,1.14528,1.14541,114,8,0
2026-07-03 08:45:00,1.14542,1.14544,1.14527,1.14529,111,8,0
2026-07-03 08:50:00,1.14528,1.14533,1.14505,1.14516,150,8,0
2026-07-03 08:55:00,1.14517,1.1454,1.14517,1.14524,124,8,0
2026-07-03 09:00:00,1.14524,1.14524,1.14505,1.14505,125,8,0
2026-07-03 09:05:00,1.14505,1.1452,1.14484,1.14484,160,8,0
2026-07-03 09:10:00,1.14484,1.14499,1.14477,1.14499,126,8,0
2026-07-03 09:15:00,1.1449799999999999,1.14504,1.14487,1.14495,139,8,0
2026-07-03 09:20:00,1.14495,1.14514,1.14489,1.14493,136,8,0
2026-07-03 09:25:00,1.14492,1.14495,1.14471,1.14473,132,8,0
2026-07-03 09:30:00,1.14475,1.14489,1.14469,1.14479,109,8,0
2026-07-03 09:35:00,1.14479,1.1448800000000001,1.1447,1.14482,125,8,0
2026-07-03 09:40:00,1.14482,1.1448800000000001,1.1446399999999999,1.14466,107,8,0
2026-07-03 09:45:00,1.14466,1.14466,1.14445,1.14455,126,8,0
2026-07-03 09:50:00,1.14455,1.14455,1.14432,1.14438,119,8,0
2026-07-03 09:55:00,1.14438,1.14438,1.14401,1.14406,131,8,0
2026-07-03 10:00:00,1.14405,1.14425,1.14402,1.14418,138,8,0
2026-07-03 10:05:00,1.14419,1.14461,1.14417,1.14453,106,8,0
2026-07-03 10:10:00,1.14453,1.1447,1.14453,1.14458,113,8,0
2026-07-03 10:15:00,1.14458,1.1446,1.14441,1.14449,124,8,0
2026-07-03 10:20:00,1.14449,1.1447,1.14448,1.1445,104,8,0
2026-07-03 10:25:00,1.14449,1.1445,1.14435,1.14442,78,8,0
2026-07-03 10:30:00,1.14441,1.14461,1.14434,1.1446,96,8,0
2026-07-03 10:35:00,1.1446,1.14466,1.14452,1.14465,91,8,0
2026-07-03 10:40:00,1.14465,1.14485,1.14451,1.1447,111,8,0
2026-07-03 10:45:00,1.1447,1.14476,1.14467,1.14476,44,8,0
2026-07-03 10:50:00,1.14476,1.14493,1.14475,1.14492,77,8,0
2026-07-03 10:55:00,1.14492,1.14496,1.14462,1.14462,104,8,0
2026-07-03 11:00:00,1.14461,1.1448,1.14457,1.14473,128,8,0
2026-07-03 11:05:00,1.14473,1.14505,1.14471,1.14505,119,8,0
2026-07-03 11:10:00,1.14504,1.14546,1.14502,1.14541,130,8,0
2026-07-03 11:15:00,1.14539,1.1455899999999999,1.14534,1.14539,127,8,0
2026-07-03 11:20:00,1.14539,1.14568,1.14531,1.14564,137,8,0
2026-07-03 11:25:00,1.14564,1.14564,1.14526,1.14543,160,8,0
2026-07-03 11:30:00,1.14543,1.14551,1.1452,1.14528,126,8,0
2026-07-03 11:35:00,1.14528,1.1453,1.14494,1.14505,108,8,0
2026-07-03 11:40:00,1.14505,1.14517,1.14491,1.14495,96,8,0
2026-07-03 11:45:00,1.14494,1.14505,1.14475,1.14476,110,8,0
2026-07-03 11:50:00,1.14476,1.14493,1.14472,1.14489,136,8,0
2026-07-03 11:55:00,1.14486,1.14502,1.1446399999999999,1.14502,229,8,0
2026-07-03 12:00:00,1.14504,1.14513,1.14483,1.14493,155,8,0
2026-07-03 12:05:00,1.14493,1.1452499999999999,1.14473,1.14473,169,8,0
2026-07-03 12:10:00,1.14473,1.1451,1.14462,1.14501,133,8,0
2026-07-03 12:15:00,1.14501,1.14504,1.14473,1.14473,117,8,0
2026-07-03 12:20:00,1.14475,1.14484,1.14458,1.14472,143,8,0
2026-07-03 12:25:00,1.14472,1.14481,1.14463,1.14472,114,8,0
2026-07-03 12:30:00,1.14471,1.14479,1.14459,1.14473,88,8,0
2026-07-03 12:35:00,1.14474,1.14502,1.14468,1.14502,86,8,0
2026-07-03 12:40:00,1.145,1.14506,1.14471,1.14472,132,8,0
2026-07-03 12:45:00,1.1447,1.14487,1.14465,1.14474,137,8,0
2026-07-03 12:50:00,1.14474,1.1449,1.14467,1.14485,126,8,0
2026-07-03 12:55:00,1.14483,1.14486,1.14462,1.14468,121,8,0
2026-07-03 13:00:00,1.14467,1.14478,1.14451,1.1446399999999999,176,8,0
2026-07-03 13:05:00,1.1446399999999999,1.14465,1.14423,1.14436,146,8,0
2026-07-03 13:10:00,1.14436,1.14447,1.14414,1.14441,164,8,0
2026-07-03 13:15:00,1.14441,1.14441,1.14409,1.14421,120,8,0
2026-07-03 13:20:00,1.14419,1.14442,1.14419,1.14431,114,8,0
2026-07-03 13:25:00,1.14432,1.14442,1.14425,1.14435,115,8,0
2026-07-03 13:30:00,1.14434,1.14434,1.14408,1.14417,133,8,0
2026-07-03 13:35:00,1.14417,1.14425,1.14398,1.14402,118,8,0
2026-07-03 13:40:00,1.14402,1.14417,1.14399,1.14414,98,8,0
2026-07-03 13:45:00,1.14414,1.14423,1.1440299999999999,1.14409,131,8,0
2026-07-03 13:50:00,1.1441,1.14417,1.14377,1.14381,116,8,0
2026-07-03 13:55:00,1.14379,1.14411,1.14379,1.14404,161,8,0
2026-07-03 14:00:00,1.144,1.14411,1.14383,1.14405,156,8,0
2026-07-03 14:05:00,1.14405,1.1442,1.14392,1.1442,131,8,0
2026-07-03 14:10:00,1.14417,1.14424,1.14407,1.14412,117,8,0
2026-07-03 14:15:00,1.14412,1.14436,1.14409,1.14431,127,8,0
2026-07-03 14:20:00,1.14431,1.14445,1.14417,1.14428,141,8,0
2026-07-03 14:25:00,1.14429,1.14475,1.14428,1.14465,140,8,0
2026-07-03 14:30:00,1.1446399999999999,1.14476,1.14446,1.14467,140,8,0
2026-07-03 14:35:00,1.14466,1.14467,1.14431,1.14438,102,8,0
2026-07-03 14:40:00,1.14438,1.14452,1.14429,1.14435,122,8,0
2026-07-03 14:45:00,1.14434,1.14447,1.14433,1.14435,89,8,0
2026-07-03 14:50:00,1.14435,1.14442,1.1442,1.14431,134,8,0
2026-07-03 14:55:00,1.14431,1.14436,1.14407,1.14411,174,8,0
2026-07-03 15:00:00,1.14411,1.14435,1.1441,1.14413,182,8,0
2026-07-03 15:05:00,1.14412,1.14433,1.14404,1.14431,113,8,0
2026-07-03 15:10:00,1.14431,1.14442,1.14411,1.14415,133,8,0
2026-07-03 15:15:00,1.14415,1.1443699999999999,1.1440299999999999,1.14424,119,8,0
2026-07-03 15:20:00,1.14423,1.14424,1.14388,1.14391,103,8,0
2026-07-03 15:25:00,1.14391,1.14404,1.14382,1.14397,121,8,0
2026-07-03 15:30:00,1.14399,1.14414,1.1439,1.14405,122,8,0
2026-07-03 15:35:00,1.14405,1.14413,1.14397,1.14397,74,8,0
2026-07-03 15:40:00,1.14397,1.14402,1.14382,1.14383,77,8,0
2026-07-03 15:45:00,1.14383,1.14395,1.14379,1.14392,56,8,0
2026-07-03 15:50:00,1.14392,1.14395,1.14373,1.1438,73,8,0
2026-07-03 15:55:00,1.14379,1.14379,1.14345,1.14369,190,8,0
2026-07-03 16:00:00,1.14368,1.14378,1.14359,1.1437,114,8,0
2026-07-03 16:05:00,1.1437,1.14386,1.14363,1.14383,67,8,0
2026-07-03 16:10:00,1.14383,1.14392,1.14377,1.1438,72,8,0
2026-07-03 16:15:00,1.1438,1.14386,1.14375,1.14385,50,8,0
2026-07-03 16:20:00,1.14384,1.1439,1.1437599999999999,1.1437599999999999,56,8,0
2026-07-03 16:25:00,1.1437599999999999,1.14382,1.14365,1.14367,67,8,0
2026-07-03 16:30:00,1.14367,1.14375,1.14363,1.14369,55,8,0
2026-07-03 16:35:00,1.14369,1.1437,1.14355,1.14357,42,8,0
2026-07-03 16:40:00,1.14358,1.14362,1.14351,1.14353,41,8,0
2026-07-03 16:45:00,1.14353,1.14358,1.14351,1.14357,29,8,0
2026-07-03 16:50:00,1.14357,1.1436600000000001,1.14357,1.1436,44,8,0
2026-07-03 16:55:00,1.14361,1.14373,1.14355,1.14373,50,8,0
2026-07-03 17:00:00,1.14375,1.14388,1.14373,1.14385,64,8,0
2026-07-03 17:05:00,1.14385,1.14419,1.14385,1.1440299999999999,141,8,0
2026-07-03 17:10:00,1.1440299999999999,1.14404,1.14392,1.14397,74,8,0
2026-07-03 17:15:00,1.14397,1.14405,1.14395,1.144,51,8,0
2026-07-03 17:20:00,1.14401,1.14412,1.14397,1.14397,54,8,0
2026-07-03 17:25:00,1.14397,1.14402,1.14396,1.14396,51,8,0
2026-07-03 17:30:00,1.14397,1.14397,1.1439,1.14396,36,8,0
2026-07-03 17:35:00,1.14396,1.14398,1.14389,1.14396,61,8,0
2026-07-03 17:40:00,1.14396,1.14412,1.14395,1.144,93,8,0
2026-07-03 17:45:00,1.144,1.14406,1.14398,1.14399,70,8,0
2026-07-03 17:50:00,1.14399,1.14406,1.1439,1.14396,75,8,0
2026-07-03 17:55:00,1.14398,1.14406,1.14397,1.14401,73,8,0
2026-07-03 18:00:00,1.14402,1.14409,1.144,1.14402,105,8,0
2026-07-03 18:05:00,1.14402,1.14406,1.14392,1.14394,94,8,0
2026-07-03 18:10:00,1.1439300000000001,1.14396,1.1437599999999999,1.14384,99,8,0
2026-07-03 18:15:00,1.14385,1.144,1.14385,1.14392,84,8,0
2026-07-03 18:20:00,1.14391,1.14395,1.14386,1.14394,37,8,0
2026-07-03 18:25:00,1.14394,1.14396,1.14389,1.1439,39,8,0
2026-07-03 18:30:00,1.1439,1.1439300000000001,1.14388,1.14392,53,8,0
2026-07-03 18:35:00,1.14392,1.14398,1.14391,1.14395,44,8,0
2026-07-03 18:40:00,1.14395,1.14395,1.1439,1.1439300000000001,44,8,0
2026-07-03 18:45:00,1.1439300000000001,1.14404,1.1439300000000001,1.14396,47,8,0
2026-07-03 18:50:00,1.14396,1.14396,1.14379,1.14384,70,8,0
2026-07-03 18:55:00,1.14384,1.1440299999999999,1.1438,1.14386,97,8,0
2026-07-03 19:00:00,1.14384,1.144,1.14377,1.14396,98,8,0
2026-07-03 19:05:00,1.14396,1.14401,1.1439,1.1439300000000001,42,8,0
2026-07-03 19:10:00,1.1439300000000001,1.1439300000000001,1.14387,1.1439,52,8,0
2026-07-03 19:15:00,1.1439,1.1439,1.14379,1.14383,48,8,0
2026-07-03 19:20:00,1.14383,1.14386,1.14381,1.14383,40,8,0
2026-07-03 19:25:00,1.14383,1.14384,1.14382,1.14382,24,8,0
2026-07-03 19:30:00,1.14382,1.14382,1.14375,1.14381,32,8,0
2026-07-03 19:35:00,1.14381,1.14381,1.14368,1.14372,39,8,0
2026-07-03 19:40:00,1.14372,1.1437599999999999,1.14371,1.1437599999999999,35,8,0
2026-07-03 19:45:00,1.1437599999999999,1.14379,1.14372,1.1437599999999999,45,8,0
2026-07-03 19:50:00,1.1437599999999999,1.14377,1.14365,1.14367,41,8,0
2026-07-03 19:55:00,1.14369,1.14381,1.14352,1.14361,96,8,0
2026-07-03 20:00:00,1.14361,1.14361,1.14343,1.14356,90,8,0
2026-07-03 20:05:00,1.14356,1.14369,1.14354,1.14361,51,8,0
2026-07-03 20:10:00,1.14361,1.14374,1.14356,1.14358,53,8,0
2026-07-03 20:15:00,1.14358,1.14359,1.1435,1.14353,55,8,0
2026-07-03 20:20:00,1.14354,1.14363,1.14348,1.14358,96,8,0
2026-07-03 20:25:00,1.14356,1.14364,1.14348,1.14357,74,8,0
2026-07-03 20:30:00,1.14357,1.1436,1.14352,1.14358,29,8,0
2026-07-03 20:35:00,1.14358,1.1436,1.14354,1.14356,25,8,0
2026-07-03 20:40:00,1.14356,1.14365,1.14356,1.14363,41,8,0
2026-07-03 20:45:00,1.14363,1.14365,1.14333,1.14354,232,8,0
2026-07-03 20:50:00,1.14353,1.14359,1.14334,1.14357,215,8,0
2026-07-03 20:55:00,1.14358,1.14368,1.14354,1.14356,100,8,0
2026-07-05 21:05:00,1.14347,1.14365,1.14338,1.14356,31,48,0
2026-07-05 21:10:00,1.14356,1.1436,1.14352,1.14352,17,48,0
2026-07-05 21:15:00,1.14353,1.14357,1.14336,1.14347,41,48,0
2026-07-05 21:20:00,1.14348,1.14359,1.14345,1.14357,22,48,0
2026-07-05 21:25:00,1.14357,1.14357,1.14352,1.14353,11,48,0
2026-07-05 21:30:00,1.14356,1.1436,1.14356,1.14359,104,48,0
2026-07-05 21:35:00,1.14358,1.14361,1.14351,1.14353,46,48,0
2026-07-05 21:40:00,1.14354,1.14357,1.1433200000000001,1.14333,30,48,0
2026-07-05 21:45:00,1.14333,1.14344,1.1433200000000001,1.14344,24,48,0
2026-07-05 21:50:00,1.14344,1.14347,1.14343,1.14347,10,48,0
2026-07-05 21:55:00,1.14349,1.14373,1.14348,1.14373,25,20,0
2026-07-05 22:00:00,1.14378,1.14381,1.14353,1.14363,129,8,0
2026-07-05 22:05:00,1.14363,1.14363,1.14346,1.14353,66,8,0
2026-07-05 22:10:00,1.14353,1.14363,1.14353,1.14358,30,8,0
2026-07-05 22:15:00,1.14358,1.14358,1.14351,1.14352,33,8,0
2026-07-05 22:20:00,1.14352,1.14365,1.14349,1.14364,38,8,0
2026-07-05 22:25:00,1.14364,1.14365,1.1436,1.1436,40,8,0
2026-07-05 22:30:00,1.1436,1.14365,1.14357,1.14365,25,8,0
2026-07-05 22:35:00,1.14365,1.14373,1.14364,1.14369,19,8,0
2026-07-05 22:40:00,1.14369,1.14375,1.1436600000000001,1.14374,29,8,0
2026-07-05 22:45:00,1.14374,1.14374,1.1437,1.14373,24,8,0
2026-07-05 22:50:00,1.14373,1.1437599999999999,1.14362,1.14363,32,8,0
2026-07-05 22:55:00,1.14363,1.14364,1.14354,1.14364,38,8,0
2026-07-05 23:00:00,1.14364,1.1437,1.1434,1.14341,53,8,0
2026-07-05 23:05:00,1.14341,1.14345,1.14331,1.1433200000000001,50,8,0
2026-07-05 23:10:00,1.14331,1.14345,1.14331,1.14338,47,8,0
2026-07-05 23:15:00,1.14338,1.1434,1.14326,1.1433200000000001,41,8,0
2026-07-05 23:20:00,1.1433200000000001,1.14346,1.1433200000000001,1.14341,42,8,0
2026-07-05 23:25:00,1.14341,1.14365,1.14338,1.14357,62,8,0
2026-07-05 23:30:00,1.14357,1.1437,1.14355,1.14361,66,8,0
2026-07-05 23:35:00,1.14361,1.1437,1.14359,1.1437,43,8,0
2026-07-05 23:40:00,1.14369,1.14375,1.14367,1.14371,47,8,0
2026-07-05 23:45:00,1.14371,1.14379,1.14357,1.14362,105,8,0
2026-07-05 23:50:00,1.14362,1.14362,1.14347,1.14355,60,8,0
2026-07-05 23:55:00,1.14355,1.14375,1.14353,1.14365,93,8,0
2026-07-06 00:00:00,1.14364,1.14372,1.14349,1.14349,227,8,0
2026-07-06 00:05:00,1.14349,1.14358,1.14323,1.14328,120,8,0
2026-07-06 00:10:00,1.14327,1.14363,1.14325,1.14358,114,8,0
2026-07-06 00:15:00,1.14359,1.14407,1.14359,1.14383,180,8,0
2026-07-06 00:20:00,1.14383,1.1439,1.14374,1.14379,104,8,0
2026-07-06 00:25:00,1.14379,1.14384,1.14362,1.14384,119,8,0
2026-07-06 00:30:00,1.14384,1.1440299999999999,1.14381,1.14385,167,8,0
2026-07-06 00:35:00,1.14385,1.14402,1.14373,1.1439300000000001,113,8,0
2026-07-06 00:40:00,1.14394,1.14405,1.1439,1.14394,110,8,0
2026-07-06 00:45:00,1.14394,1.144,1.14372,1.14381,110,8,0
2026-07-06 00:50:00,1.1438,1.14388,1.1437,1.14382,136,8,0
2026-07-06 00:55:00,1.14384,1.144,1.14375,1.1438,163,8,0
2026-07-06 01:00:00,1.14382,1.14382,1.14364,1.14364,140,8,0
2026-07-06 01:05:00,1.14364,1.14369,1.1435,1.14364,129,8,0
2026-07-06 01:10:00,1.14364,1.14385,1.14352,1.14365,135,8,0
2026-07-06 01:15:00,1.14363,1.14364,1.14338,1.14344,115,8,0
2026-07-06 01:20:00,1.14344,1.14346,1.14312,1.14325,143,8,0
2026-07-06 01:25:00,1.14325,1.14328,1.14303,1.14311,123,8,0
2026-07-06 01:30:00,1.14312,1.14329,1.14303,1.14317,151,8,0
2026-07-06 01:35:00,1.14316,1.14345,1.14314,1.14344,121,8,0
2026-07-06 01:40:00,1.14344,1.14345,1.14329,1.14337,89,8,0
2026-07-06 01:45:00,1.14336,1.14336,1.14314,1.1431499999999999,110,8,0
2026-07-06 01:50:00,1.1431499999999999,1.14317,1.14298,1.14304,99,8,0
2026-07-06 01:55:00,1.14306,1.14309,1.1428099999999999,1.14285,123,8,0
2026-07-06 02:00:00,1.14283,1.14299,1.1428099999999999,1.14292,121,8,0
2026-07-06 02:05:00,1.14292,1.14292,1.14272,1.14288,111,8,0
2026-07-06 02:10:00,1.14287,1.14298,1.14283,1.14297,91,8,0
2026-07-06 02:15:00,1.14295,1.143,1.14284,1.143,96,8,0
2026-07-06 02:20:00,1.14299,1.1430500000000001,1.14286,1.14286,90,8,0
2026-07-06 02:25:00,1.14286,1.14297,1.14286,1.14288,82,8,0
2026-07-06 02:30:00,1.1429,1.143,1.14286,1.14295,78,8,0
2026-07-06 02:35:00,1.14296,1.14304,1.14287,1.14293,73,8,0
2026-07-06 02:40:00,1.14293,1.14299,1.14284,1.14294,83,8,0
2026-07-06 02:45:00,1.14294,1.14312,1.14294,1.14308,74,8,0
2026-07-06 02:50:00,1.14308,1.1433,1.14303,1.14326,81,8,0
2026-07-06 02:55:00,1.14327,1.14349,1.14323,1.14333,91,8,0
2026-07-06 03:00:00,1.14333,1.14355,1.14333,1.14343,90,8,0
2026-07-06 03:05:00,1.14343,1.14343,1.14333,1.14335,59,8,0
2026-07-06 03:10:00,1.14334,1.14338,1.14325,1.14325,72,8,0
2026-07-06 03:15:00,1.14323,1.1433,1.14314,1.14322,89,8,0
2026-07-06 03:20:00,1.14322,1.14325,1.14297,1.14299,104,8,0
2026-07-06 03:25:00,1.14298,1.14306,1.14288,1.14289,88,8,0
2026-07-06 03:30:00,1.14287,1.14288,1.14276,1.14284,94,8,0
2026-07-06 03:35:00,1.14284,1.14297,1.14283,1.14296,76,8,0
2026-07-06 03:40:00,1.14296,1.14309,1.14292,1.14309,83,8,0
2026-07-06 03:45:00,1.14309,1.14318,1.143,1.14301,78,8,0
2026-07-06 03:50:00,1.14302,1.14306,1.14292,1.14296,52,8,0
2026-07-06 03:55:00,1.14296,1.14319,1.14296,1.1431499999999999,81,8,0
2026-07-06 04:00:00,1.14313,1.14323,1.14312,1.1432,68,8,0
2026-07-06 04:05:00,1.1432,1.14324,1.14314,1.14318,60,8,0
2026-07-06 04:10:00,1.14318,1.14338,1.14318,1.14329,80,8,0
2026-07-06 04:15:00,1.14329,1.14337,1.14321,1.14322,64,8,0
2026-07-06 04:20:00,1.14322,1.14324,1.14316,1.14322,43,8,0
2026-07-06 04:25:00,1.14321,1.14325,1.14316,1.14317,49,8,0
2026-07-06 04:30:00,1.14317,1.1433,1.14317,1.14322,57,8,0
2026-07-06 04:35:00,1.14321,1.14321,1.14312,1.14318,41,8,0
2026-07-06 04:40:00,1.14317,1.14333,1.14316,1.14333,72,8,0
2026-07-06 04:45:00,1.14333,1.14333,1.14318,1.14328,68,8,0
2026-07-06 04:50:00,1.14328,1.1433200000000001,1.1431499999999999,1.14325,64,8,0
2026-07-06 04:55:00,1.14325,1.1433200000000001,1.14321,1.14324,72,8,0
2026-07-06 05:00:00,1.14324,1.14329,1.14295,1.14298,91,8,0
2026-07-06 05:05:00,1.14297,1.143,1.14284,1.14286,77,8,0
2026-07-06 05:10:00,1.14286,1.14307,1.14284,1.14296,94,8,0
2026-07-06 05:15:00,1.14296,1.14297,1.14278,1.14282,79,8,0
2026-07-06 05:20:00,1.14282,1.14289,1.14277,1.14278,75,8,0
2026-07-06 05:25:00,1.14278,1.14288,1.14272,1.14285,70,8,0
2026-07-06 05:30:00,1.14285,1.1432,1.14276,1.14313,102,8,0
2026-07-06 05:35:00,1.14313,1.14321,1.1430500000000001,1.14307,96,8,0
2026-07-06 05:40:00,1.14307,1.14312,1.1429,1.14292,98,8,0
2026-07-06 05:45:00,1.14293,1.14312,1.14285,1.14298,89,8,0
2026-07-06 05:50:00,1.14299,1.14302,1.14289,1.14297,96,8,0
2026-07-06 05:55:00,1.14297,1.14301,1.14227,1.14236,194,8,0
2026-07-06 06:00:00,1.14235,1.14282,1.14235,1.14272,168,8,0
2026-07-06 06:05:00,1.14273,1.14287,1.14239,1.14277,211,8,0
2026-07-06 06:10:00,1.14278,1.14278,1.14245,1.14253,142,8,0
2026-07-06 06:15:00,1.14251,1.14252,1.14211,1.14224,168,8,0
2026-07-06 06:20:00,1.14224,1.14254,1.14214,1.14246,155,8,0
2026-07-06 06:25:00,1.14246,1.14248,1.14213,1.14238,121,8,0
2026-07-06 06:30:00,1.14235,1.14251,1.14214,1.14233,194,8,0
2026-07-06 06:35:00,1.14235,1.14241,1.14195,1.14233,153,8,0
2026-07-06 06:40:00,1.14234,1.14245,1.14227,1.14231,138,8,0
2026-07-06 06:45:00,1.14232,1.14249,1.14225,1.14229,149,8,0
2026-07-06 06:50:00,1.14229,1.14236,1.14212,1.14219,124,8,0
2026-07-06 06:55:00,1.14221,1.14236,1.14196,1.14226,181,8,0
2026-07-06 07:00:00,1.14227,1.14228,1.14163,1.14196,268,8,0
2026-07-06 07:05:00,1.14197,1.14202,1.14178,1.14181,193,8,0
2026-07-06 07:10:00,1.14181,1.1425,1.14173,1.1425,188,8,0
2026-07-06 07:15:00,1.14248,1.1428,1.14245,1.14256,232,8,0
2026-07-06 07:20:00,1.14258,1.14261,1.1423,1.1424,218,8,0
2026-07-06 07:25:00,1.14238,1.14239,1.14202,1.14222,211,8,0
2026-07-06 07:30:00,1.14221,1.14253,1.14216,1.14222,209,8,0
2026-07-06 07:35:00,1.14221,1.14248,1.14212,1.14248,174,8,0
2026-07-06 07:40:00,1.14248,1.14269,1.14243,1.14248,197,8,0
2026-07-06 07:45:00,1.14249,1.14264,1.14246,1.1425,138,8,0
2026-07-06 07:50:00,1.14249,1.14256,1.1421999999999999,1.14239,140,8,0
2026-07-06 07:55:00,1.14239,1.14273,1.14238,1.14262,157,8,0
2026-07-06 08:00:00,1.14262,1.14269,1.1421000000000001,1.14235,196,8,0
2026-07-06 08:05:00,1.14235,1.14241,1.14209,1.14209,159,8,0
2026-07-06 08:10:00,1.14208,1.14212,1.14154,1.1419,214,8,0
2026-07-06 08:15:00,1.1419,1.14208,1.14166,1.14174,168,8,0
2026-07-06 08:20:00,1.14174,1.14194,1.14169,1.1417,155,8,0
2026-07-06 08:25:00,1.1417,1.14188,1.14165,1.14185,129,8,0
2026-07-06 08:30:00,1.14185,1.14207,1.14171,1.14178,160,8,0
2026-07-06 08:35:00,1.1418,1.14195,1.14174,1.14182,99,8,0
2026-07-06 08:40:00,1.14181,1.14192,1.14157,1.14161,134,8,0
2026-07-06 08:45:00,1.14161,1.14172,1.1414900000000001,1.14153,134,8,0
2026-07-06 08:50:00,1.14152,1.14189,1.1415,1.14177,189,8,0
2026-07-06 08:55:00,1.14177,1.14205,1.14171,1.14202,139,8,0
2026-07-06 09:00:00,1.142,1.1421000000000001,1.14178,1.14194,177,8,0
2026-07-06 09:05:00,1.14194,1.14212,1.14192,1.14199,129,8,0
2026-07-06 09:10:00,1.14199,1.14199,1.14171,1.14184,155,8,0
2026-07-06 09:15:00,1.1418300000000001,1.14191,1.14171,1.14172,115,8,0
2026-07-06 09:20:00,1.14172,1.14195,1.14163,1.14195,131,8,0
2026-07-06 09:25:00,1.14195,1.14195,1.14168,1.14181,126,8,0
2026-07-06 09:30:00,1.14179,1.14193,1.14176,1.14189,126,8,0
2026-07-06 09:35:00,1.14189,1.14199,1.14179,1.14182,101,8,0
2026-07-06 09:40:00,1.14181,1.1419,1.14169,1.14172,104,8,0
2026-07-06 09:45:00,1.14172,1.14172,1.14146,1.1414900000000001,122,8,0
2026-07-06 09:50:00,1.1415,1.14157,1.14108,1.14118,137,8,0
2026-07-06 09:55:00,1.1412,1.14131,1.14116,1.1413,140,8,0
2026-07-06 10:00:00,1.1413,1.14142,1.14108,1.14121,150,8,0
2026-07-06 10:05:00,1.14121,1.14128,1.14094,1.1412200000000001,142,8,0
2026-07-06 10:10:00,1.14121,1.14156,1.14117,1.14153,133,8,0
2026-07-06 10:15:00,1.14152,1.14185,1.14139,1.14172,206,8,0
2026-07-06 10:20:00,1.14172,1.14193,1.14161,1.14192,113,8,0
2026-07-06 10:25:00,1.14192,1.14193,1.14153,1.14155,98,8,0
2026-07-06 10:30:00,1.14155,1.14195,1.14151,1.14191,104,8,0
2026-07-06 10:35:00,1.14191,1.14205,1.14186,1.14193,111,8,0
2026-07-06 10:40:00,1.14193,1.14193,1.14182,1.14187,94,8,0
2026-07-06 10:45:00,1.14186,1.14193,1.14178,1.14182,125,8,0
2026-07-06 10:50:00,1.14182,1.14206,1.14165,1.14206,161,8,0
2026-07-06 10:55:00,1.14206,1.14209,1.14187,1.14193,160,8,0
2026-07-06 11:00:00,1.14193,1.14201,1.14171,1.14173,137,8,0
2026-07-06 11:05:00,1.14173,1.14184,1.14156,1.14175,136,8,0
2026-07-06 11:10:00,1.14174,1.1418300000000001,1.14169,1.14181,155,8,0
2026-07-06 11:15:00,1.14181,1.14189,1.14156,1.14166,124,8,0
2026-07-06 11:20:00,1.14167,1.14178,1.14162,1.14166,118,8,0
2026-07-06 11:25:00,1.14166,1.14189,1.14163,1.14177,128,8,0
2026-07-06 11:30:00,1.14179,1.1419,1.14171,1.14188,122,8,0
2026-07-06 11:35:00,1.14189,1.14189,1.14138,1.14142,144,8,0
2026-07-06 11:40:00,1.14143,1.14165,1.14134,1.14143,151,8,0
2026-07-06 11:45:00,1.14143,1.1415,1.14129,1.14133,157,8,0
2026-07-06 11:50:00,1.14133,1.14135,1.14117,1.1413,142,8,0
2026-07-06 11:55:00,1.1413,1.14163,1.1412499999999999,1.14148,203,8,0
2026-07-06 12:00:00,1.1415,1.14195,1.1414900000000001,1.14194,192,8,0
2026-07-06 12:05:00,1.14194,1.14194,1.14143,1.14148,173,8,0
2026-07-06 12:10:00,1.14148,1.14178,1.14138,1.14171,140,8,0
2026-07-06 12:15:00,1.14173,1.14193,1.14158,1.14174,194,8,0
2026-07-06 12:20:00,1.14171,1.14172,1.1414900000000001,1.14151,141,8,0
2026-07-06 12:25:00,1.14152,1.14178,1.14151,1.14171,152,8,0
2026-07-06 12:30:00,1.14171,1.14177,1.14157,1.1415899999999999,152,8,0
2026-07-06 12:35:00,1.1416,1.14168,1.1414,1.14165,176,8,0
2026-07-06 12:40:00,1.14167,1.14169,1.14123,1.14135,152,8,0
2026-07-06 12:45:00,1.14133,1.1415,1.14117,1.14136,184,8,0
2026-07-06 12:50:00,1.14136,1.14161,1.1413,1.14148,165,8,0
2026-07-06 12:55:00,1.1415,1.14151,1.14103,1.1413,185,8,0
2026-07-06 13:00:00,1.1413,1.14151,1.14105,1.14135,228,8,0
2026-07-06 13:05:00,1.14135,1.14164,1.1413,1.14163,143,8,0
2026-07-06 13:10:00,1.14163,1.14202,1.1416,1.14177,202,8,0
2026-07-06 13:15:00,1.14176,1.14211,1.14175,1.14205,177,8,0
2026-07-06 13:20:00,1.14205,1.14222,1.14194,1.14207,172,8,0
2026-07-06 13:25:00,1.14208,1.14218,1.14181,1.14198,161,8,0
2026-07-06 13:30:00,1.14201,1.1421000000000001,1.14187,1.14193,238,8,0
2026-07-06 13:35:00,1.14192,1.14199,1.14172,1.14184,187,8,0
2026-07-06 13:40:00,1.14185,1.1419,1.14163,1.14167,159,8,0
2026-07-06 13:45:00,1.14166,1.14167,1.14118,1.14155,206,8,0
2026-07-06 13:50:00,1.14155,1.14164,1.14114,1.14119,211,8,0
2026-07-06 13:55:00,1.14119,1.14135,1.14081,1.1412499999999999,217,8,0
2026-07-06 14:00:00,1.1412200000000001,1.14165,1.14104,1.14142,253,8,0
2026-07-06 14:05:00,1.14142,1.14182,1.14142,1.14173,235,8,0
2026-07-06 14:10:00,1.14173,1.14198,1.14154,1.1419,210,8,0
2026-07-06 14:15:00,1.1419,1.14195,1.14158,1.14173,201,8,0
2026-07-06 14:20:00,1.14174,1.14181,1.14156,1.14158,167,8,0
2026-07-06 14:25:00,1.14157,1.14165,1.14142,1.14148,179,8,0
2026-07-06 14:30:00,1.1414900000000001,1.14177,1.14135,1.14177,205,8,0
2026-07-06 14:35:00,1.14175,1.1418,1.14143,1.14148,155,8,0
2026-07-06 14:40:00,1.14146,1.1414900000000001,1.14117,1.14118,199,8,0
2026-07-06 14:45:00,1.14119,1.1414,1.14112,1.14112,164,8,0
2026-07-06 14:50:00,1.14112,1.14141,1.14108,1.14137,219,8,0
2026-07-06 14:55:00,1.14137,1.1418,1.14135,1.14168,234,8,0
2026-07-06 15:00:00,1.1417,1.14189,1.14164,1.14184,187,8,0
2026-07-06 15:05:00,1.1418300000000001,1.1419,1.14168,1.14174,180,8,0
2026-07-06 15:10:00,1.14174,1.14174,1.1415,1.14164,167,8,0
2026-07-06 15:15:00,1.14164,1.14176,1.14153,1.14156,152,8,0
2026-07-06 15:20:00,1.14156,1.14185,1.14154,1.14173,137,8,0
2026-07-06 15:25:00,1.14174,1.14181,1.14161,1.14174,131,8,0
2026-07-06 15:30:00,1.14172,1.14186,1.1417,1.14179,146,8,0
2026-07-06 15:35:00,1.1418,1.14192,1.14161,1.14187,157,8,0
2026-07-06 15:40:00,1.14187,1.14235,1.14184,1.14228,148,8,0
2026-07-06 15:45:00,1.14228,1.14245,1.14227,1.14242,136,8,0
2026-07-06 15:50:00,1.14243,1.14257,1.14229,1.14241,157,8,0
2026-07-06 15:55:00,1.14239,1.14256,1.14224,1.14251,149,8,0
2026-07-06 16:00:00,1.14252,1.1427,1.14247,1.14262,153,8,0
2026-07-06 16:05:00,1.14262,1.14273,1.14248,1.14273,130,8,0
2026-07-06 16:10:00,1.14274,1.14282,1.14257,1.14258,92,8,0
2026-07-06 16:15:00,1.14258,1.14293,1.14258,1.14291,119,8,0
2026-07-06 16:20:00,1.14291,1.14306,1.14286,1.14289,127,8,0
2026-07-06 16:25:00,1.14289,1.14297,1.1428,1.14296,89,8,0
2026-07-06 16:30:00,1.14296,1.143,1.14275,1.14282,147,8,0
2026-07-06 16:35:00,1.14282,1.14284,1.1427,1.14277,91,8,0
2026-07-06 16:40:00,1.14277,1.14282,1.14258,1.14278,118,8,0
2026-07-06 16:45:00,1.14278,1.14288,1.1427100000000001,1.14283,112,8,0
2026-07-06 16:50:00,1.14283,1.14318,1.14283,1.1431,126,8,0
2026-07-06 16:55:00,1.14312,1.14314,1.14293,1.14302,107,8,0
2026-07-06 17:00:00,1.14303,1.14323,1.14296,1.1431499999999999,123,8,0
2026-07-06 17:05:00,1.1431499999999999,1.14322,1.14307,1.14321,84,8,0
2026-07-06 17:10:00,1.14321,1.14339,1.14317,1.14336,120,8,0
2026-07-06 17:15:00,1.14336,1.1434199999999999,1.14331,1.1434,54,8,0
2026-07-06 17:20:00,1.1434,1.14363,1.14337,1.14356,108,8,0
2026-07-06 17:25:00,1.14356,1.14364,1.14351,1.14356,72,8,0
2026-07-06 17:30:00,1.14356,1.14371,1.14351,1.14367,98,8,0
2026-07-06 17:35:00,1.14368,1.1437599999999999,1.1435,1.14375,77,8,0
2026-07-06 17:40:00,1.14375,1.1439,1.14369,1.14381,94,8,0
2026-07-06 17:45:00,1.14381,1.14386,1.14374,1.1437599999999999,84,8,0
2026-07-06 17:50:00,1.1437599999999999,1.14384,1.14364,1.1436600000000001,96,8,0
2026-07-06 17:55:00,1.1436600000000001,1.1436600000000001,1.14354,1.14356,105,8,0
2026-07-06 18:00:00,1.14357,1.14378,1.14357,1.14365,97,8,0
2026-07-06 18:05:00,1.14365,1.14367,1.14346,1.14356,102,8,0
2026-07-06 18:10:00,1.14356,1.14362,1.14352,1.14358,78,8,0
2026-07-06 18:15:00,1.1436,1.14374,1.1436,1.14367,50,8,0
2026-07-06 18:20:00,1.1436600000000001,1.14369,1.14356,1.14361,61,8,0
2026-07-06 18:25:00,1.14361,1.14388,1.14361,1.14388,88,8,0
2026-07-06 18:30:00,1.14388,1.14414,1.14374,1.14405,105,8,0
2026-07-06 18:35:00,1.14407,1.14424,1.14406,1.14416,128,8,0
2026-07-06 18:40:00,1.14416,1.14423,1.14408,1.14416,79,8,0
2026-07-06 18:45:00,1.14416,1.14443,1.14415,1.14441,74,8,0
2026-07-06 18:50:00,1.14441,1.14445,1.1443,1.1443,68,8,0
2026-07-06 18:55:00,1.14431,1.14445,1.14424,1.14424,102,8,0
2026-07-06 19:00:00,1.14423,1.14425,1.14405,1.14422,119,8,0
2026-07-06 19:05:00,1.14421,1.14425,1.1441,1.14413,79,8,0
2026-07-06 19:10:00,1.14412,1.14417,1.14405,1.14411,61,8,0
2026-07-06 19:15:00,1.1441,1.1441,1.14402,1.14404,82,8,0
2026-07-06 19:20:00,1.14404,1.14405,1.14377,1.14384,103,8,0
2026-07-06 19:25:00,1.14382,1.14394,1.14381,1.14385,70,8,0
2026-07-06 19:30:00,1.14385,1.14405,1.14385,1.14396,80,8,0
2026-07-06 19:35:00,1.14396,1.14409,1.14396,1.14396,67,8,0
2026-07-06 19:40:00,1.14396,1.14398,1.14385,1.14394,69,8,0
2026-07-06 19:45:00,1.14394,1.14404,1.1439300000000001,1.1440299999999999,67,8,0
2026-07-06 19:50:00,1.14402,1.14416,1.14402,1.14411,84,8,0
2026-07-06 19:55:00,1.14411,1.14414,1.14397,1.14406,144,8,0
2026-07-06 20:00:00,1.14404,1.14417,1.14401,1.14414,94,8,0
2026-07-06 20:05:00,1.14413,1.14413,1.1440299999999999,1.14409,49,8,0
2026-07-06 20:10:00,1.14409,1.14414,1.14398,1.14399,48,8,0
2026-07-06 20:15:00,1.14399,1.1440299999999999,1.14391,1.14401,32,8,0
2026-07-06 20:20:00,1.14401,1.1441,1.14397,1.14406,37,8,0
2026-07-06 20:25:00,1.14406,1.14416,1.1440299999999999,1.14413,43,8,0
2026-07-06 20:30:00,1.14413,1.14414,1.14408,1.14409,26,8,0
2026-07-06 20:35:00,1.14409,1.14409,1.1439300000000001,1.14399,49,8,0
2026-07-06 20:40:00,1.14399,1.14401,1.1439300000000001,1.14398,38,8,0
2026-07-06 20:45:00,1.14399,1.14399,1.14392,1.14398,40,8,0
2026-07-06 20:50:00,1.14397,1.14404,1.14395,1.14402,19,8,0
2026-07-06 20:55:00,1.14402,1.14406,1.14388,1.14389,54,8,0
2026-07-06 21:00:00,1.14401,1.14401,1.14378,1.14378,3,20,0
2026-07-06 21:05:00,1.14377,1.14394,1.14377,1.14387,20,20,0
2026-07-06 21:10:00,1.14388,1.1439300000000001,1.14387,1.14392,47,48,0
2026-07-06 21:15:00,1.14392,1.14392,1.14381,1.14381,35,48,0
2026-07-06 21:20:00,1.14382,1.14383,1.14379,1.14383,34,48,0
2026-07-06 21:25:00,1.14383,1.14385,1.1438,1.14383,29,48,0
2026-07-06 21:30:00,1.14383,1.14401,1.14383,1.14401,26,20,0
2026-07-06 21:35:00,1.14385,1.14411,1.14385,1.1440299999999999,31,8,0
2026-07-06 21:40:00,1.14387,1.14401,1.14381,1.14381,60,20,0
2026-07-06 21:45:00,1.14382,1.14404,1.14381,1.14404,58,48,0
2026-07-06 21:50:00,1.14405,1.14408,1.14396,1.1440299999999999,76,48,0
2026-07-06 21:55:00,1.1440299999999999,1.14442,1.14402,1.14442,61,20,0
2026-07-06 22:00:00,1.14443,1.1445,1.14422,1.14425,73,8,0
2026-07-06 22:05:00,1.14425,1.1443,1.1442,1.1442,43,8,0
2026-07-06 22:10:00,1.1442,1.14436,1.1442,1.14434,51,8,0
2026-07-06 22:15:00,1.14434,1.14435,1.14428,1.14431,41,8,0
2026-07-06 22:20:00,1.14431,1.14435,1.1442700000000001,1.14428,28,8,0
2026-07-06 22:25:00,1.1442700000000001,1.14428,1.14426,1.1442700000000001,17,8,0
2026-07-06 22:30:00,1.1442700000000001,1.14438,1.14425,1.14438,20,8,0
2026-07-06 22:35:00,1.14438,1.14438,1.1443,1.14432,23,8,0
2026-07-06 22:40:00,1.14432,1.14432,1.1442700000000001,1.14428,17,8,0
2026-07-06 22:45:00,1.14428,1.14433,1.14428,1.14433,23,8,0
2026-07-06 22:50:00,1.14433,1.14436,1.14432,1.14434,18,8,0
2026-07-06 22:55:00,1.14434,1.14447,1.14434,1.14447,21,8,0
2026-07-06 23:00:00,1.14447,1.14476,1.14446,1.14463,95,8,0
2026-07-06 23:05:00,1.14463,1.14463,1.1445,1.1445400000000001,38,8,0
2026-07-06 23:10:00,1.1445400000000001,1.1445400000000001,1.14444,1.14452,31,8,0
2026-07-06 23:15:00,1.14451,1.14458,1.1445,1.14458,27,8,0
2026-07-06 23:20:00,1.14458,1.1446399999999999,1.1445400000000001,1.14455,28,8,0
2026-07-06 23:25:00,1.14455,1.14457,1.14436,1.1443699999999999,46,8,0
2026-07-06 23:30:00,1.1443699999999999,1.14446,1.1443699999999999,1.14445,34,8,0
2026-07-06 23:35:00,1.14445,1.14445,1.14434,1.14435,18,8,0
2026-07-06 23:40:00,1.14435,1.14444,1.14431,1.1444,39,8,0
2026-07-06 23:45:00,1.1444,1.14442,1.14433,1.14439,45,8,0
2026-07-06 23:50:00,1.14439,1.14439,1.14414,1.1442,88,8,0
2026-07-06 23:55:00,1.1442,1.14421,1.14408,1.14411,67,8,0
2026-07-07 00:00:00,1.1441,1.14421,1.1440299999999999,1.14414,139,8,0
2026-07-07 00:05:00,1.14414,1.1442,1.14404,1.14412,109,8,0
2026-07-07 00:10:00,1.14412,1.14419,1.14399,1.14409,103,8,0
2026-07-07 00:15:00,1.14408,1.14408,1.14392,1.14397,73,8,0
2026-07-07 00:20:00,1.14396,1.14399,1.1439,1.14394,88,8,0
2026-07-07 00:25:00,1.1439300000000001,1.14399,1.14379,1.14384,79,8,0
2026-07-07 00:30:00,1.14384,1.14399,1.14383,1.14392,81,8,0
2026-07-07 00:35:00,1.14392,1.14398,1.1437599999999999,1.14378,87,8,0
2026-07-07 00:40:00,1.1437599999999999,1.14392,1.1437599999999999,1.14389,55,8,0
2026-07-07 00:45:00,1.14389,1.14401,1.14387,1.14396,86,8,0
2026-07-07 00:50:00,1.14396,1.14419,1.14392,1.1441,146,8,0
2026-07-07 00:55:00,1.14408,1.14414,1.14381,1.14381,140,8,0
2026-07-07 01:00:00,1.14382,1.1439300000000001,1.14379,1.14385,130,8,0
2026-07-07 01:05:00,1.14386,1.14395,1.14381,1.14388,106,8,0
2026-07-07 01:10:00,1.14388,1.14397,1.14381,1.14391,90,8,0
2026-07-07 01:15:00,1.1439300000000001,1.14399,1.14382,1.14389,102,8,0
2026-07-07 01:20:00,1.14389,1.14389,1.14371,1.14371,103,8,0
2026-07-07 01:25:00,1.14371,1.14392,1.1436600000000001,1.14392,89,8,0
2026-07-07 01:30:00,1.1439300000000001,1.14462,1.1439300000000001,1.14441,344,8,0
2026-07-07 01:35:00,1.14441,1.14448,1.14413,1.14415,119,8,0
2026-07-07 01:40:00,1.14415,1.14423,1.14392,1.14395,121,8,0
2026-07-07 01:45:00,1.14394,1.14433,1.1439300000000001,1.14421,136,8,0
2026-07-07 01:50:00,1.14421,1.14465,1.14417,1.14461,178,8,0
2026-07-07 01:55:00,1.14461,1.14471,1.1442700000000001,1.1443699999999999,163,8,0
2026-07-07 02:00:00,1.1443699999999999,1.14456,1.14435,1.14445,134,8,0
2026-07-07 02:05:00,1.14445,1.14446,1.14424,1.14429,96,8,0
2026-07-07 02:10:00,1.14429,1.14433,1.1442,1.14426,86,8,0
2026-07-07 02:15:00,1.1442700000000001,1.14432,1.14419,1.1442700000000001,91,8,0
2026-07-07 02:20:00,1.1442700000000001,1.14433,1.14416,1.1442700000000001,82,8,0
2026-07-07 02:25:00,1.1442700000000001,1.14429,1.14412,1.14413,66,8,0
2026-07-07 02:30:00,1.14413,1.1442,1.14404,1.1442,84,8,0
2026-07-07 02:35:00,1.1442,1.14434,1.14418,1.14422,75,8,0
2026-07-07 02:40:00,1.14422,1.14433,1.14405,1.14408,78,8,0
2026-07-07 02:45:00,1.14408,1.14411,1.14402,1.1440299999999999,50,8,0
2026-07-07 02:50:00,1.1440299999999999,1.14408,1.14401,1.14405,56,8,0
2026-07-07 02:55:00,1.14405,1.14408,1.14392,1.1439300000000001,80,8,0
2026-07-07 03:00:00,1.1439300000000001,1.1441,1.14387,1.1440299999999999,97,8,0
2026-07-07 03:05:00,1.1440299999999999,1.14416,1.1440299999999999,1.14408,71,8,0
2026-07-07 03:10:00,1.14407,1.14408,1.14401,1.14402,68,8,0
2026-07-07 03:15:00,1.14402,1.14419,1.144,1.14415,59,8,0
2026-07-07 03:20:00,1.14415,1.14425,1.14411,1.14414,98,8,0
2026-07-07 03:25:00,1.14415,1.14415,1.1439,1.1439,72,8,0
2026-07-07 03:30:00,1.14391,1.14396,1.14381,1.1439300000000001,109,8,0
2026-07-07 03:35:00,1.1439300000000001,1.14399,1.1437599999999999,1.14381,73,8,0
2026-07-07 03:40:00,1.14381,1.14383,1.14364,1.14373,86,8,0
2026-07-07 03:45:00,1.14373,1.14378,1.14362,1.14368,93,8,0
2026-07-07 03:50:00,1.14368,1.1437,1.14359,1.1436600000000001,67,8,0
2026-07-07 03:55:00,1.1436600000000001,1.14367,1.14357,1.14364,73,8,0
2026-07-07 04:00:00,1.1436600000000001,1.14375,1.1436,1.14374,74,8,0
2026-07-07 04:05:00,1.14374,1.14385,1.14374,1.14381,71,8,0
2026-07-07 04:10:00,1.14381,1.14384,1.14371,1.14371,52,8,0
2026-07-07 04:15:00,1.1437,1.1438,1.14369,1.14371,52,8,0
2026-07-07 04:20:00,1.14371,1.14382,1.14364,1.14382,67,8,0
2026-07-07 04:25:00,1.14382,1.14382,1.1436,1.14364,67,8,0
2026-07-07 04:30:00,1.14365,1.14381,1.14363,1.14371,83,8,0
2026-07-07 04:35:00,1.1437,1.1437599999999999,1.14367,1.1437599999999999,60,8,0
2026-07-07 04:40:00,1.1437599999999999,1.14388,1.14372,1.14375,70,8,0
2026-07-07 04:45:00,1.14375,1.14381,1.14369,1.14375,52,8,0
2026-07-07 04:50:00,1.14373,1.14386,1.14368,1.14368,71,8,0
2026-07-07 04:55:00,1.14368,1.14369,1.1435,1.14353,103,8,0
2026-07-07 05:00:00,1.14352,1.14371,1.14345,1.14361,111,8,0
2026-07-07 05:05:00,1.14361,1.1437,1.14352,1.14363,79,8,0
2026-07-07 05:10:00,1.14363,1.14363,1.14336,1.14338,123,8,0
2026-07-07 05:15:00,1.14338,1.14345,1.14318,1.1432,122,8,0
2026-07-07 05:20:00,1.14321,1.14321,1.14298,1.14312,127,8,0
2026-07-07 05:25:00,1.14311,1.14311,1.14298,1.1430500000000001,122,8,0
2026-07-07 05:30:00,1.1430500000000001,1.14328,1.14302,1.14322,140,8,0
2026-07-07 05:35:00,1.14322,1.14329,1.14309,1.14313,96,8,0
2026-07-07 05:40:00,1.14313,1.14323,1.14285,1.1429,132,8,0
2026-07-07 05:45:00,1.1429,1.14294,1.14279,1.14288,105,8,0
2026-07-07 05:50:00,1.14289,1.1431,1.14282,1.1431,118,8,0
2026-07-07 05:55:00,1.14308,1.14316,1.14299,1.14316,95,8,0
2026-07-07 06:00:00,1.14316,1.14321,1.14296,1.14303,146,8,0
2026-07-07 06:05:00,1.14303,1.14307,1.14268,1.1427100000000001,162,8,0
2026-07-07 06:10:00,1.1427100000000001,1.14274,1.14251,1.14269,159,8,0
2026-07-07 06:15:00,1.14269,1.14302,1.14264,1.14293,202,8,0
2026-07-07 06:20:00,1.14293,1.14295,1.14279,1.14291,139,8,0
2026-07-07 06:25:00,1.14293,1.14297,1.1427100000000001,1.14273,129,8,0
2026-07-07 06:30:00,1.14273,1.1431,1.14273,1.14299,132,8,0
2026-07-07 06:35:00,1.14298,1.14306,1.14291,1.14302,93,8,0
2026-07-07 06:40:00,1.14302,1.14303,1.14284,1.14291,110,8,0
2026-07-07 06:45:00,1.14291,1.143,1.1428099999999999,1.143,93,8,0
2026-07-07 06:50:00,1.143,1.14311,1.14282,1.14282,114,8,0
2026-07-07 06:55:00,1.14282,1.14295,1.14274,1.14295,126,8,0
2026-07-07 07:00:00,1.14297,1.14297,1.14255,1.14277,192,8,0
2026-07-07 07:05:00,1.14277,1.14287,1.1427,1.14274,127,8,0
2026-07-07 07:10:00,1.14274,1.1429,1.14272,1.14283,141,8,0
2026-07-07 07:15:00,1.14284,1.14304,1.1427100000000001,1.14299,141,8,0
2026-07-07 07:20:00,1.14301,1.14318,1.14261,1.14265,238,8,0
2026-07-07 07:25:00,1.14265,1.14282,1.1426,1.14261,115,8,0
2026-07-07 07:30:00,1.1426,1.14298,1.14256,1.14298,158,8,0
2026-07-07 07:35:00,1.14298,1.14299,1.14272,1.14276,142,8,0
2026-07-07 07:40:00,1.14275,1.1429,1.1427100000000001,1.14273,128,8,0
2026-07-07 07:45:00,1.14274,1.14275,1.14261,1.14262,140,8,0
2026-07-07 07:50:00,1.14261,1.1428,1.14258,1.14258,170,8,0
2026-07-07 07:55:00,1.14258,1.14263,1.14245,1.14248,133,8,0
2026-07-07 08:00:00,1.14249,1.14273,1.14246,1.14267,165,8,0
2026-07-07 08:05:00,1.14267,1.14283,1.14266,1.14283,139,8,0
2026-07-07 08:10:00,1.14286,1.1432,1.1428,1.1431,178,8,0
2026-07-07 08:15:00,1.14309,1.14318,1.14282,1.14288,175,8,0
2026-07-07 08:20:00,1.14288,1.14337,1.1428,1.14326,176,8,0
2026-07-07 08:25:00,1.14326,1.14335,1.14317,1.1432,123,8,0
2026-07-07 08:30:00,1.1432,1.14352,1.1432,1.1434199999999999,176,8,0
2026-07-07 08:35:00,1.1434199999999999,1.14352,1.14321,1.14345,163,8,0
2026-07-07 08:40:00,1.14346,1.14353,1.14306,1.14307,161,8,0
2026-07-07 08:45:00,1.14306,1.1433,1.14299,1.14312,175,8,0
2026-07-07 08:50:00,1.14313,1.14313,1.1427100000000001,1.14277,155,8,0
2026-07-07 08:55:00,1.14275,1.14285,1.14267,1.14277,155,8,0
2026-07-07 09:00:00,1.14279,1.14284,1.14261,1.14277,182,8,0
2026-07-07 09:05:00,1.14276,1.14285,1.1427100000000001,1.14275,149,8,0
2026-07-07 09:10:00,1.14275,1.14284,1.1426,1.14266,114,8,0
2026-07-07 09:15:00,1.14266,1.14289,1.14266,1.14273,131,8,0
2026-07-07 09:20:00,1.1427100000000001,1.14272,1.14253,1.14262,99,8,0
2026-07-07 09:25:00,1.14262,1.14277,1.14255,1.1427,122,8,0
2026-07-07 09:30:00,1.1427100000000001,1.14274,1.14256,1.1427100000000001,103,8,0
2026-07-07 09:35:00,1.1427100000000001,1.14283,1.14266,1.1428099999999999,116,8,0
2026-07-07 09:40:00,1.14282,1.14298,1.14276,1.1428,140,8,0
2026-07-07 09:45:00,1.1428099999999999,1.14293,1.1425,1.14252,121,8,0
2026-07-07 09:50:00,1.14252,1.14264,1.14242,1.14261,123,8,0
2026-07-07 09:55:00,1.14264,1.14265,1.14245,1.14248,117,8,0
2026-07-07 10:00:00,1.14248,1.1426,1.1423,1.14237,154,8,0
2026-07-07 10:05:00,1.14237,1.14279,1.14231,1.14278,130,8,0
2026-07-07 10:10:00,1.14278,1.14286,1.14262,1.14286,94,8,0
2026-07-07 10:15:00,1.14286,1.14299,1.14282,1.14289,115,8,0
2026-07-07 10:20:00,1.14288,1.14294,1.1428099999999999,1.14289,92,8,0
2026-07-07 10:25:00,1.14289,1.14301,1.14284,1.14298,89,8,0
2026-07-07 10:30:00,1.14297,1.14308,1.14291,1.14291,107,8,0
2026-07-07 10:35:00,1.14292,1.14311,1.14286,1.1431,88,8,0
2026-07-07 10:40:00,1.1431,1.14314,1.14295,1.14295,98,8,0
2026-07-07 10:45:00,1.14295,1.14299,1.14286,1.14289,59,8,0
2026-07-07 10:50:00,1.14289,1.14321,1.14285,1.14321,92,8,0
2026-07-07 10:55:00,1.14321,1.14337,1.14317,1.14333,108,8,0
2026-07-07 11:00:00,1.14335,1.14337,1.14311,1.14333,156,8,0
2026-07-07 11:05:00,1.14333,1.14341,1.1431499999999999,1.14321,123,8,0
2026-07-07 11:10:00,1.14321,1.1434,1.14321,1.14327,88,8,0
2026-07-07 11:15:00,1.14327,1.14362,1.14326,1.14355,158,8,0
2026-07-07 11:20:00,1.14354,1.14388,1.1435,1.14356,180,8,0
2026-07-07 11:25:00,1.14354,1.14371,1.14351,1.14367,146,8,0
2026-07-07 11:30:00,1.14365,1.1436600000000001,1.14344,1.14354,124,8,0
2026-07-07 11:35:00,1.14355,1.14368,1.14347,1.14359,123,8,0
2026-07-07 11:40:00,1.14359,1.14359,1.14321,1.14323,130,8,0
2026-07-07 11:45:00,1.14325,1.14328,1.14312,1.14316,147,8,0
2026-07-07 11:50:00,1.14316,1.1433200000000001,1.14249,1.14269,318,8,0
2026-07-07 11:55:00,1.14269,1.14343,1.1426,1.14322,277,8,0
2026-07-07 12:00:00,1.14321,1.14344,1.1431499999999999,1.1434199999999999,203,8,0
2026-07-07 12:05:00,1.1434199999999999,1.14344,1.14322,1.14327,165,8,0
2026-07-07 12:10:00,1.14328,1.14344,1.14306,1.14337,209,8,0
2026-07-07 12:15:00,1.14337,1.14343,1.1431,1.14329,206,8,0
2026-07-07 12:20:00,1.14328,1.14381,1.14324,1.14356,183,8,0
2026-07-07 12:25:00,1.14357,1.14415,1.14354,1.14401,160,8,0
2026-07-07 12:30:00,1.14401,1.14419,1.14395,1.14401,144,8,0
2026-07-07 12:35:00,1.14401,1.14404,1.14378,1.14381,213,8,0
2026-07-07 12:40:00,1.14382,1.14383,1.14352,1.14358,185,8,0
2026-07-07 12:45:00,1.14358,1.14379,1.14358,1.14367,135,8,0
2026-07-07 12:50:00,1.14368,1.14369,1.14345,1.14352,118,8,0
2026-07-07 12:55:00,1.14353,1.14364,1.1434199999999999,1.14362,148,8,0
2026-07-07 13:00:00,1.14363,1.14363,1.1432,1.14322,205,8,0
2026-07-07 13:05:00,1.1432,1.14325,1.14301,1.14319,168,8,0
2026-07-07 13:10:00,1.14321,1.14344,1.1430500000000001,1.1433200000000001,175,8,0
2026-07-07 13:15:00,1.1433200000000001,1.14372,1.14331,1.1434199999999999,177,8,0
2026-07-07 13:20:00,1.14343,1.14363,1.14333,1.14339,203,8,0
2026-07-07 13:25:00,1.14341,1.14361,1.14324,1.1435,216,8,0
2026-07-07 13:30:00,1.14347,1.14389,1.14346,1.14361,281,8,0
2026-07-07 13:35:00,1.14361,1.1440299999999999,1.14355,1.14384,226,8,0
2026-07-07 13:40:00,1.14386,1.14409,1.14374,1.14395,239,8,0
2026-07-07 13:45:00,1.14396,1.14398,1.14371,1.14385,189,8,0
2026-07-07 13:50:00,1.14386,1.14414,1.1438,1.1439,210,8,0
2026-07-07 13:55:00,1.1439,1.14395,1.14339,1.1436,281,8,0
2026-07-07 14:00:00,1.14361,1.1437599999999999,1.14274,1.14283,411,8,0
2026-07-07 14:05:00,1.1428,1.14297,1.14247,1.14251,392,8,0
2026-07-07 14:10:00,1.14254,1.14268,1.14234,1.14263,289,8,0
2026-07-07 14:15:00,1.14264,1.14291,1.1425,1.14289,268,8,0
2026-07-07 14:20:00,1.1429,1.1431,1.14273,1.14282,224,8,0
2026-07-07 14:25:00,1.1428099999999999,1.14296,1.14254,1.14296,246,8,0
2026-07-07 14:30:00,1.14297,1.14307,1.14274,1.14301,223,8,0
2026-07-07 14:35:00,1.14301,1.14317,1.14284,1.14316,210,8,0
2026-07-07 14:40:00,1.14317,1.14329,1.14307,1.14321,200,8,0
2026-07-07 14:45:00,1.14322,1.14348,1.14322,1.14344,186,8,0
2026-07-07 14:50:00,1.14344,1.1436600000000001,1.14339,1.14351,221,8,0
2026-07-07 14:55:00,1.14349,1.14352,1.14312,1.14326,309,8,0
2026-07-07 15:00:00,1.14325,1.1433200000000001,1.14314,1.1432,221,8,0
2026-07-07 15:05:00,1.14321,1.14347,1.14312,1.14319,196,8,0
2026-07-07 15:10:00,1.14321,1.14323,1.14283,1.14299,207,8,0
2026-07-07 15:15:00,1.14299,1.14299,1.14252,1.14267,188,8,0
2026-07-07 15:20:00,1.14265,1.14283,1.14257,1.1427,177,8,0
2026-07-07 15:25:00,1.1427,1.14283,1.14258,1.14282,151,8,0
2026-07-07 15:30:00,1.1428,1.14285,1.14257,1.1427100000000001,167,8,0
2026-07-07 15:35:00,1.14272,1.14279,1.14262,1.14272,124,8,0
2026-07-07 15:40:00,1.1427100000000001,1.14279,1.14254,1.14255,145,8,0
2026-07-07 15:45:00,1.14254,1.14265,1.14243,1.1424400000000001,156,8,0
2026-07-07 15:50:00,1.14243,1.14264,1.14236,1.14237,131,8,0
2026-07-07 15:55:00,1.14235,1.1424400000000001,1.14217,1.14224,164,8,0
2026-07-07 16:00:00,1.14226,1.14256,1.14226,1.14232,166,8,0
2026-07-07 16:05:00,1.14232,1.14243,1.1421000000000001,1.14243,167,8,0
2026-07-07 16:10:00,1.14243,1.14243,1.14219,1.14223,140,8,0
2026-07-07 16:15:00,1.14225,1.14226,1.14185,1.14188,154,8,0
2026-07-07 16:20:00,1.14189,1.14191,1.14176,1.14187,146,8,0
2026-07-07 16:25:00,1.14188,1.14192,1.14179,1.1418300000000001,101,8,0
2026-07-07 16:30:00,1.14182,1.14213,1.14181,1.14198,155,8,0
2026-07-07 16:35:00,1.14197,1.14204,1.14182,1.14203,132,8,0
2026-07-07 16:40:00,1.14201,1.14204,1.14193,1.14199,100,8,0
2026-07-07 16:45:00,1.14199,1.14222,1.14198,1.14221,99,8,0
2026-07-07 16:50:00,1.14221,1.1423,1.14206,1.14206,128,8,0
2026-07-07 16:55:00,1.14208,1.14232,1.14193,1.1423,200,8,0
2026-07-07 17:00:00,1.1423,1.14249,1.14225,1.14243,165,8,0
2026-07-07 17:05:00,1.14243,1.1426,1.14242,1.14247,126,8,0
2026-07-07 17:10:00,1.14246,1.14246,1.14219,1.14229,120,8,0
2026-07-07 17:15:00,1.14229,1.1424,1.14218,1.14239,110,8,0
2026-07-07 17:20:00,1.14239,1.14251,1.14239,1.14249,102,8,0
2026-07-07 17:25:00,1.14248,1.1425,1.14229,1.14237,97,8,0
2026-07-07 17:30:00,1.14235,1.14245,1.14229,1.14234,80,8,0
2026-07-07 17:35:00,1.14234,1.1425,1.14233,1.14245,68,8,0
2026-07-07 17:40:00,1.14245,1.14261,1.14243,1.14256,98,8,0
2026-07-07 17:45:00,1.14256,1.14264,1.14249,1.14256,97,8,0
2026-07-07 17:50:00,1.14256,1.14273,1.14255,1.1427100000000001,81,8,0
2026-07-07 17:55:00,1.1427100000000001,1.1429,1.1427100000000001,1.14277,106,8,0
2026-07-07 18:00:00,1.14277,1.14282,1.14257,1.14273,112,8,0
2026-07-07 18:05:00,1.14275,1.14282,1.14262,1.14279,87,8,0
2026-07-07 18:10:00,1.14279,1.14284,1.14251,1.14266,127,8,0
2026-07-07 18:15:00,1.14267,1.1427,1.14261,1.14269,57,8,0
2026-07-07 18:20:00,1.14269,1.14294,1.14269,1.14287,84,8,0
2026-07-07 18:25:00,1.14285,1.14295,1.14273,1.14273,83,8,0
2026-07-07 18:30:00,1.14273,1.14276,1.14255,1.14274,149,8,0
2026-07-07 18:35:00,1.14275,1.14286,1.14274,1.14276,80,8,0
2026-07-07 18:40:00,1.14277,1.14277,1.14261,1.14276,85,8,0
2026-07-07 18:45:00,1.14277,1.14286,1.14226,1.14256,215,8,0
2026-07-07 18:50:00,1.14253,1.1426,1.1417,1.14186,344,8,0
2026-07-07 18:55:00,1.14188,1.14212,1.1417,1.14182,287,8,0
2026-07-07 19:00:00,1.14182,1.14191,1.14141,1.14168,268,8,0
2026-07-07 19:05:00,1.14169,1.14169,1.14132,1.14148,212,8,0
2026-07-07 19:10:00,1.14146,1.1415,1.14111,1.14114,167,8,0
2026-07-07 19:15:00,1.14116,1.14116,1.14078,1.14114,293,8,0
2026-07-07 19:20:00,1.14115,1.14129,1.14105,1.1412200000000001,203,8,0
2026-07-07 19:25:00,1.1412,1.14136,1.14112,1.1412200000000001,194,8,0
2026-07-07 19:30:00,1.14124,1.1415899999999999,1.14124,1.14158,166,8,0
2026-07-07 19:35:00,1.14158,1.14164,1.14141,1.14148,152,8,0
2026-07-07 19:40:00,1.14148,1.1415899999999999,1.14141,1.14152,129,8,0
2026-07-07 19:45:00,1.14152,1.14158,1.14135,1.1414900000000001,142,8,0
2026-07-07 19:50:00,1.14151,1.1415899999999999,1.14143,1.14152,112,8,0
2026-07-07 19:55:00,1.14151,1.14167,1.14151,1.14163,127,8,0
2026-07-07 20:00:00,1.1416,1.14169,1.14145,1.14161,94,8,0
2026-07-07 20:05:00,1.14161,1.14168,1.14145,1.14145,51,8,0
2026-07-07 20:10:00,1.14145,1.14152,1.14135,1.14139,46,8,0
2026-07-07 20:15:00,1.14138,1.14139,1.14118,1.14134,71,8,0
2026-07-07 20:20:00,1.14133,1.14145,1.14132,1.14142,51,8,0
2026-07-07 20:25:00,1.1414,1.14147,1.1413,1.14138,75,8,0
2026-07-07 20:30:00,1.14138,1.14138,1.14116,1.14117,47,8,0
2026-07-07 20:35:00,1.14117,1.14123,1.14106,1.14114,49,8,0
2026-07-07 20:40:00,1.14113,1.14118,1.14112,1.14117,29,8,0
2026-07-07 20:45:00,1.14117,1.14117,1.14105,1.14113,58,8,0
2026-07-07 20:50:00,1.14111,1.14119,1.14106,1.14108,48,8,0
2026-07-07 20:55:00,1.14108,1.14115,1.14095,1.14096,77,8,0
2026-07-07 21:00:00,1.14085,1.14093,1.14085,1.14093,2,48,0
2026-07-07 21:05:00,1.14091,1.14106,1.1409,1.14096,96,48,0
2026-07-07 21:10:00,1.14095,1.14105,1.14068,1.14068,169,48,0
2026-07-07 21:15:00,1.14067,1.14068,1.14026,1.14041,190,83,0
2026-07-07 21:20:00,1.14042,1.14051,1.14035,1.14039,93,112,0
2026-07-07 21:25:00,1.14041,1.14048,1.14025,1.14041,94,97,0
2026-07-07 21:30:00,1.14041,1.14051,1.13993,1.13993,130,103,0
2026-07-07 21:35:00,1.13992,1.14025,1.13973,1.14024,140,117,0
2026-07-07 21:40:00,1.14023,1.1404,1.14023,1.14036,88,128,0
2026-07-07 21:45:00,1.1403699999999999,1.14044,1.14008,1.1401,115,119,0
2026-07-07 21:50:00,1.14009,1.1402700000000001,1.14004,1.14026,88,115,0
2026-07-07 21:55:00,1.14025,1.1406399999999999,1.14019,1.1406399999999999,90,20,0
2026-07-07 22:00:00,1.1406100000000001,1.14086,1.14057,1.14076,101,8,0
2026-07-07 22:05:00,1.14076,1.14076,1.14055,1.14059,46,8,0
2026-07-07 22:10:00,1.14059,1.14063,1.14054,1.14057,41,8,0
2026-07-07 22:15:00,1.14057,1.14063,1.14054,1.14059,35,8,0
2026-07-07 22:20:00,1.1406,1.14065,1.14056,1.1406,39,8,0
2026-07-07 22:25:00,1.1406100000000001,1.14066,1.14047,1.1405,41,8,0
2026-07-07 22:30:00,1.14049,1.14054,1.14045,1.14046,60,8,0
2026-07-07 22:35:00,1.14046,1.14052,1.14029,1.14043,50,8,0
2026-07-07 22:40:00,1.14043,1.14054,1.14041,1.14047,32,8,0
2026-07-07 22:45:00,1.14047,1.1405,1.14041,1.14047,30,8,0
2026-07-07 22:50:00,1.14047,1.14067,1.14047,1.14067,30,8,0
2026-07-07 22:55:00,1.14066,1.14068,1.14066,1.14068,15,8,0
2026-07-07 23:00:00,1.14067,1.14081,1.14051,1.14071,70,8,0
2026-07-07 23:05:00,1.14072,1.14072,1.14057,1.14057,53,8,0
2026-07-07 23:10:00,1.14057,1.14059,1.14036,1.14038,57,8,0
2026-07-07 23:15:00,1.14038,1.14063,1.14032,1.14055,69,8,0
2026-07-07 23:20:00,1.14055,1.14057,1.14044,1.1405,31,8,0
2026-07-07 23:25:00,1.1405,1.14055,1.14045,1.14047,37,8,0
2026-07-07 23:30:00,1.14047,1.14056,1.14043,1.14053,25,8,0
2026-07-07 23:35:00,1.14053,1.14053,1.1404,1.14045,33,8,0
2026-07-07 23:40:00,1.14045,1.14048,1.14039,1.14039,31,8,0
2026-07-07 23:45:00,1.14038,1.14042,1.1402,1.14024,73,8,0
2026-07-07 23:50:00,1.14023,1.1402700000000001,1.14018,1.14021,42,8,0
2026-07-07 23:55:00,1.1402,1.14021,1.13997,1.1401,89,8,0
2026-07-08 00:00:00,1.1401,1.14021,1.1400000000000001,1.14021,177,8,0
2026-07-08 00:05:00,1.14021,1.14049,1.14015,1.14046,159,8,0
2026-07-08 00:10:00,1.14047,1.1406100000000001,1.14038,1.14052,152,8,0
2026-07-08 00:15:00,1.14052,1.1406100000000001,1.14029,1.1404,158,8,0
2026-07-08 00:20:00,1.14042,1.1406100000000001,1.14028,1.14057,136,8,0
2026-07-08 00:25:00,1.14057,1.14079,1.14052,1.14066,131,8,0
2026-07-08 00:30:00,1.14066,1.14099,1.14062,1.14093,149,8,0
2026-07-08 00:35:00,1.14094,1.1411,1.14086,1.14109,97,8,0
2026-07-08 00:40:00,1.14109,1.14111,1.14093,1.14097,112,8,0
2026-07-08 00:45:00,1.14096,1.14108,1.14094,1.14096,79,8,0
2026-07-08 00:50:00,1.14095,1.14106,1.14081,1.14085,125,8,0
2026-07-08 00:55:00,1.14086,1.1409,1.14067,1.14076,125,8,0
2026-07-08 01:00:00,1.14076,1.14091,1.1407,1.14075,152,8,0
2026-07-08 01:05:00,1.14075,1.14079,1.14054,1.14057,141,8,0
2026-07-08 01:10:00,1.14058,1.14077,1.14058,1.14073,96,8,0
2026-07-08 01:15:00,1.14073,1.14077,1.1405,1.14052,110,8,0
2026-07-08 01:20:00,1.14052,1.14059,1.1404,1.14046,93,8,0
2026-07-08 01:25:00,1.14046,1.14051,1.1403699999999999,1.14038,87,8,0
2026-07-08 01:30:00,1.1404,1.14041,1.14024,1.14026,92,8,0
2026-07-08 01:35:00,1.14025,1.14028,1.14005,1.14006,123,8,0
2026-07-08 01:40:00,1.14006,1.14015,1.13981,1.13994,141,8,0
2026-07-08 01:45:00,1.13994,1.14042,1.13994,1.14039,294,8,0
2026-07-08 01:50:00,1.14039,1.14056,1.1402,1.14034,170,8,0
2026-07-08 01:55:00,1.14035,1.14059,1.14033,1.14051,106,8,0
2026-07-08 02:00:00,1.14051,1.1407,1.14041,1.14046,205,8,0
2026-07-08 02:05:00,1.14044,1.14066,1.14043,1.14056,138,8,0
2026-07-08 02:10:00,1.14056,1.14062,1.14043,1.14055,137,8,0
2026-07-08 02:15:00,1.14055,1.14081,1.14055,1.14076,126,8,0
2026-07-08 02:20:00,1.14076,1.14115,1.14069,1.14101,117,8,0
2026-07-08 02:25:00,1.141,1.14116,1.14094,1.14104,148,8,0
2026-07-08 02:30:00,1.14104,1.14108,1.14083,1.14101,115,8,0
2026-07-08 02:35:00,1.14101,1.14121,1.14101,1.14116,94,8,0
2026-07-08 02:40:00,1.14116,1.14121,1.14111,1.14116,84,8,0
2026-07-08 02:45:00,1.14116,1.14121,1.14106,1.14108,77,8,0
2026-07-08 02:50:00,1.1411,1.1412200000000001,1.14103,1.1411,76,8,0
2026-07-08 02:55:00,1.14108,1.14117,1.14103,1.14107,81,8,0
2026-07-08 03:00:00,1.14107,1.14137,1.14107,1.14131,115,8,0
2026-07-08 03:05:00,1.14131,1.14135,1.1412,1.14126,99,8,0
2026-07-08 03:10:00,1.14127,1.14154,1.14121,1.14154,131,8,0
2026-07-08 03:15:00,1.14154,1.14156,1.1414,1.14144,62,8,0
2026-07-08 03:20:00,1.14144,1.14161,1.14136,1.14148,71,8,0
2026-07-08 03:25:00,1.14148,1.14154,1.14143,1.1414900000000001,73,8,0
2026-07-08 03:30:00,1.1414900000000001,1.1414900000000001,1.14133,1.14141,85,8,0
2026-07-08 03:35:00,1.14139,1.14141,1.14134,1.14134,71,8,0
2026-07-08 03:40:00,1.14134,1.14146,1.14131,1.14145,72,8,0
2026-07-08 03:45:00,1.14145,1.14151,1.14141,1.14148,53,8,0
2026-07-08 03:50:00,1.14148,1.14153,1.14134,1.14135,63,8,0
2026-07-08 03:55:00,1.14135,1.1414,1.14129,1.1414,55,8,0
2026-07-08 04:00:00,1.14139,1.14143,1.14121,1.14121,90,8,0
2026-07-08 04:05:00,1.14121,1.14133,1.1411,1.14128,91,8,0
2026-07-08 04:10:00,1.14128,1.14131,1.14117,1.14118,60,8,0
2026-07-08 04:15:00,1.14117,1.14128,1.14116,1.14119,81,8,0
2026-07-08 04:20:00,1.14118,1.14124,1.14107,1.1412200000000001,68,8,0
2026-07-08 04:25:00,1.1412200000000001,1.14134,1.1412200000000001,1.14133,51,8,0
2026-07-08 04:30:00,1.14133,1.14141,1.14126,1.14134,79,8,0
2026-07-08 04:35:00,1.14134,1.14157,1.14133,1.14148,80,8,0
2026-07-08 04:40:00,1.14148,1.14153,1.14135,1.14139,89,8,0
2026-07-08 04:45:00,1.14139,1.14153,1.14129,1.14129,89,8,0
2026-07-08 04:50:00,1.1413,1.14147,1.14128,1.14138,72,8,0
2026-07-08 04:55:00,1.14138,1.14141,1.14131,1.1414,95,8,0
2026-07-08 05:00:00,1.14138,1.14172,1.14134,1.14171,134,8,0
2026-07-08 05:05:00,1.14171,1.1418300000000001,1.1417,1.14174,105,8,0
2026-07-08 05:10:00,1.14173,1.14173,1.14141,1.14143,114,8,0
2026-07-08 05:15:00,1.1414,1.14157,1.1414,1.14145,104,8,0
2026-07-08 05:20:00,1.14145,1.1415,1.1412,1.1412200000000001,108,8,0
2026-07-08 05:25:00,1.14121,1.14138,1.14121,1.14131,67,8,0
2026-07-08 05:30:00,1.14131,1.14163,1.14129,1.14162,100,8,0
2026-07-08 05:35:00,1.14162,1.14173,1.14156,1.14172,93,8,0
2026-07-08 05:40:00,1.14173,1.14204,1.14164,1.14191,153,8,0
2026-07-08 05:45:00,1.14191,1.142,1.14177,1.1418300000000001,109,8,0
2026-07-08 05:50:00,1.1418300000000001,1.14186,1.14164,1.14182,135,8,0
2026-07-08 05:55:00,1.14182,1.142,1.14182,1.1419,94,8,0
2026-07-08 06:00:00,1.14192,1.14232,1.14176,1.14176,249,8,0
2026-07-08 06:05:00,1.14178,1.142,1.14172,1.1419,155,8,0
2026-07-08 06:10:00,1.1419,1.1419,1.14169,1.14174,144,8,0
2026-07-08 06:15:00,1.14173,1.14213,1.14173,1.14209,194,8,0
2026-07-08 06:20:00,1.14209,1.14226,1.1419,1.14219,260,8,0
2026-07-08 06:25:00,1.14219,1.14226,1.14197,1.14215,202,8,0
2026-07-08 06:30:00,1.14214,1.14225,1.14206,1.14208,217,8,0
2026-07-08 06:35:00,1.14208,1.14236,1.14191,1.14227,204,8,0
2026-07-08 06:40:00,1.14229,1.14235,1.14202,1.1421000000000001,217,8,0
2026-07-08 06:45:00,1.1421000000000001,1.14216,1.14185,1.14188,218,8,0
2026-07-08 06:50:00,1.14188,1.14216,1.14176,1.14208,155,8,0
2026-07-08 06:55:00,1.14209,1.14225,1.14204,1.14219,164,8,0
2026-07-08 07:00:00,1.14221,1.14225,1.14199,1.14218,217,8,0
2026-07-08 07:05:00,1.14216,1.14217,1.14177,1.14199,214,8,0
2026-07-08 07:10:00,1.14198,1.14222,1.1418300000000001,1.14189,196,8,0
2026-07-08 07:15:00,1.14189,1.14214,1.14166,1.14214,215,8,0
2026-07-08 07:20:00,1.14214,1.14262,1.14198,1.14245,238,8,0
2026-07-08 07:25:00,1.14243,1.1428,1.14229,1.14274,267,8,0
2026-07-08 07:30:00,1.14274,1.14313,1.14269,1.14285,262,8,0
2026-07-08 07:35:00,1.14285,1.14301,1.14259,1.14266,170,8,0
2026-07-08 07:40:00,1.14267,1.14293,1.14265,1.14288,146,8,0
2026-07-08 07:45:00,1.14289,1.14303,1.1427100000000001,1.14285,195,8,0
2026-07-08 07:50:00,1.14284,1.14284,1.14264,1.14267,160,8,0
2026-07-08 07:55:00,1.14266,1.14285,1.14251,1.14255,145,8,0
2026-07-08 08:00:00,1.14254,1.14274,1.1424,1.14267,174,8,0
2026-07-08 08:05:00,1.14268,1.14269,1.14239,1.14255,176,8,0
2026-07-08 08:10:00,1.14254,1.14254,1.1421999999999999,1.1421999999999999,214,8,0
2026-07-08 08:15:00,1.14223,1.14252,1.1400299999999999,1.1407,1428,8,0
2026-07-08 08:20:00,1.14069,1.14114,1.14047,1.1407,716,8,0
2026-07-08 08:25:00,1.1407,1.14148,1.1406,1.14137,497,8,0
2026-07-08 08:30:00,1.14138,1.14164,1.14106,1.14129,429,8,0
2026-07-08 08:35:00,1.1413,1.14132,1.14066,1.14093,411,8,0
2026-07-08 08:40:00,1.14092,1.14113,1.14048,1.14097,437,8,0
2026-07-08 08:45:00,1.14097,1.14182,1.14097,1.14157,371,8,0
2026-07-08 08:50:00,1.14158,1.1416,1.14112,1.14114,425,8,0
2026-07-08 08:55:00,1.14113,1.14146,1.14082,1.14101,372,8,0
2026-07-08 09:00:00,1.14103,1.1411,1.1405,1.14097,501,8,0
2026-07-08 09:05:00,1.14094,1.14094,1.14011,1.14019,371,8,0
2026-07-08 09:10:00,1.1402,1.14028,1.13957,1.13962,371,8,0
2026-07-08 09:15:00,1.1396,1.14066,1.13959,1.14047,481,8,0
2026-07-08 09:20:00,1.14048,1.14067,1.14024,1.14038,385,8,0
2026-07-08 09:25:00,1.14036,1.14059,1.14004,1.14051,360,8,0
2026-07-08 09:30:00,1.14052,1.1411,1.14041,1.14109,246,8,0
2026-07-08 09:35:00,1.1411,1.14111,1.14069,1.14101,291,8,0
2026-07-08 09:40:00,1.14101,1.14106,1.14071,1.1409799999999999,226,8,0
2026-07-08 09:45:00,1.14097,1.14109,1.14083,1.14102,206,8,0
2026-07-08 09:50:00,1.14102,1.14103,1.1407,1.14092,245,8,0
2026-07-08 09:55:00,1.14091,1.1409799999999999,1.14036,1.14041,256,8,0
2026-07-08 10:00:00,1.14043,1.14074,1.1404,1.14056,275,8,0
2026-07-08 10:05:00,1.14056,1.1406100000000001,1.14016,1.14016,216,8,0
2026-07-08 10:10:00,1.14016,1.14049,1.14009,1.14031,184,8,0
2026-07-08 10:15:00,1.14031,1.14069,1.14017,1.14069,198,8,0
2026-07-08 10:20:00,1.14071,1.14115,1.14066,1.14112,209,8,0
2026-07-08 10:25:00,1.1411,1.14113,1.14095,1.1411,171,8,0
2026-07-08 10:30:00,1.14108,1.14132,1.14101,1.14126,197,8,0
2026-07-08 10:35:00,1.14126,1.14133,1.14109,1.14127,164,8,0
2026-07-08 10:40:00,1.14127,1.14144,1.14111,1.1413,179,8,0
2026-07-08 10:45:00,1.1413,1.14133,1.14095,1.14113,165,8,0
2026-07-08 10:50:00,1.14111,1.14113,1.1408,1.14097,193,8,0
2026-07-08 10:55:00,1.14097,1.14099,1.14076,1.14083,136,8,0
2026-07-08 11:00:00,1.1408,1.14086,1.14045,1.14059,210,8,0
2026-07-08 11:05:00,1.14058,1.14078,1.14051,1.14068,158,8,0
2026-07-08 11:10:00,1.14068,1.14078,1.14057,1.14063,154,8,0
2026-07-08 11:15:00,1.14065,1.14093,1.14065,1.14084,121,8,0
2026-07-08 11:20:00,1.14084,1.14084,1.14054,1.14074,146,8,0
2026-07-08 11:25:00,1.14073,1.14073,1.14054,1.1406,138,8,0
2026-07-08 11:30:00,1.1406100000000001,1.14063,1.14026,1.14028,172,8,0
2026-07-08 11:35:00,1.14028,1.14034,1.13941,1.13944,288,8,0
2026-07-08 11:40:00,1.1394199999999999,1.14067,1.13928,1.1403699999999999,726,8,0
2026-07-08 11:45:00,1.14039,1.14044,1.13995,1.14001,349,8,0
2026-07-08 11:50:00,1.14002,1.14002,1.13967,1.13991,227,8,0
2026-07-08 11:55:00,1.13989,1.13994,1.13967,1.13982,234,8,0
2026-07-08 12:00:00,1.13981,1.14033,1.13971,1.14029,312,8,0
2026-07-08 12:05:00,1.14031,1.1405,1.14021,1.14026,268,8,0
2026-07-08 12:10:00,1.14026,1.14035,1.1401,1.14019,225,8,0
2026-07-08 12:15:00,1.14021,1.14063,1.1402,1.14045,243,8,0
2026-07-08 12:20:00,1.14044,1.14048,1.14028,1.14034,203,8,0
2026-07-08 12:25:00,1.14032,1.14052,1.14026,1.14044,205,8,0
2026-07-08 12:30:00,1.14044,1.1406,1.14026,1.14035,185,8,0
2026-07-08 12:35:00,1.14036,1.14048,1.14025,1.14046,171,8,0
2026-07-08 12:40:00,1.14045,1.14054,1.14032,1.14045,149,8,0
2026-07-08 12:45:00,1.14045,1.14062,1.14041,1.14052,174,8,0
2026-07-08 12:50:00,1.14052,1.14068,1.1404,1.14053,171,8,0
2026-07-08 12:55:00,1.14052,1.1406100000000001,1.13955,1.13959,636,8,0
2026-07-08 13:00:00,1.13957,1.13998,1.13955,1.13984,313,8,0
2026-07-08 13:05:00,1.13986,1.14011,1.1397,1.14011,346,8,0
2026-07-08 13:10:00,1.14013,1.14035,1.13993,1.1400299999999999,280,8,0
2026-07-08 13:15:00,1.1400299999999999,1.14007,1.13968,1.13995,269,8,0
2026-07-08 13:20:00,1.13994,1.14014,1.13988,1.14002,246,8,0
2026-07-08 13:25:00,1.14001,1.14059,1.13992,1.14026,334,8,0
2026-07-08 13:30:00,1.14028,1.14114,1.14028,1.1411,375,8,0
2026-07-08 13:35:00,1.14107,1.14117,1.1409,1.14104,323,8,0
2026-07-08 13:40:00,1.14103,1.14121,1.1407,1.14109,314,8,0
2026-07-08 13:45:00,1.14109,1.14134,1.1409799999999999,1.14123,239,8,0
2026-07-08 13:50:00,1.14123,1.14132,1.14083,1.14089,272,8,0
2026-07-08 13:55:00,1.14091,1.14104,1.14073,1.14097,262,8,0
2026-07-08 14:00:00,1.14096,1.14131,1.14081,1.14103,273,8,0
2026-07-08 14:05:00,1.14102,1.14109,1.14068,1.14086,303,8,0
2026-07-08 14:10:00,1.1408800000000001,1.14094,1.14056,1.14058,241,8,0
2026-07-08 14:15:00,1.14059,1.1409,1.14054,1.14081,211,8,0
2026-07-08 14:20:00,1.14081,1.14118,1.14078,1.141,233,8,0
2026-07-08 14:25:00,1.14102,1.14106,1.14071,1.1408,292,8,0
2026-07-08 14:30:00,1.14078,1.14084,1.14038,1.14045,271,8,0
2026-07-08 14:35:00,1.14044,1.1406399999999999,1.1404,1.14054,213,8,0
2026-07-08 14:40:00,1.14055,1.14078,1.14053,1.14055,234,8,0
2026-07-08 14:45:00,1.14054,1.14068,1.14041,1.14047,194,8,0
2026-07-08 14:50:00,1.14047,1.14082,1.14046,1.14056,233,8,0
2026-07-08 14:55:00,1.14057,1.14077,1.14029,1.14071,282,8,0
2026-07-08 15:00:00,1.14071,1.14092,1.14042,1.1409,304,8,0
2026-07-08 15:05:00,1.1408800000000001,1.14117,1.14079,1.14079,244,8,0
2026-07-08 15:10:00,1.14079,1.14081,1.14023,1.14025,208,8,0
2026-07-08 15:15:00,1.14026,1.14034,1.13986,1.14008,297,8,0
2026-07-08 15:20:00,1.14009,1.14029,1.13994,1.14014,252,8,0
2026-07-08 15:25:00,1.14012,1.14021,1.13998,1.1400000000000001,239,8,0
2026-07-08 15:30:00,1.14001,1.14009,1.13951,1.13969,265,8,0
2026-07-08 15:35:00,1.13971,1.1399,1.13931,1.13931,272,8,0
2026-07-08 15:40:00,1.13933,1.13941,1.13908,1.13926,249,8,0
2026-07-08 15:45:00,1.13926,1.13936,1.13914,1.13926,220,8,0
2026-07-08 15:50:00,1.13926,1.13957,1.1392,1.13951,216,8,0
2026-07-08 15:55:00,1.13951,1.13965,1.13943,1.1395,208,8,0
2026-07-08 16:00:00,1.13952,1.1396600000000001,1.1394199999999999,1.13963,201,8,0
2026-07-08 16:05:00,1.13963,1.14006,1.13962,1.13979,250,8,0
2026-07-08 16:10:00,1.13977,1.13992,1.13968,1.13969,188,8,0
2026-07-08 16:15:00,1.13969,1.14008,1.13955,1.14007,182,8,0
2026-07-08 16:20:00,1.14006,1.14025,1.14004,1.14009,163,8,0
2026-07-08 16:25:00,1.14009,1.14019,1.13998,1.14012,182,8,0
2026-07-08 16:30:00,1.1401,1.14056,1.14004,1.14049,213,8,0
2026-07-08 16:35:00,1.14047,1.14087,1.14044,1.14082,296,8,0
2026-07-08 16:40:00,1.1408,1.1412200000000001,1.1407,1.14115,339,8,0
2026-07-08 16:45:00,1.14113,1.14133,1.14103,1.14117,204,8,0
2026-07-08 16:50:00,1.14118,1.14134,1.14101,1.1413,215,8,0
2026-07-08 16:55:00,1.14132,1.14145,1.1412,1.14137,157,8,0
2026-07-08 17:00:00,1.14139,1.14173,1.14137,1.14144,227,8,0
2026-07-08 17:05:00,1.14144,1.14212,1.14143,1.14193,198,8,0
2026-07-08 17:10:00,1.14193,1.14233,1.14187,1.14208,195,8,0
2026-07-08 17:15:00,1.14207,1.14222,1.14204,1.14216,182,8,0
2026-07-08 17:20:00,1.14218,1.1425,1.14218,1.14225,233,8,0
2026-07-08 17:25:00,1.14223,1.14264,1.14217,1.14257,188,8,0
2026-07-08 17:30:00,1.14256,1.14266,1.14245,1.14258,159,8,0
2026-07-08 17:35:00,1.14256,1.14257,1.14228,1.14234,124,8,0
2026-07-08 17:40:00,1.14235,1.14236,1.1421000000000001,1.14211,123,8,0
2026-07-08 17:45:00,1.14213,1.14221,1.14206,1.14208,103,8,0
2026-07-08 17:50:00,1.1421000000000001,1.14221,1.14201,1.14206,120,8,0
2026-07-08 17:55:00,1.14204,1.14204,1.14185,1.14187,100,8,0
2026-07-08 18:00:00,1.14186,1.14236,1.14161,1.1421000000000001,218,8,0
2026-07-08 18:05:00,1.14211,1.1424,1.14205,1.14234,171,8,0
2026-07-08 18:10:00,1.14234,1.14276,1.14228,1.14274,199,8,0
2026-07-08 18:15:00,1.14274,1.14283,1.14252,1.1426,155,8,0
2026-07-08 18:20:00,1.1426,1.14283,1.14254,1.14274,107,8,0
2026-07-08 18:25:00,1.14274,1.14275,1.14251,1.14256,131,8,0
2026-07-08 18:30:00,1.14256,1.14257,1.14233,1.14248,143,8,0
2026-07-08 18:35:00,1.1425,1.14273,1.14239,1.14272,135,8,0
2026-07-08 18:40:00,1.14272,1.14285,1.14263,1.14284,125,8,0
2026-07-08 18:45:00,1.14284,1.14285,1.14266,1.14272,136,8,0
2026-07-08 18:50:00,1.14272,1.14279,1.14253,1.14264,142,8,0
2026-07-08 18:55:00,1.14264,1.14267,1.14246,1.14248,95,8,0
2026-07-08 19:00:00,1.1425,1.14276,1.1425,1.1427,125,8,0
2026-07-08 19:05:00,1.1427,1.14292,1.14267,1.1429,92,8,0
2026-07-08 19:10:00,1.1429,1.1429,1.1427100000000001,1.14283,82,8,0
2026-07-08 19:15:00,1.14283,1.14286,1.14268,1.14275,91,8,0
2026-07-08 19:20:00,1.14275,1.14291,1.14275,1.1428099999999999,83,8,0
2026-07-08 19:25:00,1.14282,1.14289,1.14274,1.14283,106,8,0
2026-07-08 19:30:00,1.14284,1.14299,1.14274,1.14276,133,8,0
2026-07-08 19:35:00,1.14275,1.14291,1.14272,1.1428099999999999,90,8,0
2026-07-08 19:40:00,1.1428099999999999,1.1428099999999999,1.14264,1.14269,95,8,0
2026-07-08 19:45:00,1.14269,1.14269,1.14224,1.1423,227,8,0
2026-07-08 19:50:00,1.14228,1.14261,1.14226,1.1426,153,8,0
2026-07-08 19:55:00,1.14261,1.14287,1.14257,1.1427100000000001,188,8,0
2026-07-08 20:00:00,1.1427100000000001,1.1427100000000001,1.14251,1.14256,99,8,0
2026-07-08 20:05:00,1.14256,1.14275,1.14253,1.14262,88,8,0
2026-07-08 20:10:00,1.14261,1.14262,1.14238,1.14242,102,8,0
2026-07-08 20:15:00,1.14242,1.14246,1.14223,1.14224,82,8,0
2026-07-08 20:20:00,1.14224,1.1423,1.14219,1.14222,68,8,0
2026-07-08 20:25:00,1.1421999999999999,1.1421999999999999,1.14201,1.14201,72,8,0
2026-07-08 20:30:00,1.142,1.142,1.14187,1.14187,71,8,0
2026-07-08 20:35:00,1.14187,1.14188,1.1415,1.14157,110,8,0
2026-07-08 20:40:00,1.14157,1.14172,1.14157,1.14162,70,8,0
2026-07-08 20:45:00,1.14164,1.1417,1.1416,1.14161,55,8,0
2026-07-08 20:50:00,1.14161,1.14169,1.14161,1.14167,38,8,0
2026-07-08 20:55:00,1.14167,1.14168,1.14143,1.14158,56,8,0
2026-07-08 21:00:00,1.14156,1.14156,1.14144,1.14144,3,20,0
2026-07-08 21:05:00,1.14158,1.14158,1.14135,1.14151,37,20,0
2026-07-08 21:10:00,1.14152,1.14152,1.1414,1.1414,46,61,0
2026-07-08 21:15:00,1.14143,1.14151,1.14141,1.14143,78,67,0
2026-07-08 21:20:00,1.14145,1.1414900000000001,1.14141,1.14148,53,68,0
2026-07-08 21:25:00,1.14145,1.14145,1.14134,1.14135,22,85,0
2026-07-08 21:30:00,1.14135,1.14141,1.14117,1.14139,50,67,0
2026-07-08 21:35:00,1.14142,1.14148,1.14136,1.14144,72,50,0
2026-07-08 21:40:00,1.14141,1.14157,1.14138,1.14157,28,48,0
2026-07-08 21:45:00,1.14157,1.1416,1.14148,1.14148,28,48,0
2026-07-08 21:50:00,1.1415,1.14152,1.1415,1.14151,11,48,0
2026-07-08 21:55:00,1.14151,1.14168,1.1415,1.14168,8,20,0
2026-07-08 22:00:00,1.14177,1.14184,1.1416,1.14161,49,8,0
2026-07-08 22:05:00,1.14161,1.14173,1.14161,1.14165,39,8,0
2026-07-08 22:10:00,1.14165,1.14178,1.14165,1.14168,33,8,0
2026-07-08 22:15:00,1.14168,1.14171,1.14165,1.1417,22,8,0
2026-07-08 22:20:00,1.14171,1.14171,1.14164,1.14166,26,8,0
2026-07-08 22:25:00,1.14166,1.1417,1.14165,1.14166,33,8,0
2026-07-08 22:30:00,1.14166,1.14179,1.14166,1.14179,61,8,0
2026-07-08 22:35:00,1.14179,1.14187,1.14175,1.14182,45,8,0
2026-07-08 22:40:00,1.14181,1.14186,1.14177,1.14178,34,8,0
2026-07-08 22:45:00,1.14178,1.1418,1.14174,1.1418,21,8,0
2026-07-08 22:50:00,1.1418,1.14182,1.14178,1.14179,17,8,0
2026-07-08 22:55:00,1.14179,1.14189,1.14177,1.14187,42,8,0
2026-07-08 23:00:00,1.14186,1.14193,1.1418300000000001,1.1419,31,8,0
2026-07-08 23:05:00,1.1419,1.14192,1.14174,1.14178,32,8,0
2026-07-08 23:10:00,1.14179,1.14179,1.14173,1.14174,22,8,0
2026-07-08 23:15:00,1.14174,1.14175,1.14168,1.14174,31,8,0
2026-07-08 23:20:00,1.14174,1.14178,1.14169,1.14173,38,8,0
2026-07-08 23:25:00,1.14173,1.14184,1.14173,1.14182,20,8,0
2026-07-08 23:30:00,1.14182,1.14189,1.14181,1.14187,24,8,0
2026-07-08 23:35:00,1.14187,1.14197,1.14185,1.14191,58,8,0
2026-07-08 23:40:00,1.14191,1.14203,1.1419,1.142,41,8,0
2026-07-08 23:45:00,1.14199,1.14211,1.14199,1.14207,43,8,0
2026-07-08 23:50:00,1.14207,1.14207,1.14195,1.142,33,8,0
2026-07-08 23:55:00,1.142,1.14221,1.14199,1.14209,53,8,0
2026-07-09 00:00:00,1.14211,1.14238,1.14208,1.14236,144,8,0
2026-07-09 00:05:00,1.14236,1.14259,1.14234,1.14251,95,8,0
2026-07-09 00:10:00,1.14251,1.14284,1.14248,1.14273,133,8,0
2026-07-09 00:15:00,1.14274,1.1428,1.14255,1.14256,90,8,0
2026-07-09 00:20:00,1.14256,1.14269,1.1425,1.1426,99,8,0
2026-07-09 00:25:00,1.1426,1.14273,1.1426,1.1427100000000001,91,8,0
2026-07-09 00:30:00,1.1427100000000001,1.14297,1.14268,1.14289,129,8,0
2026-07-09 00:35:00,1.14289,1.14294,1.14283,1.14284,90,8,0
2026-07-09 00:40:00,1.14284,1.14289,1.14261,1.14264,102,8,0
2026-07-09 00:45:00,1.14262,1.14265,1.1425,1.14257,99,8,0
2026-07-09 00:50:00,1.14258,1.14258,1.14227,1.14232,124,8,0
2026-07-09 00:55:00,1.14233,1.14256,1.14227,1.14252,116,8,0
2026-07-09 01:00:00,1.14254,1.1427,1.14236,1.14242,143,8,0
2026-07-09 01:05:00,1.14242,1.14254,1.14231,1.14253,127,8,0
2026-07-09 01:10:00,1.14253,1.14253,1.14223,1.14225,107,8,0
2026-07-09 01:15:00,1.14225,1.14237,1.14223,1.14236,103,8,0
2026-07-09 01:20:00,1.14236,1.14243,1.14225,1.14232,106,8,0
2026-07-09 01:25:00,1.14232,1.14232,1.14211,1.14213,80,8,0
2026-07-09 01:30:00,1.14213,1.14223,1.14197,1.14221,120,8,0
2026-07-09 01:35:00,1.1421999999999999,1.1425,1.1421999999999999,1.14236,108,8,0
2026-07-09 01:40:00,1.14236,1.14238,1.14225,1.14231,99,8,0
2026-07-09 01:45:00,1.14232,1.14232,1.14208,1.14221,107,8,0
2026-07-09 01:50:00,1.14221,1.14226,1.14213,1.14219,82,8,0
2026-07-09 01:55:00,1.14219,1.14257,1.14219,1.14253,106,8,0
2026-07-09 02:00:00,1.14253,1.14268,1.14252,1.14263,127,8,0
2026-07-09 02:05:00,1.14263,1.14279,1.14256,1.14264,105,8,0
2026-07-09 02:10:00,1.14263,1.14275,1.14253,1.1427,106,8,0
2026-07-09 02:15:00,1.1427,1.14278,1.14264,1.1427,70,8,0
2026-07-09 02:20:00,1.1427,1.1427100000000001,1.14261,1.14263,52,8,0
2026-07-09 02:25:00,1.14264,1.14268,1.14253,1.14258,84,8,0
2026-07-09 02:30:00,1.14258,1.14265,1.14242,1.14242,93,8,0
2026-07-09 02:35:00,1.14241,1.14253,1.14229,1.14242,110,8,0
2026-07-09 02:40:00,1.14242,1.14248,1.14233,1.14245,87,8,0
2026-07-09 02:45:00,1.14245,1.14268,1.14245,1.14263,70,8,0
2026-07-09 02:50:00,1.14262,1.14267,1.1424400000000001,1.14248,73,8,0
2026-07-09 02:55:00,1.14249,1.14253,1.14238,1.14239,59,8,0
2026-07-09 03:00:00,1.14239,1.14249,1.14237,1.14249,71,8,0
2026-07-09 03:05:00,1.14249,1.14258,1.14247,1.14254,61,8,0
2026-07-09 03:10:00,1.14254,1.14256,1.14241,1.1425,77,8,0
2026-07-09 03:15:00,1.1425,1.1425,1.14227,1.14233,81,8,0
2026-07-09 03:20:00,1.14233,1.1424,1.14226,1.14239,70,8,0
2026-07-09 03:25:00,1.14239,1.14265,1.14237,1.14258,83,8,0
2026-07-09 03:30:00,1.14258,1.14299,1.14258,1.1428099999999999,137,8,0
2026-07-09 03:35:00,1.1428099999999999,1.143,1.14279,1.14292,112,8,0
2026-07-09 03:40:00,1.14293,1.14295,1.1427,1.14278,80,8,0
2026-07-09 03:45:00,1.14278,1.14278,1.14258,1.14261,70,8,0
2026-07-09 03:50:00,1.14259,1.14286,1.14259,1.14279,76,8,0
2026-07-09 03:55:00,1.14279,1.1428,1.14259,1.14266,64,8,0
2026-07-09 04:00:00,1.14266,1.14268,1.14251,1.14257,95,8,0
2026-07-09 04:05:00,1.14257,1.14269,1.14257,1.14264,63,8,0
2026-07-09 04:10:00,1.14264,1.14269,1.14253,1.1426,74,8,0
2026-07-09 04:15:00,1.1426,1.1426,1.14229,1.1423,78,8,0
2026-07-09 04:20:00,1.1423,1.14254,1.1423,1.14247,70,8,0
2026-07-09 04:25:00,1.14247,1.14256,1.14247,1.14248,57,8,0
2026-07-09 04:30:00,1.14248,1.14267,1.14248,1.14261,75,8,0
2026-07-09 04:35:00,1.14262,1.14263,1.14249,1.14249,47,8,0
2026-07-09 04:40:00,1.1425,1.14255,1.14247,1.14253,56,8,0
2026-07-09 04:45:00,1.14252,1.14257,1.14248,1.14256,51,8,0
2026-07-09 04:50:00,1.14256,1.14269,1.14256,1.14268,50,8,0
2026-07-09 04:55:00,1.14265,1.1427,1.1426,1.14267,60,8,0
2026-07-09 05:00:00,1.14265,1.14278,1.14262,1.14265,89,8,0
2026-07-09 05:05:00,1.14265,1.14272,1.14261,1.14267,74,8,0
2026-07-09 05:10:00,1.14267,1.14338,1.14267,1.14317,279,8,0
2026-07-09 05:15:00,1.14319,1.14327,1.14293,1.143,182,8,0
2026-07-09 05:20:00,1.143,1.14302,1.14287,1.143,79,8,0
2026-07-09 05:25:00,1.143,1.14321,1.143,1.14319,77,8,0
2026-07-09 05:30:00,1.1432,1.1433,1.14303,1.14329,120,8,0
2026-07-09 05:35:00,1.14329,1.1433,1.14316,1.14328,103,8,0
2026-07-09 05:40:00,1.14328,1.14328,1.14294,1.14314,126,8,0
2026-07-09 05:45:00,1.14314,1.14324,1.14312,1.14324,78,8,0
2026-07-09 05:50:00,1.14324,1.14333,1.14317,1.14321,92,8,0
2026-07-09 05:55:00,1.14323,1.14323,1.14302,1.1430500000000001,116,8,0
2026-07-09 06:00:00,1.14306,1.14365,1.14306,1.14355,204,8,0
2026-07-09 06:05:00,1.14354,1.14359,1.14339,1.14355,158,8,0
2026-07-09 06:10:00,1.14355,1.14357,1.1433,1.1434,157,8,0
2026-07-09 06:15:00,1.1434,1.1436600000000001,1.14334,1.14357,165,8,0
2026-07-09 06:20:00,1.14356,1.1445,1.14354,1.14435,276,8,0
2026-07-09 06:25:00,1.1443699999999999,1.14474,1.1443,1.14463,233,8,0
2026-07-09 06:30:00,1.14461,1.14491,1.14448,1.14485,240,8,0
2026-07-09 06:35:00,1.14485,1.14486,1.14421,1.14445,217,8,0
2026-07-09 06:40:00,1.14443,1.14452,1.14412,1.14452,183,8,0
2026-07-09 06:45:00,1.14451,1.1445400000000001,1.1443,1.14431,151,8,0
2026-07-09 06:50:00,1.14429,1.14441,1.14405,1.14405,147,8,0
2026-07-09 06:55:00,1.14406,1.1442,1.1439300000000001,1.14417,196,8,0
2026-07-09 07:00:00,1.14419,1.14419,1.14381,1.14384,222,8,0
2026-07-09 07:05:00,1.14384,1.14384,1.14349,1.1437599999999999,134,8,0
2026-07-09 07:10:00,1.1437599999999999,1.14384,1.14356,1.1436600000000001,182,8,0
2026-07-09 07:15:00,1.14364,1.14389,1.14357,1.14374,170,8,0
2026-07-09 07:20:00,1.14374,1.14384,1.14359,1.14372,158,8,0
2026-07-09 07:25:00,1.14371,1.14382,1.14365,1.1437599999999999,138,8,0
2026-07-09 07:30:00,1.1437599999999999,1.14382,1.14349,1.14355,121,8,0
2026-07-09 07:35:00,1.14355,1.14371,1.14347,1.14361,138,8,0
2026-07-09 07:40:00,1.1436,1.14365,1.14343,1.14352,151,8,0
2026-07-09 07:45:00,1.14352,1.14353,1.14323,1.14339,150,8,0
2026-07-09 07:50:00,1.1434,1.14348,1.14329,1.14343,103,8,0
2026-07-09 07:55:00,1.14341,1.14357,1.14323,1.14354,155,8,0
2026-07-09 08:00:00,1.14352,1.14356,1.14334,1.14348,176,8,0
2026-07-09 08:05:00,1.1435,1.14378,1.14341,1.1437,180,8,0
2026-07-09 08:10:00,1.1437,1.14378,1.14333,1.14356,186,8,0
2026-07-09 08:15:00,1.14354,1.14373,1.1435,1.14369,130,8,0
2026-07-09 08:20:00,1.14368,1.14373,1.14347,1.14356,161,8,0
2026-07-09 08:25:00,1.14358,1.1436600000000001,1.14337,1.14361,132,8,0
2026-07-09 08:30:00,1.14361,1.1437,1.1433200000000001,1.14338,178,8,0
2026-07-09 08:35:00,1.14338,1.14354,1.14327,1.14333,155,8,0
2026-07-09 08:40:00,1.14331,1.14331,1.14308,1.1432,151,8,0
2026-07-09 08:45:00,1.1432,1.14325,1.14287,1.14291,147,8,0
2026-07-09 08:50:00,1.14291,1.14303,1.14283,1.14303,138,8,0
2026-07-09 08:55:00,1.14302,1.1430500000000001,1.14253,1.14264,153,8,0
2026-07-09 09:00:00,1.14264,1.14283,1.14261,1.14274,160,8,0
2026-07-09 09:05:00,1.14274,1.14277,1.14239,1.14245,168,8,0
2026-07-09 09:10:00,1.1424400000000001,1.14266,1.14234,1.14256,135,8,0
2026-07-09 09:15:00,1.14255,1.14273,1.14248,1.14261,113,8,0
2026-07-09 09:20:00,1.1426,1.1428099999999999,1.14257,1.14257,121,8,0
2026-07-09 09:25:00,1.14257,1.14279,1.14254,1.1427100000000001,156,8,0
2026-07-09 09:30:00,1.14273,1.14275,1.14247,1.14252,127,8,0
2026-07-09 09:35:00,1.14252,1.1427100000000001,1.14247,1.14267,152,8,0
2026-07-09 09:40:00,1.14267,1.14274,1.14236,1.14261,218,8,0
2026-07-09 09:45:00,1.14261,1.14274,1.14254,1.14269,110,8,0
2026-07-09 09:50:00,1.14267,1.1429,1.14267,1.1429,107,8,0
2026-07-09 09:55:00,1.14292,1.14311,1.14284,1.14307,153,8,0
2026-07-09 10:00:00,1.14306,1.14307,1.1428,1.14288,109,8,0
2026-07-09 10:05:00,1.14288,1.14293,1.1427,1.14287,125,8,0
2026-07-09 10:10:00,1.14287,1.14293,1.14278,1.14289,134,8,0
2026-07-09 10:15:00,1.14289,1.14299,1.14268,1.14275,154,8,0
2026-07-09 10:20:00,1.14275,1.1428099999999999,1.14264,1.14266,97,8,0
2026-07-09 10:25:00,1.14266,1.1427100000000001,1.14257,1.14268,92,8,0
2026-07-09 10:30:00,1.14268,1.14292,1.14261,1.14291,110,8,0
2026-07-09 10:35:00,1.14292,1.14312,1.14282,1.14283,125,8,0
2026-07-09 10:40:00,1.14283,1.14287,1.14264,1.1427100000000001,135,8,0
2026-07-09 10:45:00,1.1427100000000001,1.1428,1.14262,1.14278,143,8,0
2026-07-09 10:50:00,1.14278,1.14278,1.14208,1.14233,276,8,0
2026-07-09 10:55:00,1.14232,1.14233,1.14207,1.14233,209,8,0
2026-07-09 11:00:00,1.14233,1.1424400000000001,1.14216,1.14229,206,8,0
2026-07-09 11:05:00,1.14229,1.14238,1.14216,1.14238,179,8,0
2026-07-09 11:10:00,1.14238,1.14254,1.1423,1.14254,164,8,0
2026-07-09 11:15:00,1.14254,1.1426,1.14241,1.14245,137,8,0
2026-07-09 11:20:00,1.14245,1.14249,1.1423,1.14236,112,8,0
2026-07-09 11:25:00,1.14237,1.14248,1.14227,1.14231,136,8,0
2026-07-09 11:30:00,1.14232,1.14255,1.14217,1.14253,146,8,0
2026-07-09 11:35:00,1.14252,1.14263,1.1424,1.14261,97,8,0
2026-07-09 11:40:00,1.14259,1.14266,1.14253,1.14253,103,8,0
2026-07-09 11:45:00,1.14254,1.1427100000000001,1.14249,1.14258,151,8,0
2026-07-09 11:50:00,1.14259,1.14294,1.1424400000000001,1.14294,168,8,0
2026-07-09 11:55:00,1.14293,1.14296,1.14278,1.1429,132,8,0
2026-07-09 12:00:00,1.14293,1.14326,1.14293,1.14314,226,8,0
2026-07-09 12:05:00,1.1431499999999999,1.14348,1.14302,1.1434199999999999,201,8,0
2026-07-09 12:10:00,1.14341,1.14355,1.14327,1.14336,180,8,0
2026-07-09 12:15:00,1.14336,1.14347,1.14333,1.1434,133,8,0
2026-07-09 12:20:00,1.1434,1.14341,1.14311,1.14317,161,8,0
2026-07-09 12:25:00,1.14317,1.14327,1.14307,1.14323,129,8,0
2026-07-09 12:30:00,1.14324,1.14352,1.14313,1.14325,176,8,0
2026-07-09 12:35:00,1.14328,1.14328,1.14293,1.14299,189,8,0
2026-07-09 12:40:00,1.14296,1.1431,1.14266,1.1428099999999999,205,8,0
2026-07-09 12:45:00,1.1428099999999999,1.1428099999999999,1.14254,1.14266,150,8,0
2026-07-09 12:50:00,1.14266,1.14282,1.1424400000000001,1.14251,186,8,0
2026-07-09 12:55:00,1.14252,1.14273,1.14222,1.14246,205,8,0
2026-07-09 13:00:00,1.14245,1.14268,1.14235,1.14258,198,8,0
2026-07-09 13:05:00,1.14258,1.14301,1.14251,1.14293,170,8,0
2026-07-09 13:10:00,1.14294,1.14301,1.14273,1.143,161,8,0
2026-07-09 13:15:00,1.143,1.14363,1.14299,1.1432,250,8,0
2026-07-09 13:20:00,1.14322,1.14328,1.1430500000000001,1.14323,176,8,0
2026-07-09 13:25:00,1.14325,1.14351,1.14323,1.14338,214,8,0
2026-07-09 13:30:00,1.1434,1.14362,1.1431,1.14321,253,8,0
2026-07-09 13:35:00,1.14324,1.14337,1.14316,1.1432,216,8,0
2026-07-09 13:40:00,1.14319,1.14365,1.1431499999999999,1.14345,233,8,0
2026-07-09 13:45:00,1.14345,1.14373,1.14329,1.14367,204,8,0
2026-07-09 13:50:00,1.14367,1.14382,1.14353,1.14353,231,8,0
2026-07-09 13:55:00,1.14356,1.14388,1.14353,1.14387,148,8,0
2026-07-09 14:00:00,1.14388,1.14455,1.14388,1.14455,231,8,0
2026-07-09 14:05:00,1.1445400000000001,1.1445400000000001,1.14396,1.144,275,8,0
2026-07-09 14:10:00,1.144,1.14422,1.14395,1.14404,207,8,0
2026-07-09 14:15:00,1.1440299999999999,1.14404,1.1436,1.14365,219,8,0
2026-07-09 14:20:00,1.14367,1.14405,1.14365,1.14399,211,8,0
2026-07-09 14:25:00,1.14398,1.14399,1.14374,1.14389,175,8,0
2026-07-09 14:30:00,1.14388,1.14414,1.14355,1.14412,247,8,0
2026-07-09 14:35:00,1.14412,1.14425,1.1437,1.14378,229,8,0
2026-07-09 14:40:00,1.14378,1.14379,1.14353,1.14363,213,8,0
2026-07-09 14:45:00,1.14361,1.14367,1.14348,1.14352,175,8,0
2026-07-09 14:50:00,1.14352,1.14355,1.14324,1.14329,261,8,0
2026-07-09 14:55:00,1.14328,1.14338,1.1431,1.14326,270,8,0
2026-07-09 15:00:00,1.14328,1.1433200000000001,1.14288,1.14308,263,8,0
2026-07-09 15:05:00,1.14307,1.14355,1.1430500000000001,1.14354,209,8,0
2026-07-09 15:10:00,1.14352,1.14357,1.14303,1.14311,180,8,0
2026-07-09 15:15:00,1.14312,1.1433,1.14299,1.14302,180,8,0
2026-07-09 15:20:00,1.14302,1.14314,1.14289,1.14308,144,8,0
2026-07-09 15:25:00,1.1431,1.1434,1.14308,1.14328,177,8,0
2026-07-09 15:30:00,1.14327,1.14338,1.14306,1.1432,149,8,0
2026-07-09 15:35:00,1.14321,1.1433200000000001,1.14308,1.14329,159,8,0
2026-07-09 15:40:00,1.14329,1.14369,1.14328,1.14369,183,8,0
2026-07-09 15:45:00,1.1437,1.14383,1.14353,1.14367,154,8,0
2026-07-09 15:50:00,1.14367,1.14401,1.14367,1.14397,195,8,0
2026-07-09 15:55:00,1.14395,1.14397,1.14375,1.14384,182,8,0
2026-07-09 16:00:00,1.14382,1.144,1.14382,1.14396,153,8,0
2026-07-09 16:05:00,1.14396,1.14398,1.1438,1.14387,141,8,0
2026-07-09 16:10:00,1.14387,1.144,1.14369,1.14392,137,8,0
2026-07-09 16:15:00,1.14392,1.1441,1.14368,1.1437,137,8,0
2026-07-09 16:20:00,1.1437,1.14373,1.14354,1.14359,101,8,0
2026-07-09 16:25:00,1.1436,1.1438,1.14357,1.1436600000000001,90,8,0
2026-07-09 16:30:00,1.14367,1.14374,1.14348,1.14348,96,8,0
2026-07-09 16:35:00,1.14348,1.14394,1.14348,1.14388,173,8,0
2026-07-09 16:40:00,1.14388,1.14402,1.14378,1.14395,94,8,0
2026-07-09 16:45:00,1.14395,1.1440299999999999,1.14391,1.14392,71,8,0
2026-07-09 16:50:00,1.14392,1.14398,1.14381,1.14382,102,8,0
2026-07-09 16:55:00,1.14383,1.14386,1.14361,1.14367,99,8,0
2026-07-09 17:00:00,1.1436600000000001,1.14377,1.14356,1.14362,108,8,0
2026-07-09 17:05:00,1.14362,1.14371,1.14351,1.14355,92,8,0
2026-07-09 17:10:00,1.14355,1.14363,1.14338,1.1436,110,8,0
2026-07-09 17:15:00,1.1436,1.14392,1.1435,1.14391,107,8,0
2026-07-09 17:20:00,1.14391,1.14402,1.14386,1.14392,153,8,0
2026-07-09 17:25:00,1.14392,1.14402,1.14385,1.14397,107,8,0
2026-07-09 17:30:00,1.14397,1.14405,1.1437599999999999,1.1438,101,8,0
2026-07-09 17:35:00,1.1438,1.14386,1.1436600000000001,1.14368,111,8,0
2026-07-09 17:40:00,1.14368,1.14368,1.14357,1.1436600000000001,66,8,0
2026-07-09 17:45:00,1.1436600000000001,1.14378,1.14365,1.14372,95,8,0
2026-07-09 17:50:00,1.14372,1.1438,1.14367,1.14368,72,8,0
2026-07-09 17:55:00,1.14368,1.14375,1.14362,1.14372,80,8,0
2026-07-09 18:00:00,1.14371,1.14379,1.14355,1.14356,99,8,0
2026-07-09 18:05:00,1.14356,1.14368,1.14351,1.14359,81,8,0
2026-07-09 18:10:00,1.14359,1.14364,1.14344,1.14349,103,8,0
2026-07-09 18:15:00,1.14349,1.14356,1.14336,1.14337,81,8,0
2026-07-09 18:20:00,1.14337,1.1434199999999999,1.14321,1.14328,103,8,0
2026-07-09 18:25:00,1.14327,1.14334,1.1431499999999999,1.14318,117,8,0
2026-07-09 18:30:00,1.14318,1.14329,1.14314,1.14322,88,8,0
2026-07-09 18:35:00,1.14322,1.14326,1.14311,1.14313,56,8,0
2026-07-09 18:40:00,1.14313,1.14335,1.14313,1.14326,90,8,0
2026-07-09 18:45:00,1.14326,1.1434,1.1432,1.1434,87,8,0
2026-07-09 18:50:00,1.1434,1.14341,1.14321,1.14331,77,8,0
2026-07-09 18:55:00,1.14331,1.14339,1.14331,1.14333,60,8,0
2026-07-09 19:00:00,1.14333,1.1434199999999999,1.14318,1.14322,100,8,0
2026-07-09 19:05:00,1.14322,1.14327,1.1431,1.14311,75,8,0
2026-07-09 19:10:00,1.14311,1.14312,1.1430500000000001,1.14312,62,8,0
2026-07-09 19:15:00,1.14312,1.14321,1.14309,1.14317,51,8,0
2026-07-09 19:20:00,1.14318,1.14321,1.14298,1.14298,48,8,0
2026-07-09 19:25:00,1.14298,1.14299,1.14284,1.14287,95,8,0
2026-07-09 19:30:00,1.14288,1.1429,1.14269,1.1427,109,8,0
2026-07-09 19:35:00,1.14269,1.1429,1.14269,1.14282,98,8,0
2026-07-09 19:40:00,1.14282,1.14288,1.1427100000000001,1.1427100000000001,65,8,0
2026-07-09 19:45:00,1.1427100000000001,1.14272,1.14263,1.14267,57,8,0
2026-07-09 19:50:00,1.14267,1.14272,1.14261,1.14263,54,8,0
2026-07-09 19:55:00,1.14265,1.14282,1.14252,1.14274,125,8,0
2026-07-09 20:00:00,1.14274,1.14286,1.1427,1.14276,69,8,0
2026-07-09 20:05:00,1.14276,1.14289,1.14275,1.14286,56,8,0
2026-07-09 20:10:00,1.14286,1.14295,1.14282,1.14293,35,8,0
2026-07-09 20:15:00,1.14294,1.14299,1.14288,1.14295,39,8,0
2026-07-09 20:20:00,1.14295,1.14296,1.14291,1.14293,17,8,0
2026-07-09 20:25:00,1.14295,1.14298,1.14282,1.14285,54,8,0
2026-07-09 20:30:00,1.14285,1.14294,1.14285,1.14293,32,8,0
2026-07-09 20:35:00,1.14293,1.14297,1.14291,1.14294,23,8,0
2026-07-09 20:40:00,1.14294,1.14294,1.14292,1.14293,15,8,0
2026-07-09 20:45:00,1.14293,1.14293,1.1428099999999999,1.14288,42,8,0
2026-07-09 20:50:00,1.14289,1.14291,1.14282,1.14288,51,8,0
2026-07-09 20:55:00,1.14288,1.14299,1.14288,1.14293,51,8,0
2026-07-09 21:00:00,1.14295,1.14295,1.14295,1.14295,1,20,0
2026-07-09 21:05:00,1.14291,1.14296,1.14282,1.14287,19,20,0
2026-07-09 21:10:00,1.14288,1.14291,1.14286,1.14289,26,48,0
2026-07-09 21:15:00,1.14288,1.14291,1.14286,1.14286,41,48,0
2026-07-09 21:20:00,1.14285,1.14287,1.14278,1.14282,46,48,0
2026-07-09 21:25:00,1.14282,1.14287,1.1428,1.14286,31,48,0
2026-07-09 21:30:00,1.14284,1.14289,1.1428099999999999,1.14288,26,48,0
2026-07-09 21:35:00,1.14288,1.14299,1.1428099999999999,1.14299,32,20,0
2026-07-09 21:40:00,1.14298,1.143,1.14284,1.14298,34,20,0
2026-07-09 21:45:00,1.14298,1.14299,1.14296,1.14296,25,20,0
2026-07-09 21:50:00,1.14297,1.14297,1.14275,1.14296,37,20,0
2026-07-09 21:55:00,1.14296,1.14302,1.14296,1.14302,11,8,0
2026-07-09 22:00:00,1.14303,1.14309,1.14287,1.14303,53,8,0
2026-07-09 22:05:00,1.14303,1.14329,1.14303,1.14322,62,8,0
2026-07-09 22:10:00,1.14322,1.14326,1.14321,1.14323,32,8,0
2026-07-09 22:15:00,1.14323,1.14329,1.14322,1.14327,34,8,0
2026-07-09 22:20:00,1.14327,1.14327,1.14325,1.14326,29,8,0
2026-07-09 22:25:00,1.14326,1.14326,1.14324,1.14325,20,8,0
2026-07-09 22:30:00,1.14325,1.14328,1.14324,1.14327,22,8,0
2026-07-09 22:35:00,1.14327,1.14328,1.14323,1.14325,21,8,0
2026-07-09 22:40:00,1.14325,1.14327,1.14324,1.14326,10,8,0
2026-07-09 22:45:00,1.14326,1.14329,1.14325,1.14326,15,8,0
2026-07-09 22:50:00,1.14326,1.14331,1.14326,1.1433,28,8,0
2026-07-09 22:55:00,1.1433,1.1433200000000001,1.14328,1.1433,25,8,0
2026-07-09 23:00:00,1.1433200000000001,1.14334,1.14327,1.14331,30,8,0
2026-07-09 23:05:00,1.14331,1.14335,1.14329,1.1433,25,8,0
2026-07-09 23:10:00,1.1433,1.14333,1.14329,1.14333,13,8,0
2026-07-09 23:15:00,1.14333,1.14334,1.14329,1.1433,25,8,0
2026-07-09 23:20:00,1.1433,1.1433,1.1431499999999999,1.1431499999999999,23,8,0
2026-07-09 23:25:00,1.1431499999999999,1.14316,1.1431,1.1431499999999999,29,8,0
2026-07-09 23:30:00,1.1431499999999999,1.14318,1.14313,1.14316,17,8,0
2026-07-09 23:35:00,1.14316,1.14329,1.1431499999999999,1.14324,33,8,0
2026-07-09 23:40:00,1.14324,1.14329,1.14323,1.14328,13,8,0
2026-07-09 23:45:00,1.14328,1.14333,1.14326,1.14327,42,8,0
2026-07-09 23:50:00,1.14327,1.14328,1.14317,1.1432,30,8,0
2026-07-09 23:55:00,1.14321,1.14329,1.14319,1.14329,40,8,0
2026-07-10 00:00:00,1.14329,1.14338,1.14316,1.14331,143,8,0
2026-07-10 00:05:00,1.14331,1.14339,1.14321,1.14325,87,8,0
2026-07-10 00:10:00,1.14323,1.1433200000000001,1.14313,1.1431499999999999,95,8,0
2026-07-10 00:15:00,1.1431499999999999,1.14324,1.1431499999999999,1.14317,52,8,0
2026-07-10 00:20:00,1.14317,1.14319,1.14304,1.14308,78,8,0
2026-07-10 00:25:00,1.14308,1.14313,1.1430500000000001,1.14308,59,8,0
2026-07-10 00:30:00,1.14308,1.14311,1.14299,1.14301,74,8,0
2026-07-10 00:35:00,1.14301,1.14324,1.14301,1.14322,80,8,0
2026-07-10 00:40:00,1.14323,1.14348,1.14321,1.14345,100,8,0
2026-07-10 00:45:00,1.14345,1.14374,1.14345,1.14372,205,8,0
2026-07-10 00:50:00,1.14371,1.14387,1.1436,1.14386,176,8,0
2026-07-10 00:55:00,1.14388,1.14416,1.14381,1.14397,193,8,0
2026-07-10 01:00:00,1.14395,1.144,1.14377,1.1439,183,8,0
2026-07-10 01:05:00,1.14391,1.14424,1.1437599999999999,1.14416,211,8,0
2026-07-10 01:10:00,1.14415,1.14443,1.1441,1.14442,155,8,0
2026-07-10 01:15:00,1.14444,1.14468,1.14441,1.14465,212,8,0
2026-07-10 01:20:00,1.14463,1.14466,1.14419,1.1442700000000001,162,8,0
2026-07-10 01:25:00,1.14428,1.14431,1.14411,1.14423,110,8,0
2026-07-10 01:30:00,1.14421,1.14443,1.14415,1.14442,173,8,0
2026-07-10 01:35:00,1.14442,1.14453,1.14417,1.14434,180,8,0
2026-07-10 01:40:00,1.14433,1.14445,1.14421,1.14428,146,8,0
2026-07-10 01:45:00,1.14428,1.14457,1.14415,1.1445400000000001,190,8,0
2026-07-10 01:50:00,1.14453,1.14471,1.14444,1.14465,182,8,0
2026-07-10 01:55:00,1.14466,1.14495,1.14465,1.14469,171,8,0
2026-07-10 02:00:00,1.1447,1.14485,1.14466,1.14481,180,8,0
2026-07-10 02:05:00,1.14481,1.14546,1.14481,1.14528,228,8,0
2026-07-10 02:10:00,1.14529,1.14558,1.14528,1.1455,164,8,0
2026-07-10 02:15:00,1.1455,1.14596,1.14548,1.14589,218,8,0
2026-07-10 02:20:00,1.14587,1.14592,1.14558,1.14569,205,8,0
2026-07-10 02:25:00,1.14569,1.1459,1.14565,1.14566,178,8,0
2026-07-10 02:30:00,1.14567,1.14575,1.14557,1.14564,215,8,0
2026-07-10 02:35:00,1.14564,1.14567,1.14544,1.1456,163,8,0
2026-07-10 02:40:00,1.14562,1.14589,1.14558,1.14582,161,8,0
2026-07-10 02:45:00,1.14582,1.14597,1.14568,1.14579,173,8,0
2026-07-10 02:50:00,1.14579,1.14603,1.14579,1.14597,148,8,0
2026-07-10 02:55:00,1.14597,1.14597,1.1457600000000001,1.14577,117,8,0
2026-07-10 03:00:00,1.1458,1.14591,1.14568,1.14573,140,8,0
2026-07-10 03:05:00,1.14573,1.14585,1.14564,1.14581,91,8,0
2026-07-10 03:10:00,1.14581,1.14581,1.14553,1.14555,91,8,0
2026-07-10 03:15:00,1.14555,1.1455899999999999,1.14548,1.14554,113,8,0
2026-07-10 03:20:00,1.14553,1.14554,1.14533,1.14535,115,8,0
2026-07-10 03:25:00,1.14535,1.14554,1.14534,1.14553,85,8,0
2026-07-10 03:30:00,1.14553,1.14564,1.14548,1.1456,102,8,0
2026-07-10 03:35:00,1.1456,1.1456,1.14533,1.14543,116,8,0
2026-07-10 03:40:00,1.14543,1.14543,1.14532,1.14538,58,8,0
2026-07-10 03:45:00,1.14536,1.14537,1.14512,1.14512,80,8,0
2026-07-10 03:50:00,1.14511,1.14526,1.145,1.14501,99,8,0
2026-07-10 03:55:00,1.14499,1.14505,1.14471,1.14492,161,8,0
2026-07-10 04:00:00,1.1449,1.1449,1.14476,1.1448,83,8,0
2026-07-10 04:05:00,1.1448,1.14485,1.14469,1.14474,100,8,0
2026-07-10 04:10:00,1.14473,1.1448800000000001,1.14466,1.14486,75,8,0
2026-07-10 04:15:00,1.14486,1.1448800000000001,1.14462,1.14466,99,8,0
2026-07-10 04:20:00,1.14466,1.14467,1.1444,1.14442,101,8,0
2026-07-10 04:25:00,1.14442,1.14457,1.1444,1.14456,62,8,0
2026-07-10 04:30:00,1.14456,1.14456,1.14442,1.14448,58,8,0
2026-07-10 04:35:00,1.14448,1.14451,1.14438,1.14443,56,8,0
2026-07-10 04:40:00,1.14443,1.14443,1.14415,1.14415,100,8,0
2026-07-10 04:45:00,1.14416,1.14422,1.14405,1.14407,105,8,0
2026-07-10 04:50:00,1.14408,1.14412,1.14399,1.144,56,8,0
2026-07-10 04:55:00,1.14399,1.14426,1.14394,1.14425,110,8,0
2026-07-10 05:00:00,1.14425,1.14434,1.14421,1.14432,93,8,0
2026-07-10 05:05:00,1.14432,1.14443,1.14419,1.14419,128,8,0
2026-07-10 05:10:00,1.14418,1.14421,1.14399,1.14402,111,8,0
2026-07-10 05:15:00,1.14402,1.14408,1.14392,1.1439300000000001,100,8,0
2026-07-10 05:20:00,1.14391,1.1439300000000001,1.14371,1.14379,85,8,0
2026-07-10 05:25:00,1.14379,1.14383,1.14371,1.14378,77,8,0
2026-07-10 05:30:00,1.14378,1.14378,1.14368,1.14371,109,8,0
2026-07-10 05:35:00,1.14371,1.14382,1.14362,1.14362,81,8,0
2026-07-10 05:40:00,1.14362,1.1437599999999999,1.14353,1.1437,104,8,0
2026-07-10 05:45:00,1.1437,1.14396,1.1437,1.1439300000000001,99,8,0
2026-07-10 05:50:00,1.1439300000000001,1.14407,1.14388,1.1439300000000001,148,8,0
2026-07-10 05:55:00,1.14392,1.14402,1.14384,1.14394,81,8,0
2026-07-10 06:00:00,1.14395,1.14407,1.14389,1.14401,120,8,0
2026-07-10 06:05:00,1.1440299999999999,1.14419,1.14396,1.14413,161,8,0
2026-07-10 06:10:00,1.14413,1.14438,1.14411,1.14425,152,8,0
2026-07-10 06:15:00,1.14428,1.14457,1.14401,1.1445400000000001,208,8,0
2026-07-10 06:20:00,1.14453,1.1447,1.14439,1.14451,199,8,0
2026-07-10 06:25:00,1.14451,1.14456,1.14417,1.14419,182,8,0
2026-07-10 06:30:00,1.14417,1.14436,1.14411,1.14435,180,8,0
2026-07-10 06:35:00,1.14438,1.14457,1.14433,1.14446,153,8,0
2026-07-10 06:40:00,1.14445,1.14446,1.14399,1.14399,159,8,0
2026-07-10 06:45:00,1.14398,1.14404,1.14385,1.1439,106,8,0
2026-07-10 06:50:00,1.1439,1.14413,1.14389,1.14405,135,8,0
2026-07-10 06:55:00,1.14404,1.1442700000000001,1.14401,1.14418,123,8,0
2026-07-10 07:00:00,1.14418,1.14422,1.14381,1.14387,193,8,0
2026-07-10 07:05:00,1.14388,1.14395,1.1437599999999999,1.14384,149,8,0
2026-07-10 07:10:00,1.14384,1.14397,1.14372,1.14382,199,8,0
2026-07-10 07:15:00,1.14382,1.14412,1.1437,1.1441,193,8,0
2026-07-10 07:20:00,1.14411,1.14418,1.14394,1.144,146,8,0
2026-07-10 07:25:00,1.14401,1.14405,1.14374,1.1439300000000001,164,8,0
2026-07-10 07:30:00,1.1439300000000001,1.14407,1.14379,1.14381,142,8,0
2026-07-10 07:35:00,1.14381,1.1439300000000001,1.14369,1.1438,158,8,0
2026-07-10 07:40:00,1.14378,1.14409,1.14375,1.14399,156,8,0
2026-07-10 07:45:00,1.14398,1.1440299999999999,1.14362,1.1439300000000001,165,8,0
2026-07-10 07:50:00,1.1439300000000001,1.14411,1.14378,1.14378,159,8,0
2026-07-10 07:55:00,1.14379,1.14381,1.1436,1.1437,136,8,0
2026-07-10 08:00:00,1.14369,1.14417,1.14349,1.14398,338,8,0
2026-07-10 08:05:00,1.14398,1.14418,1.14387,1.14404,194,8,0
2026-07-10 08:10:00,1.1440299999999999,1.14406,1.14367,1.14368,199,8,0
2026-07-10 08:15:00,1.14367,1.14367,1.14348,1.14351,163,8,0
2026-07-10 08:20:00,1.14351,1.14354,1.14326,1.14329,154,8,0
2026-07-10 08:25:00,1.14328,1.14345,1.14317,1.14336,172,8,0
2026-07-10 08:30:00,1.14337,1.14356,1.14337,1.14348,258,8,0
2026-07-10 08:35:00,1.14348,1.1435,1.1431499999999999,1.14325,172,8,0
2026-07-10 08:40:00,1.14325,1.14352,1.14314,1.1435,159,8,0
2026-07-10 08:45:00,1.1435,1.1435,1.14318,1.14337,186,8,0
2026-07-10 08:50:00,1.14339,1.14339,1.14302,1.14314,159,8,0
2026-07-10 08:55:00,1.14314,1.1433200000000001,1.14301,1.14302,133,8,0
2026-07-10 09:00:00,1.14302,1.14339,1.14302,1.14336,180,8,0
2026-07-10 09:05:00,1.14336,1.14336,1.14317,1.14318,110,8,0
2026-07-10 09:10:00,1.14318,1.14337,1.14309,1.1433,134,8,0
2026-07-10 09:15:00,1.1433,1.14335,1.14311,1.14313,125,8,0
2026-07-10 09:20:00,1.14313,1.14321,1.1430500000000001,1.14321,123,8,0
2026-07-10 09:25:00,1.14321,1.1433200000000001,1.1431499999999999,1.14322,121,8,0
2026-07-10 09:30:00,1.14322,1.14329,1.14301,1.14301,132,8,0
2026-07-10 09:35:00,1.14303,1.14319,1.14295,1.14316,118,8,0
2026-07-10 09:40:00,1.14317,1.14327,1.14292,1.14292,111,8,0
2026-07-10 09:45:00,1.14292,1.14306,1.1428,1.14288,127,8,0
2026-07-10 09:50:00,1.14287,1.14295,1.14262,1.1428,118,8,0
2026-07-10 09:55:00,1.14282,1.14291,1.14269,1.14269,110,8,0
2026-07-10 10:00:00,1.14269,1.14285,1.14264,1.14279,164,8,0
2026-07-10 10:05:00,1.1428,1.1429,1.14275,1.14279,87,8,0
2026-07-10 10:10:00,1.14278,1.1429,1.14273,1.14288,102,8,0
2026-07-10 10:15:00,1.14286,1.14311,1.1428099999999999,1.1431,87,8,0
2026-07-10 10:20:00,1.14308,1.1433,1.14306,1.14326,109,8,0
2026-07-10 10:25:00,1.14327,1.1433200000000001,1.14311,1.14328,116,8,0
2026-07-10 10:30:00,1.14328,1.14333,1.14303,1.14309,114,8,0
2026-07-10 10:35:00,1.14309,1.14336,1.14307,1.14323,138,8,0
2026-07-10 10:40:00,1.14322,1.14322,1.143,1.1431499999999999,137,8,0
2026-07-10 10:45:00,1.14317,1.14329,1.143,1.14321,143,8,0
2026-07-10 10:50:00,1.14322,1.1435,1.14318,1.14343,141,8,0
2026-07-10 10:55:00,1.14343,1.1435,1.14317,1.14331,181,8,0
2026-07-10 11:00:00,1.1433200000000001,1.1435,1.14323,1.14339,164,8,0
2026-07-10 11:05:00,1.14338,1.1434,1.14306,1.1431,121,8,0
2026-07-10 11:10:00,1.1431,1.14321,1.14299,1.14301,107,8,0
2026-07-10 11:15:00,1.14301,1.14306,1.14291,1.14304,114,8,0
2026-07-10 11:20:00,1.14304,1.14317,1.14302,1.14311,100,8,0
2026-07-10 11:25:00,1.14311,1.14311,1.14268,1.14298,212,8,0
2026-07-10 11:30:00,1.14297,1.1430500000000001,1.14278,1.14287,189,8,0
2026-07-10 11:35:00,1.14288,1.14291,1.14261,1.14267,166,8,0
2026-07-10 11:40:00,1.14268,1.14307,1.14264,1.14294,153,8,0
2026-07-10 11:45:00,1.14292,1.14301,1.14288,1.14301,102,8,0
2026-07-10 11:50:00,1.14301,1.14316,1.14293,1.14293,140,8,0
2026-07-10 11:55:00,1.14291,1.14312,1.14286,1.1430500000000001,180,8,0
2026-07-10 12:00:00,1.14307,1.14313,1.14262,1.14272,174,8,0
2026-07-10 12:05:00,1.14272,1.14304,1.14268,1.14298,200,8,0
2026-07-10 12:10:00,1.14298,1.14415,1.14289,1.1435,631,8,0
2026-07-10 12:15:00,1.1435,1.1436,1.1432,1.1433200000000001,290,8,0
2026-07-10 12:20:00,1.1433,1.1433,1.14298,1.14309,183,8,0
2026-07-10 12:25:00,1.14306,1.14311,1.14285,1.14287,139,8,0
2026-07-10 12:30:00,1.14287,1.14302,1.1425,1.14255,205,8,0
2026-07-10 12:35:00,1.14256,1.1429,1.14246,1.14288,203,8,0
2026-07-10 12:40:00,1.14287,1.14296,1.1425,1.14257,216,8,0
2026-07-10 12:45:00,1.14258,1.14263,1.14229,1.14251,196,8,0
2026-07-10 12:50:00,1.14249,1.14261,1.14234,1.14246,167,8,0
2026-07-10 12:55:00,1.14248,1.1429,1.14248,1.14286,173,8,0
2026-07-10 13:00:00,1.14289,1.14291,1.14227,1.14227,226,8,0
2026-07-10 13:05:00,1.14228,1.14242,1.14193,1.14217,228,8,0
2026-07-10 13:10:00,1.14217,1.14232,1.14195,1.14219,217,8,0
2026-07-10 13:15:00,1.1421999999999999,1.14224,1.14192,1.14215,178,8,0
2026-07-10 13:20:00,1.14218,1.14229,1.14198,1.14202,153,8,0
2026-07-10 13:25:00,1.142,1.14216,1.14191,1.14199,174,8,0
2026-07-10 13:30:00,1.14197,1.14229,1.14192,1.14204,209,8,0
2026-07-10 13:35:00,1.14204,1.14241,1.14194,1.14238,229,8,0
2026-07-10 13:40:00,1.14237,1.14261,1.14226,1.14254,202,8,0
2026-07-10 13:45:00,1.14254,1.14254,1.14211,1.14213,212,8,0
2026-07-10 13:50:00,1.14213,1.14242,1.14207,1.14217,176,8,0
2026-07-10 13:55:00,1.14218,1.14218,1.1419,1.14205,248,8,0
2026-07-10 14:00:00,1.14207,1.14207,1.14162,1.1418300000000001,260,8,0
2026-07-10 14:05:00,1.14182,1.14202,1.14174,1.14199,180,8,0
2026-07-10 14:10:00,1.14199,1.14232,1.14188,1.14232,163,8,0
2026-07-10 14:15:00,1.14231,1.14231,1.142,1.14224,189,8,0
2026-07-10 14:20:00,1.14225,1.14256,1.1421999999999999,1.14236,224,8,0
2026-07-10 14:25:00,1.14236,1.14263,1.14235,1.14258,193,8,0
2026-07-10 14:30:00,1.14257,1.1428,1.14112,1.14196,987,8,0
2026-07-10 14:35:00,1.14199,1.14236,1.14174,1.14206,473,8,0
2026-07-10 14:40:00,1.14205,1.14224,1.14197,1.142,248,8,0
2026-07-10 14:45:00,1.14201,1.14228,1.14193,1.14214,234,8,0
2026-07-10 14:50:00,1.14214,1.14223,1.14196,1.14217,212,8,0
2026-07-10 14:55:00,1.14215,1.14225,1.1418,1.14219,235,8,0
2026-07-10 15:00:00,1.14221,1.14247,1.14211,1.14235,287,8,0
2026-07-10 15:05:00,1.14235,1.14273,1.14227,1.14261,207,8,0
2026-07-10 15:10:00,1.14264,1.14282,1.14254,1.14259,210,8,0
2026-07-10 15:15:00,1.14261,1.14319,1.14261,1.1431,259,8,0
2026-07-10 15:20:00,1.1431,1.14345,1.1430500000000001,1.14313,269,8,0
2026-07-10 15:25:00,1.14316,1.14337,1.1430500000000001,1.14327,236,8,0
2026-07-10 15:30:00,1.14327,1.14334,1.1431499999999999,1.14331,221,8,0
2026-07-10 15:35:00,1.14329,1.14344,1.14313,1.14343,213,8,0
2026-07-10 15:40:00,1.14344,1.14344,1.14308,1.1431,175,8,0
2026-07-10 15:45:00,1.1431,1.14334,1.1431,1.14326,146,8,0
2026-07-10 15:50:00,1.14328,1.14356,1.14325,1.14353,134,8,0
2026-07-10 15:55:00,1.14353,1.14385,1.14349,1.14371,197,8,0
2026-07-10 16:00:00,1.14373,1.14382,1.14356,1.14369,222,8,0
2026-07-10 16:05:00,1.14369,1.14382,1.14358,1.14377,199,8,0
2026-07-10 16:10:00,1.14378,1.14399,1.14365,1.14392,242,8,0
2026-07-10 16:15:00,1.14392,1.14408,1.14364,1.14367,201,8,0
2026-07-10 16:20:00,1.14368,1.14383,1.14355,1.14378,163,8,0
2026-07-10 16:25:00,1.14378,1.14392,1.14378,1.14387,123,8,0
2026-07-10 16:30:00,1.14387,1.14389,1.14362,1.14363,130,8,0
2026-07-10 16:35:00,1.14363,1.14373,1.14352,1.14362,143,8,0
2026-07-10 16:40:00,1.14363,1.14378,1.14344,1.14344,176,8,0
2026-07-10 16:45:00,1.14343,1.14351,1.14333,1.14337,114,8,0
2026-07-10 16:50:00,1.14339,1.14353,1.1431499999999999,1.14323,154,8,0
2026-07-10 16:55:00,1.14323,1.14329,1.14292,1.14293,180,8,0
2026-07-10 17:00:00,1.14291,1.14309,1.14274,1.14278,181,8,0
2026-07-10 17:05:00,1.14277,1.14283,1.14258,1.14262,141,8,0
2026-07-10 17:10:00,1.14261,1.14279,1.14259,1.1427100000000001,118,8,0
2026-07-10 17:15:00,1.1427100000000001,1.14274,1.14237,1.14243,127,8,0
2026-07-10 17:20:00,1.14243,1.14249,1.14227,1.14227,106,8,0
2026-07-10 17:25:00,1.14227,1.14247,1.14221,1.14246,108,8,0
2026-07-10 17:30:00,1.14245,1.14246,1.14222,1.14227,95,8,0
2026-07-10 17:35:00,1.14227,1.14227,1.14198,1.14203,115,8,0
2026-07-10 17:40:00,1.14201,1.1421999999999999,1.142,1.14214,102,8,0
2026-07-10 17:45:00,1.14214,1.14222,1.14209,1.14218,78,8,0
2026-07-10 17:50:00,1.14218,1.14224,1.14205,1.14209,84,8,0
2026-07-10 17:55:00,1.14209,1.14212,1.14163,1.14176,164,8,0
2026-07-10 18:00:00,1.14174,1.14179,1.14157,1.14168,161,8,0
2026-07-10 18:05:00,1.14168,1.1417,1.14154,1.1415899999999999,109,8,0
2026-07-10 18:10:00,1.1415899999999999,1.14178,1.14158,1.14164,138,8,0
2026-07-10 18:15:00,1.14164,1.14166,1.14154,1.1415899999999999,77,8,0
2026-07-10 18:20:00,1.1415899999999999,1.14169,1.14138,1.14138,89,8,0
2026-07-10 18:25:00,1.14138,1.14165,1.14138,1.14143,133,8,0
2026-07-10 18:30:00,1.14144,1.14157,1.14132,1.14153,107,8,0
2026-07-10 18:35:00,1.14153,1.14161,1.14131,1.14136,104,8,0
2026-07-10 18:40:00,1.14136,1.14137,1.14114,1.14126,100,8,0
2026-07-10 18:45:00,1.14126,1.1415,1.14126,1.1414900000000001,90,8,0
2026-07-10 18:50:00,1.1415,1.1416,1.14143,1.14151,95,8,0
2026-07-10 18:55:00,1.14151,1.14162,1.14138,1.14162,98,8,0
2026-07-10 19:00:00,1.14162,1.14162,1.14144,1.14144,104,8,0
2026-07-10 19:05:00,1.14144,1.14152,1.1414,1.1414900000000001,56,8,0
2026-07-10 19:10:00,1.1414900000000001,1.14152,1.14136,1.14146,74,8,0
2026-07-10 19:15:00,1.14146,1.14162,1.14144,1.1416,60,8,0
2026-07-10 19:20:00,1.1416,1.1416,1.1414900000000001,1.14158,52,8,0
2026-07-10 19:25:00,1.14158,1.14161,1.14151,1.14156,57,8,0
2026-07-10 19:30:00,1.14154,1.14166,1.14147,1.1414900000000001,116,8,0
2026-07-10 19:35:00,1.14148,1.14158,1.14145,1.14146,81,8,0
2026-07-10 19:40:00,1.14145,1.1415899999999999,1.14142,1.14143,67,8,0
2026-07-10 19:45:00,1.14144,1.1415,1.14134,1.1414,77,8,0
2026-07-10 19:50:00,1.14141,1.14145,1.14138,1.14145,75,8,0
2026-07-10 19:55:00,1.14145,1.14162,1.14144,1.14155,121,8,0
2026-07-10 20:00:00,1.14153,1.14177,1.14153,1.14174,105,8,0
2026-07-10 20:05:00,1.14175,1.14178,1.14139,1.14139,104,8,0
2026-07-10 20:10:00,1.14139,1.14156,1.14139,1.14155,51,8,0
2026-07-10 20:15:00,1.14155,1.14166,1.14152,1.14162,52,8,0
2026-07-10 20:20:00,1.14162,1.14166,1.1415,1.14154,32,8,0
2026-07-10 20:25:00,1.14154,1.14154,1.14136,1.14142,65,8,0
2026-07-10 20:30:00,1.1414,1.1414,1.14127,1.14128,53,8,0
2026-07-10 20:35:00,1.14129,1.1413,1.14113,1.14118,54,8,0
2026-07-10 20:40:00,1.14118,1.14131,1.14118,1.14126,49,8,0
2026-07-10 20:45:00,1.14128,1.14141,1.14124,1.14129,57,8,0
2026-07-10 20:50:00,1.14129,1.14145,1.14128,1.14141,57,8,0
2026-07-10 20:55:00,1.14141,1.14147,1.14135,1.14143,92,8,0
2026-07-12 21:05:00,1.13997,1.14008,1.13985,1.14007,32,63,0
2026-07-12 21:10:00,1.14007,1.14044,1.14007,1.14036,40,48,0
2026-07-12 21:15:00,1.1403699999999999,1.14043,1.14025,1.1403,32,48,0
2026-07-12 21:20:00,1.14029,1.14033,1.14019,1.14033,10,48,0
2026-07-12 21:25:00,1.14033,1.14041,1.14033,1.1404,9,48,0
2026-07-12 21:30:00,1.1404,1.1404,1.14014,1.14014,41,48,0
2026-07-12 21:35:00,1.14012,1.14017,1.14006,1.14015,21,48,0
2026-07-12 21:40:00,1.14015,1.14015,1.14014,1.14015,9,48,0
2026-07-12 21:45:00,1.14015,1.1404,1.14015,1.1404,30,48,0
2026-07-12 21:50:00,1.1404,1.14045,1.14022,1.14023,37,48,0
2026-07-12 21:55:00,1.14022,1.14026,1.14018,1.14021,31,48,0
2026-07-12 22:00:00,1.1403699999999999,1.14041,1.13911,1.13962,278,8,0
2026-07-12 22:05:00,1.1396,1.1396,1.13893,1.13924,191,8,0
2026-07-12 22:10:00,1.13924,1.13937,1.13879,1.13902,216,8,0
2026-07-12 22:15:00,1.13903,1.13936,1.1389,1.1393,150,8,0
2026-07-12 22:20:00,1.1393,1.13941,1.13927,1.1394,115,8,0
2026-07-12 22:25:00,1.13941,1.13961,1.13937,1.13946,93,8,0
2026-07-12 22:30:00,1.13944,1.13955,1.13936,1.13945,113,8,0
2026-07-12 22:35:00,1.13945,1.13952,1.13935,1.13943,111,8,0
2026-07-12 22:40:00,1.13943,1.13944,1.13933,1.13938,71,8,0
2026-07-12 22:45:00,1.13938,1.13955,1.13938,1.13954,62,8,0
2026-07-12 22:50:00,1.13953,1.13957,1.13936,1.13947,68,8,0
2026-07-12 22:55:00,1.13946,1.13949,1.1394,1.13945,63,8,0
2026-07-12 23:00:00,1.13945,1.13945,1.13928,1.13935,91,8,0
2026-07-12 23:05:00,1.13935,1.13949,1.13934,1.13948,67,8,0
2026-07-12 23:10:00,1.13949,1.13969,1.13941,1.13967,62,8,0
2026-07-12 23:15:00,1.13967,1.1397,1.13959,1.1397,54,8,0
2026-07-12 23:20:00,1.1397,1.13983,1.13969,1.13978,65,8,0
2026-07-12 23:25:00,1.13978,1.13981,1.13971,1.13981,46,8,0
2026-07-12 23:30:00,1.13982,1.13982,1.13957,1.1396,58,8,0
2026-07-12 23:35:00,1.13961,1.13973,1.13959,1.13973,52,8,0
2026-07-12 23:40:00,1.13973,1.13987,1.13973,1.13981,51,8,0
2026-07-12 23:45:00,1.13981,1.14025,1.1398,1.14001,144,8,0
2026-07-12 23:50:00,1.14002,1.14018,1.13999,1.14008,116,8,0
2026-07-12 23:55:00,1.14009,1.1403699999999999,1.13995,1.1403699999999999,128,8,0
2026-07-13 00:00:00,1.14039,1.14041,1.14005,1.14025,237,8,0
2026-07-13 00:05:00,1.14025,1.14041,1.14016,1.14018,165,8,0
2026-07-13 00:10:00,1.14018,1.14024,1.1400000000000001,1.14004,141,8,0
2026-07-13 00:15:00,1.1400299999999999,1.1401,1.13974,1.13979,145,8,0
2026-07-13 00:20:00,1.13979,1.14052,1.13979,1.14036,161,8,0
2026-07-13 00:25:00,1.14034,1.14035,1.14012,1.14012,124,8,0
2026-07-13 00:30:00,1.14013,1.14031,1.1399,1.1399,137,8,0
2026-07-13 00:35:00,1.13991,1.14002,1.13958,1.13962,158,8,0
2026-07-13 00:40:00,1.13961,1.13979,1.13952,1.13968,152,8,0
2026-07-13 00:45:00,1.13968,1.13983,1.13961,1.13961,101,8,0
2026-07-13 00:50:00,1.13962,1.13977,1.13949,1.13959,137,8,0
2026-07-13 00:55:00,1.13961,1.13969,1.13946,1.13952,135,8,0
2026-07-13 01:00:00,1.13952,1.13952,1.13916,1.13923,210,8,0
2026-07-13 01:05:00,1.13923,1.13928,1.13902,1.13906,131,8,0
2026-07-13 01:10:00,1.1390500000000001,1.13919,1.13901,1.13903,109,8,0
2026-07-13 01:15:00,1.13902,1.13923,1.13902,1.13912,170,8,0
2026-07-13 01:20:00,1.1391,1.13916,1.13841,1.13862,199,8,0
2026-07-13 01:25:00,1.13862,1.13894,1.13861,1.13894,194,8,0
2026-07-13 01:30:00,1.13896,1.1392,1.13887,1.139,200,8,0
2026-07-13 01:35:00,1.13899,1.13947,1.13898,1.13931,143,8,0
2026-07-13 01:40:00,1.13932,1.13948,1.13925,1.13947,149,8,0
2026-07-13 01:45:00,1.13947,1.13968,1.1394199999999999,1.1396600000000001,174,8,0
2026-07-13 01:50:00,1.13965,1.13969,1.1394,1.1394199999999999,149,8,0
2026-07-13 01:55:00,1.1394199999999999,1.13971,1.13929,1.1397,200,8,0
2026-07-13 02:00:00,1.13972,1.13979,1.13929,1.13937,189,8,0
2026-07-13 02:05:00,1.13937,1.13954,1.13937,1.1395,130,8,0
2026-07-13 02:10:00,1.1395,1.13956,1.13944,1.13944,103,8,0
2026-07-13 02:15:00,1.13946,1.13956,1.13937,1.13946,85,8,0
2026-07-13 02:20:00,1.13946,1.13959,1.13943,1.13948,91,8,0
2026-07-13 02:25:00,1.13948,1.13955,1.13938,1.13951,105,8,0
2026-07-13 02:30:00,1.13952,1.13956,1.13939,1.13951,106,8,0
2026-07-13 02:35:00,1.13951,1.13988,1.13951,1.13981,127,8,0
2026-07-13 02:40:00,1.1398,1.13994,1.1397599999999999,1.13994,98,8,0
2026-07-13 02:45:00,1.13994,1.13994,1.13961,1.13968,92,8,0
2026-07-13 02:50:00,1.13968,1.13968,1.13945,1.13949,122,8,0
2026-07-13 02:55:00,1.1395,1.13957,1.13938,1.13938,90,8,0
2026-07-13 03:00:00,1.1394,1.13949,1.13919,1.13924,113,8,0
2026-07-13 03:05:00,1.13924,1.13925,1.13908,1.1392,132,8,0
2026-07-13 03:10:00,1.1392,1.13931,1.13904,1.1393,118,8,0
2026-07-13 03:15:00,1.1393,1.13946,1.13927,1.13944,130,8,0
2026-07-13 03:20:00,1.13945,1.13953,1.13943,1.13947,68,8,0
2026-07-13 03:25:00,1.13947,1.13949,1.13933,1.13946,75,8,0
2026-07-13 03:30:00,1.13946,1.1396600000000001,1.13943,1.13949,120,8,0
2026-07-13 03:35:00,1.13949,1.13955,1.13946,1.13952,70,8,0
2026-07-13 03:40:00,1.13952,1.1396,1.13951,1.13957,74,8,0
2026-07-13 03:45:00,1.13957,1.13969,1.13955,1.13969,68,8,0
2026-07-13 03:50:00,1.13969,1.13973,1.13953,1.1396,67,8,0
2026-07-13 03:55:00,1.1396,1.13984,1.13957,1.13984,86,8,0
2026-07-13 04:00:00,1.13983,1.13987,1.1396600000000001,1.1397,89,8,0
2026-07-13 04:05:00,1.1397,1.13982,1.1396600000000001,1.13977,63,8,0
2026-07-13 04:10:00,1.13975,1.1399,1.13968,1.13988,66,8,0
2026-07-13 04:15:00,1.13988,1.13997,1.13979,1.13995,88,8,0
2026-07-13 04:20:00,1.13995,1.13996,1.13982,1.13984,70,8,0
2026-07-13 04:25:00,1.13984,1.14009,1.13984,1.14009,86,8,0
2026-07-13 04:30:00,1.1401,1.14014,1.14004,1.14009,77,8,0
2026-07-13 04:35:00,1.14009,1.14022,1.14008,1.14021,56,8,0
2026-07-13 04:40:00,1.14022,1.14022,1.14004,1.14006,51,8,0
2026-07-13 04:45:00,1.14006,1.14018,1.14006,1.14008,59,8,0
2026-07-13 04:50:00,1.14008,1.14028,1.14005,1.1402700000000001,81,8,0
2026-07-13 04:55:00,1.14028,1.14046,1.1402700000000001,1.14033,88,8,0
2026-07-13 05:00:00,1.14033,1.14049,1.14031,1.14049,110,8,0
2026-07-13 05:05:00,1.14049,1.14069,1.14042,1.14067,121,8,0
2026-07-13 05:10:00,1.14067,1.14087,1.1406100000000001,1.14077,109,8,0
2026-07-13 05:15:00,1.14075,1.1408,1.14045,1.14045,114,8,0
2026-07-13 05:20:00,1.14045,1.1405,1.14017,1.14026,121,8,0
2026-07-13 05:25:00,1.14024,1.14031,1.14007,1.14011,126,8,0
2026-07-13 05:30:00,1.14011,1.14024,1.13993,1.14021,184,8,0
2026-07-13 05:35:00,1.14021,1.14031,1.14017,1.14023,151,8,0
2026-07-13 05:40:00,1.14023,1.14029,1.14006,1.14007,113,8,0
2026-07-13 05:45:00,1.14007,1.14029,1.13997,1.14029,135,8,0
2026-07-13 05:50:00,1.14029,1.14038,1.13991,1.13999,218,8,0
2026-07-13 05:55:00,1.14001,1.14005,1.1396600000000001,1.13984,192,8,0
2026-07-13 06:00:00,1.13981,1.13991,1.1396,1.13977,252,8,0
2026-07-13 06:05:00,1.13978,1.13988,1.13956,1.1397,197,8,0
2026-07-13 06:10:00,1.1397,1.13988,1.13955,1.13964,154,8,0
2026-07-13 06:15:00,1.13963,1.13996,1.13963,1.13996,177,8,0
2026-07-13 06:20:00,1.13995,1.1402,1.13988,1.1400299999999999,200,8,0
2026-07-13 06:25:00,1.1400299999999999,1.14034,1.1400299999999999,1.14033,194,8,0
2026-07-13 06:30:00,1.14032,1.1407,1.14024,1.14045,250,8,0
2026-07-13 06:35:00,1.14046,1.14069,1.14042,1.14062,175,8,0
2026-07-13 06:40:00,1.14065,1.14071,1.14038,1.14046,144,8,0
2026-07-13 06:45:00,1.14045,1.14051,1.1402700000000001,1.14049,149,8,0
2026-07-13 06:50:00,1.14047,1.14066,1.14016,1.14026,197,8,0
2026-07-13 06:55:00,1.14026,1.14026,1.13998,1.14007,220,8,0
2026-07-13 07:00:00,1.14009,1.14059,1.1400299999999999,1.14053,291,8,0
2026-07-13 07:05:00,1.14051,1.14079,1.14035,1.14073,284,8,0
2026-07-13 07:10:00,1.14073,1.14102,1.1406399999999999,1.14075,360,8,0
2026-07-13 07:15:00,1.14077,1.14079,1.14062,1.1407,193,8,0
2026-07-13 07:20:00,1.14071,1.14092,1.14062,1.14076,173,8,0
2026-07-13 07:25:00,1.14076,1.1409,1.1406,1.14087,160,8,0
2026-07-13 07:30:00,1.14087,1.14105,1.14063,1.1409799999999999,188,8,0
2026-07-13 07:35:00,1.1409799999999999,1.14216,1.1409799999999999,1.14192,506,8,0
2026-07-13 07:40:00,1.14189,1.14194,1.1415899999999999,1.14165,235,8,0
2026-07-13 07:45:00,1.14164,1.14221,1.14162,1.14214,226,8,0
2026-07-13 07:50:00,1.14213,1.14257,1.14206,1.14252,288,8,0
2026-07-13 07:55:00,1.14251,1.14256,1.14225,1.14241,235,8,0
2026-07-13 08:00:00,1.14243,1.14283,1.14236,1.14275,295,8,0
2026-07-13 08:05:00,1.14277,1.1435,1.14268,1.14349,435,8,0
2026-07-13 08:10:00,1.14349,1.14428,1.14336,1.14394,504,8,0
2026-07-13 08:15:00,1.1439300000000001,1.1445400000000001,1.1439,1.14411,415,8,0
2026-07-13 08:20:00,1.14413,1.14421,1.14395,1.14395,252,8,0
2026-07-13 08:25:00,1.14396,1.14406,1.14367,1.14381,263,8,0
2026-07-13 08:30:00,1.1438,1.14394,1.14363,1.14377,250,8,0
2026-07-13 08:35:00,1.1437599999999999,1.14381,1.14353,1.14377,184,8,0
2026-07-13 08:40:00,1.14377,1.1440299999999999,1.14371,1.14389,190,8,0
2026-07-13 08:45:00,1.14387,1.14395,1.14374,1.1439,173,8,0
2026-07-13 08:50:00,1.1439,1.14392,1.1436600000000001,1.14381,176,8,0
2026-07-13 08:55:00,1.14382,1.14382,1.14353,1.14356,178,8,0
2026-07-13 09:00:00,1.14354,1.14363,1.14335,1.14359,196,8,0
2026-07-13 09:05:00,1.1436,1.14371,1.14331,1.14331,208,8,0
2026-07-13 09:10:00,1.1433200000000001,1.14336,1.14307,1.14312,144,8,0
2026-07-13 09:15:00,1.14312,1.14343,1.14301,1.14308,195,8,0
2026-07-13 09:20:00,1.14308,1.14312,1.14283,1.14293,128,8,0
2026-07-13 09:25:00,1.14294,1.14324,1.14289,1.14313,195,8,0
2026-07-13 09:30:00,1.14312,1.14327,1.14294,1.14297,160,8,0
2026-07-13 09:35:00,1.14297,1.14301,1.1428,1.1428,115,8,0
2026-07-13 09:40:00,1.14282,1.14304,1.14272,1.14291,176,8,0
2026-07-13 09:45:00,1.14294,1.14309,1.14275,1.14283,155,8,0
2026-07-13 09:50:00,1.1428099999999999,1.14294,1.1427100000000001,1.14294,140,8,0
2026-07-13 09:55:00,1.14296,1.14312,1.14294,1.14312,161,8,0
2026-07-13 10:00:00,1.14314,1.14326,1.14302,1.14326,154,8,0
2026-07-13 10:05:00,1.14322,1.14346,1.1430500000000001,1.14334,201,8,0
2026-07-13 10:10:00,1.14334,1.14338,1.14311,1.14312,150,8,0
2026-07-13 10:15:00,1.14312,1.14312,1.14289,1.14297,168,8,0
2026-07-13 10:20:00,1.14297,1.14299,1.14286,1.14292,139,8,0
2026-07-13 10:25:00,1.14292,1.14304,1.14274,1.14287,146,8,0
2026-07-13 10:30:00,1.14287,1.14296,1.14272,1.14273,129,8,0
2026-07-13 10:35:00,1.14273,1.143,1.14257,1.14296,121,8,0
2026-07-13 10:40:00,1.14296,1.14312,1.14286,1.14286,172,8,0
2026-07-13 10:45:00,1.14287,1.14326,1.14279,1.14326,149,8,0
2026-07-13 10:50:00,1.14327,1.14344,1.14322,1.1434,166,8,0
2026-07-13 10:55:00,1.1434,1.14353,1.14331,1.14353,153,8,0
2026-07-13 11:00:00,1.14354,1.14357,1.14319,1.14347,215,8,0
2026-07-13 11:05:00,1.14346,1.1437,1.14296,1.143,256,8,0
2026-07-13 11:10:00,1.14298,1.14301,1.14272,1.143,199,8,0
2026-07-13 11:15:00,1.14297,1.14299,1.1426,1.14264,168,8,0
2026-07-13 11:20:00,1.14266,1.1427100000000001,1.14248,1.1427100000000001,90,8,0
2026-07-13 11:25:00,1.1427,1.14298,1.14269,1.14286,146,8,0
2026-07-13 11:30:00,1.14286,1.14307,1.1428,1.14296,159,8,0
2026-07-13 11:35:00,1.14297,1.14298,1.14262,1.14269,142,8,0
2026-07-13 11:40:00,1.14268,1.14297,1.14267,1.14297,139,8,0
2026-07-13 11:45:00,1.14297,1.14297,1.1428099999999999,1.14293,123,8,0
2026-07-13 11:50:00,1.14293,1.14297,1.1427100000000001,1.14277,171,8,0
2026-07-13 11:55:00,1.14276,1.14285,1.14264,1.1427100000000001,167,8,0
2026-07-13 12:00:00,1.1427,1.14304,1.1426,1.14268,221,8,0
2026-07-13 12:05:00,1.14268,1.14275,1.14215,1.14232,217,8,0
2026-07-13 12:10:00,1.14232,1.1426,1.14202,1.1421999999999999,271,8,0
2026-07-13 12:15:00,1.14222,1.1424,1.14214,1.14229,209,8,0
2026-07-13 12:20:00,1.14227,1.1424,1.14205,1.1424,193,8,0
2026-07-13 12:25:00,1.14241,1.1425,1.1421000000000001,1.14237,204,8,0
2026-07-13 12:30:00,1.14236,1.14264,1.14225,1.14264,221,8,0
2026-07-13 12:35:00,1.14264,1.1428099999999999,1.14256,1.14263,190,8,0
2026-07-13 12:40:00,1.14261,1.1428099999999999,1.14248,1.14249,174,8,0
2026-07-13 12:45:00,1.14249,1.1428,1.14246,1.14257,191,8,0
2026-07-13 12:50:00,1.14257,1.14261,1.14215,1.14249,209,8,0
2026-07-13 12:55:00,1.14251,1.14306,1.14251,1.1430500000000001,217,8,0
2026-07-13 13:00:00,1.14307,1.14329,1.14292,1.14304,284,8,0
2026-07-13 13:05:00,1.14304,1.14306,1.14284,1.14296,185,8,0
2026-07-13 13:10:00,1.14296,1.143,1.14256,1.14263,224,8,0
2026-07-13 13:15:00,1.14263,1.14266,1.1424400000000001,1.14251,163,8,0
2026-07-13 13:20:00,1.14251,1.14272,1.1424400000000001,1.14249,178,8,0
2026-07-13 13:25:00,1.14251,1.14257,1.14226,1.14239,186,8,0
2026-07-13 13:30:00,1.1424,1.14262,1.14236,1.14251,276,8,0
2026-07-13 13:35:00,1.14252,1.14293,1.14225,1.14225,288,8,0
2026-07-13 13:40:00,1.14228,1.14237,1.14192,1.14206,259,8,0
2026-07-13 13:45:00,1.14207,1.14219,1.14178,1.14178,242,8,0
2026-07-13 13:50:00,1.1418,1.14189,1.14155,1.14184,286,8,0
2026-07-13 13:55:00,1.14184,1.14188,1.14141,1.14142,266,8,0
2026-07-13 14:00:00,1.14142,1.1415899999999999,1.14105,1.14138,402,8,0
2026-07-13 14:05:00,1.14138,1.14155,1.1413,1.1414900000000001,241,8,0
2026-07-13 14:10:00,1.1414900000000001,1.1414900000000001,1.1412499999999999,1.14136,189,8,0
2026-07-13 14:15:00,1.14136,1.1414900000000001,1.14002,1.1403699999999999,1067,8,0
2026-07-13 14:20:00,1.1403699999999999,1.14074,1.14014,1.14063,433,8,0
2026-07-13 14:25:00,1.14063,1.14085,1.14048,1.14075,353,8,0
2026-07-13 14:30:00,1.14077,1.14091,1.14048,1.14048,303,8,0
2026-07-13 14:35:00,1.14047,1.14052,1.14016,1.1402,278,8,0
2026-07-13 14:40:00,1.14019,1.1402700000000001,1.13994,1.1402700000000001,236,8,0
2026-07-13 14:45:00,1.14028,1.14068,1.14013,1.14033,301,8,0
2026-07-13 14:50:00,1.14033,1.14035,1.13987,1.13993,261,8,0
2026-07-13 14:55:00,1.13991,1.14057,1.13979,1.14057,315,8,0
2026-07-13 15:00:00,1.14057,1.1406100000000001,1.14012,1.14016,276,8,0
2026-07-13 15:05:00,1.14016,1.14044,1.14012,1.14024,225,8,0
2026-07-13 15:10:00,1.14026,1.1402700000000001,1.1397,1.13979,221,8,0
2026-07-13 15:15:00,1.13979,1.14005,1.1396,1.14004,206,8,0
2026-07-13 15:20:00,1.14004,1.14017,1.1400000000000001,1.14002,186,8,0
2026-07-13 15:25:00,1.1400299999999999,1.14004,1.13985,1.13992,177,8,0
2026-07-13 15:30:00,1.13992,1.13997,1.13962,1.13967,198,8,0
2026-07-13 15:35:00,1.13967,1.13986,1.13961,1.13974,198,8,0
2026-07-13 15:40:00,1.13974,1.14009,1.13973,1.13995,169,8,0
2026-07-13 15:45:00,1.13995,1.13997,1.1396600000000001,1.13977,174,8,0
2026-07-13 15:50:00,1.13978,1.14008,1.13972,1.14007,147,8,0
2026-07-13 15:55:00,1.14007,1.14035,1.1400000000000001,1.14012,197,8,0
2026-07-13 16:00:00,1.14013,1.14017,1.13996,1.14009,170,8,0
2026-07-13 16:05:00,1.14011,1.14019,1.13998,1.14008,169,8,0
2026-07-13 16:10:00,1.14008,1.14023,1.14001,1.14009,125,8,0
2026-07-13 16:15:00,1.14009,1.14013,1.13972,1.13978,149,8,0
2026-07-13 16:20:00,1.13978,1.13978,1.13949,1.13952,116,8,0
2026-07-13 16:25:00,1.1395,1.13964,1.13885,1.13909,323,8,0
2026-07-13 16:30:00,1.13907,1.13912,1.13825,1.13839,600,8,0
2026-07-13 16:35:00,1.13841,1.13872,1.13824,1.13871,344,8,0
2026-07-13 16:40:00,1.13868,1.13899,1.1384400000000001,1.13895,348,8,0
2026-07-13 16:45:00,1.13894,1.13919,1.13855,1.13869,361,8,0
2026-07-13 16:50:00,1.13871,1.13884,1.13829,1.13858,344,8,0
2026-07-13 16:55:00,1.13861,1.13885,1.13846,1.13883,195,8,0
2026-07-13 17:00:00,1.13883,1.13889,1.13851,1.13877,242,8,0
2026-07-13 17:05:00,1.13877,1.13906,1.13877,1.13899,168,8,0
2026-07-13 17:10:00,1.13898,1.13898,1.13864,1.13867,132,8,0
2026-07-13 17:15:00,1.13867,1.13883,1.13855,1.13876,157,8,0
2026-07-13 17:20:00,1.13875,1.13889,1.13869,1.1387,120,8,0
2026-07-13 17:25:00,1.1387,1.1388,1.13855,1.1387,136,8,0
2026-07-13 17:30:00,1.13867,1.13876,1.13857,1.13876,120,8,0
2026-07-13 17:35:00,1.13877,1.13877,1.13856,1.13861,121,8,0
2026-07-13 17:40:00,1.13861,1.13885,1.1385,1.1388099999999999,126,8,0
2026-07-13 17:45:00,1.13883,1.13898,1.1387,1.13873,126,8,0
2026-07-13 17:50:00,1.13873,1.13878,1.1385399999999999,1.13868,152,8,0
2026-07-13 17:55:00,1.13866,1.13875,1.13858,1.1386,101,8,0
2026-07-13 18:00:00,1.1386,1.13871,1.13843,1.13849,158,8,0
2026-07-13 18:05:00,1.13847,1.13885,1.13847,1.1388,136,8,0
2026-07-13 18:10:00,1.1388,1.1388,1.13856,1.13865,137,8,0
2026-07-13 18:15:00,1.13864,1.13871,1.13846,1.13859,127,8,0
2026-07-13 18:20:00,1.13859,1.13869,1.13853,1.1386,102,8,0
2026-07-13 18:25:00,1.13861,1.13875,1.1386,1.13865,129,8,0
2026-07-13 18:30:00,1.13867,1.13875,1.13857,1.13863,120,8,0
2026-07-13 18:35:00,1.13864,1.13886,1.13864,1.13873,105,8,0
2026-07-13 18:40:00,1.13873,1.13886,1.13866,1.13876,102,8,0
2026-07-13 18:45:00,1.13876,1.1388,1.13862,1.13863,100,8,0
2026-07-13 18:50:00,1.13863,1.13876,1.13863,1.13869,86,8,0
2026-07-13 18:55:00,1.13869,1.13877,1.13856,1.13872,136,8,0
2026-07-13 19:00:00,1.13874,1.13876,1.13857,1.1387,135,8,0
2026-07-13 19:05:00,1.1387,1.13873,1.13846,1.13846,100,8,0
2026-07-13 19:10:00,1.13847,1.13847,1.13816,1.13817,139,8,0
2026-07-13 19:15:00,1.13818,1.13834,1.13815,1.13828,104,8,0
2026-07-13 19:20:00,1.13829,1.1384,1.13824,1.13837,95,8,0
2026-07-13 19:25:00,1.13835,1.13841,1.13823,1.13827,96,8,0
2026-07-13 19:30:00,1.13827,1.1384400000000001,1.13827,1.13839,87,8,0
2026-07-13 19:35:00,1.13839,1.13839,1.13819,1.13831,77,8,0
2026-07-13 19:40:00,1.13831,1.1384,1.13827,1.13829,73,8,0
2026-07-13 19:45:00,1.13828,1.13829,1.13821,1.13827,86,8,0
2026-07-13 19:50:00,1.13828,1.1383,1.13822,1.13824,94,8,0
2026-07-13 19:55:00,1.13826,1.13837,1.1381999999999999,1.13831,134,8,0
2026-07-13 20:00:00,1.13832,1.13842,1.13826,1.13838,82,8,0
2026-07-13 20:05:00,1.13838,1.1384,1.13824,1.13824,56,8,0
2026-07-13 20:10:00,1.13823,1.13825,1.13789,1.13796,100,8,0
2026-07-13 20:15:00,1.13795,1.13798,1.13776,1.1379,80,8,0
2026-07-13 20:20:00,1.1379,1.13792,1.1377,1.1377,61,8,0
2026-07-13 20:25:00,1.1377,1.13795,1.1377,1.1379299999999999,67,8,0
2026-07-13 20:30:00,1.1379299999999999,1.13798,1.13787,1.1379299999999999,52,8,0
2026-07-13 20:35:00,1.1379299999999999,1.13796,1.13779,1.13791,42,8,0
2026-07-13 20:40:00,1.13791,1.138,1.13786,1.13794,50,8,0
2026-07-13 20:45:00,1.13794,1.13796,1.13789,1.13794,26,8,0
2026-07-13 20:50:00,1.13796,1.13798,1.13788,1.13791,38,8,0
2026-07-13 20:55:00,1.1379,1.138,1.13777,1.13787,53,8,0
2026-07-13 21:00:00,1.13786,1.13786,1.13777,1.13777,3,48,0
2026-07-13 21:05:00,1.13776,1.13778,1.13775,1.13778,9,48,0
2026-07-13 21:10:00,1.13778,1.1379299999999999,1.13778,1.13792,14,48,0
2026-07-13 21:15:00,1.1379299999999999,1.13795,1.1379,1.1379299999999999,41,48,0
2026-07-13 21:20:00,1.13794,1.13794,1.1378,1.13788,45,52,0
2026-07-13 21:25:00,1.13788,1.13799,1.13781,1.13797,42,77,0
2026-07-13 21:30:00,1.13798,1.13811,1.1379,1.13804,54,63,0
2026-07-13 21:35:00,1.13805,1.13815,1.13768,1.13782,87,59,0
2026-07-13 21:40:00,1.13781,1.13797,1.13777,1.13787,58,72,0
2026-07-13 21:45:00,1.13787,1.13814,1.13787,1.13814,64,52,0
2026-07-13 21:50:00,1.13814,1.13815,1.13807,1.13812,37,48,0
2026-07-13 21:55:00,1.13812,1.13833,1.13811,1.13833,24,8,0
2026-07-13 22:00:00,1.13832,1.13853,1.13814,1.13829,109,8,0
2026-07-13 22:05:00,1.13829,1.13839,1.13812,1.13813,46,8,0
2026-07-13 22:10:00,1.13813,1.13827,1.13813,1.13827,40,8,0
2026-07-13 22:15:00,1.13828,1.13836,1.13826,1.13833,28,8,0
2026-07-13 22:20:00,1.13833,1.13835,1.1383,1.13833,30,8,0
2026-07-13 22:25:00,1.13833,1.13836,1.13829,1.13835,27,8,0
2026-07-13 22:30:00,1.13835,1.13839,1.13833,1.13835,44,8,0
2026-07-13 22:35:00,1.13835,1.13838,1.13829,1.13832,27,8,0
2026-07-13 22:40:00,1.13832,1.13847,1.13829,1.13846,40,8,0
2026-07-13 22:45:00,1.13846,1.13846,1.13828,1.13829,48,8,0
2026-07-13 22:50:00,1.13829,1.13829,1.13809,1.13818,47,8,0
2026-07-13 22:55:00,1.13818,1.13819,1.13806,1.13807,57,8,0
2026-07-13 23:00:00,1.13807,1.13815,1.13797,1.13815,70,8,0
2026-07-13 23:05:00,1.13817,1.13827,1.13817,1.13824,50,8,0
2026-07-13 23:10:00,1.13824,1.13824,1.13809,1.13811,43,8,0
2026-07-13 23:15:00,1.13811,1.13812,1.13803,1.13805,41,8,0
2026-07-13 23:20:00,1.13805,1.13814,1.13799,1.13813,40,8,0
2026-07-13 23:25:00,1.13813,1.13819,1.13804,1.13808,45,8,0
2026-07-13 23:30:00,1.13808,1.13816,1.13801,1.13812,54,8,0
2026-07-13 23:35:00,1.13813,1.13821,1.13812,1.13819,40,8,0
2026-07-13 23:40:00,1.13819,1.13833,1.13819,1.13823,71,8,0
2026-07-13 23:45:00,1.13822,1.13836,1.13812,1.13826,99,8,0
2026-07-13 23:50:00,1.13824,1.13835,1.13813,1.13826,90,8,0
2026-07-13 23:55:00,1.13827,1.13833,1.13816,1.13831,87,8,0
2026-07-14 00:00:00,1.13833,1.13838,1.13806,1.13816,228,8,0
2026-07-14 00:05:00,1.13817,1.1384400000000001,1.13812,1.13841,196,8,0
2026-07-14 00:10:00,1.1384,1.1386,1.13839,1.13845,184,8,0
2026-07-14 00:15:00,1.13845,1.13845,1.13791,1.13792,173,8,0
2026-07-14 00:20:00,1.1379299999999999,1.13815,1.13778,1.13794,232,8,0
2026-07-14 00:25:00,1.1379299999999999,1.13806,1.13788,1.13801,163,8,0
2026-07-14 00:30:00,1.13803,1.13837,1.13795,1.13825,195,8,0
2026-07-14 00:35:00,1.13826,1.13852,1.13824,1.13843,130,8,0
2026-07-14 00:40:00,1.1384400000000001,1.13877,1.13835,1.1387,192,8,0
2026-07-14 00:45:00,1.1387,1.13882,1.13856,1.13875,257,8,0
2026-07-14 00:50:00,1.13875,1.13888,1.13871,1.13878,160,8,0
2026-07-14 00:55:00,1.1388099999999999,1.1389,1.1384400000000001,1.13846,167,8,0
2026-07-14 01:00:00,1.1384400000000001,1.13869,1.13842,1.13862,208,8,0
2026-07-14 01:05:00,1.13861,1.13871,1.13859,1.13861,118,8,0
2026-07-14 01:10:00,1.13863,1.1387,1.13855,1.13861,129,8,0
2026-07-14 01:15:00,1.13864,1.1389,1.13862,1.13887,141,8,0
2026-07-14 01:20:00,1.13887,1.13897,1.13878,1.13886,130,8,0
2026-07-14 01:25:00,1.13884,1.13888,1.13848,1.13848,150,8,0
2026-07-14 01:30:00,1.13848,1.13872,1.13846,1.13867,123,8,0
2026-07-14 01:35:00,1.13866,1.13866,1.13845,1.13856,127,8,0
2026-07-14 01:40:00,1.13857,1.1388099999999999,1.1385399999999999,1.13873,124,8,0
2026-07-14 01:45:00,1.13872,1.13879,1.1386,1.13872,139,8,0
2026-07-14 01:50:00,1.13872,1.13891,1.1387,1.13883,111,8,0
2026-07-14 01:55:00,1.13883,1.13901,1.13877,1.13884,129,8,0
2026-07-14 02:00:00,1.13885,1.13903,1.13884,1.13901,138,8,0
2026-07-14 02:05:00,1.13901,1.13909,1.13891,1.13894,126,8,0
2026-07-14 02:10:00,1.13893,1.1390500000000001,1.13888,1.13904,104,8,0
2026-07-14 02:15:00,1.13904,1.13922,1.139,1.13922,91,8,0
2026-07-14 02:20:00,1.13922,1.13927,1.13918,1.13926,92,8,0
2026-07-14 02:25:00,1.13927,1.13934,1.13925,1.13932,76,8,0
2026-07-14 02:30:00,1.13932,1.13939,1.13919,1.13919,105,8,0
2026-07-14 02:35:00,1.13921,1.13934,1.13921,1.13931,76,8,0
2026-07-14 02:40:00,1.1393,1.13938,1.13918,1.1392,82,8,0
2026-07-14 02:45:00,1.13921,1.13926,1.13914,1.13917,88,8,0
2026-07-14 02:50:00,1.13916,1.13916,1.1390500000000001,1.1391,105,8,0
2026-07-14 02:55:00,1.1391,1.13913,1.13902,1.13904,77,8,0
2026-07-14 03:00:00,1.1390500000000001,1.13917,1.1388,1.13882,136,8,0
2026-07-14 03:05:00,1.1388099999999999,1.13898,1.13879,1.13895,84,8,0
2026-07-14 03:10:00,1.13895,1.1392,1.13891,1.13909,101,8,0
2026-07-14 03:15:00,1.13909,1.1392,1.13889,1.13897,121,8,0
2026-07-14 03:20:00,1.13896,1.13907,1.13882,1.13902,134,8,0
2026-07-14 03:25:00,1.13902,1.13928,1.13902,1.13925,98,8,0
2026-07-14 03:30:00,1.13925,1.13943,1.13919,1.13925,144,8,0
2026-07-14 03:35:00,1.13924,1.13962,1.13924,1.13949,140,8,0
2026-07-14 03:40:00,1.13949,1.13952,1.13934,1.13935,91,8,0
2026-07-14 03:45:00,1.13936,1.13946,1.13934,1.13934,89,8,0
2026-07-14 03:50:00,1.13935,1.13946,1.13935,1.1394,83,8,0
2026-07-14 03:55:00,1.1394,1.1394,1.13929,1.13931,70,8,0
2026-07-14 04:00:00,1.13931,1.13944,1.13927,1.13937,95,8,0
2026-07-14 04:05:00,1.13938,1.13939,1.1391,1.1391499999999999,91,8,0
2026-07-14 04:10:00,1.13916,1.13927,1.13902,1.13925,105,8,0
2026-07-14 04:15:00,1.13925,1.13939,1.13924,1.13937,63,8,0
2026-07-14 04:20:00,1.13937,1.13943,1.1393,1.13934,55,8,0
2026-07-14 04:25:00,1.13934,1.13936,1.13922,1.13922,80,8,0
2026-07-14 04:30:00,1.13923,1.13938,1.13919,1.13934,121,8,0
2026-07-14 04:35:00,1.13934,1.13938,1.13916,1.13927,111,8,0
2026-07-14 04:40:00,1.13928,1.13928,1.13914,1.13916,75,8,0
2026-07-14 04:45:00,1.13916,1.13916,1.13894,1.13895,70,8,0
2026-07-14 04:50:00,1.13895,1.13901,1.13871,1.13895,123,8,0
2026-07-14 04:55:00,1.13895,1.1390500000000001,1.13895,1.13901,72,8,0
2026-07-14 05:00:00,1.13901,1.13924,1.139,1.13912,101,8,0
2026-07-14 05:05:00,1.13912,1.13926,1.1391,1.13916,63,8,0
2026-07-14 05:10:00,1.13916,1.13928,1.1391499999999999,1.13923,62,8,0
2026-07-14 05:15:00,1.13923,1.13936,1.13922,1.13934,79,8,0
2026-07-14 05:20:00,1.13934,1.13943,1.13932,1.13932,111,8,0
2026-07-14 05:25:00,1.13934,1.13941,1.13927,1.13936,87,8,0
2026-07-14 05:30:00,1.13937,1.13954,1.13937,1.13947,141,8,0
2026-07-14 05:35:00,1.13946,1.13957,1.13921,1.13924,141,8,0
2026-07-14 05:40:00,1.13924,1.1394199999999999,1.13923,1.13937,81,8,0
2026-07-14 05:45:00,1.13937,1.13938,1.13925,1.1393,122,8,0
2026-07-14 05:50:00,1.13929,1.13934,1.13918,1.1393,109,8,0
2026-07-14 05:55:00,1.13928,1.13928,1.1390500000000001,1.13916,124,8,0
2026-07-14 06:00:00,1.1391499999999999,1.13922,1.13884,1.13887,202,8,0
2026-07-14 06:05:00,1.13889,1.1390500000000001,1.13886,1.13897,173,8,0
2026-07-14 06:10:00,1.13897,1.1391499999999999,1.13875,1.13882,163,8,0
2026-07-14 06:15:00,1.13882,1.13892,1.13864,1.13874,142,8,0
2026-07-14 06:20:00,1.13875,1.13884,1.13869,1.13877,145,8,0
2026-07-14 06:25:00,1.13877,1.13877,1.13857,1.1387,133,8,0
2026-07-14 06:30:00,1.13868,1.13934,1.13862,1.13914,228,8,0
2026-07-14 06:35:00,1.13916,1.13927,1.13892,1.13898,178,8,0
2026-07-14 06:40:00,1.13898,1.13898,1.1388099999999999,1.13882,144,8,0
2026-07-14 06:45:00,1.1388099999999999,1.1388099999999999,1.13853,1.13853,144,8,0
2026-07-14 06:50:00,1.13852,1.13874,1.13842,1.13862,150,8,0
2026-07-14 06:55:00,1.13861,1.1388,1.13853,1.13856,166,8,0
2026-07-14 07:00:00,1.13858,1.13879,1.13837,1.13875,226,8,0
2026-07-14 07:05:00,1.13875,1.13898,1.13872,1.13885,205,8,0
2026-07-14 07:10:00,1.13885,1.13887,1.1386,1.13864,182,8,0
2026-07-14 07:15:00,1.13864,1.13887,1.1386,1.13885,163,8,0
2026-07-14 07:20:00,1.13885,1.13914,1.13872,1.13907,207,8,0
2026-07-14 07:25:00,1.13906,1.13944,1.13906,1.13932,212,8,0
2026-07-14 07:30:00,1.13932,1.13934,1.13887,1.13899,207,8,0
2026-07-14 07:35:00,1.13899,1.13923,1.13888,1.13908,155,8,0
2026-07-14 07:40:00,1.13908,1.1391499999999999,1.13893,1.13913,183,8,0
2026-07-14 07:45:00,1.13914,1.13973,1.13914,1.13968,255,8,0
2026-07-14 07:50:00,1.13967,1.13967,1.13937,1.13957,217,8,0
2026-07-14 07:55:00,1.13958,1.13958,1.13933,1.13952,194,8,0
2026-07-14 08:00:00,1.13955,1.13977,1.13927,1.13951,263,8,0
2026-07-14 08:05:00,1.13951,1.1397599999999999,1.1394199999999999,1.13975,202,8,0
2026-07-14 08:10:00,1.13974,1.13979,1.13953,1.13964,165,8,0
2026-07-14 08:15:00,1.13964,1.13968,1.13952,1.13967,176,8,0
2026-07-14 08:20:00,1.1396600000000001,1.1397599999999999,1.13958,1.13974,171,8,0
2026-07-14 08:25:00,1.13973,1.14001,1.13969,1.13997,188,8,0
2026-07-14 08:30:00,1.13996,1.14018,1.13979,1.13981,216,8,0
2026-07-14 08:35:00,1.13981,1.14011,1.13979,1.14005,134,8,0
2026-07-14 08:40:00,1.14006,1.14055,1.13999,1.14051,292,8,0
2026-07-14 08:45:00,1.14049,1.14053,1.14001,1.14012,213,8,0
2026-07-14 08:50:00,1.14011,1.14023,1.13993,1.14008,193,8,0
2026-07-14 08:55:00,1.14008,1.14013,1.13988,1.13992,191,8,0
2026-07-14 09:00:00,1.13993,1.1403,1.13988,1.1402700000000001,190,8,0
2026-07-14 09:05:00,1.14028,1.14032,1.1400000000000001,1.14001,146,8,0
2026-07-14 09:10:00,1.14002,1.14032,1.14002,1.14029,166,8,0
2026-07-14 09:15:00,1.14029,1.14029,1.13977,1.13994,197,8,0
2026-07-14 09:20:00,1.13994,1.13996,1.13971,1.13982,132,8,0
2026-07-14 09:25:00,1.13982,1.13991,1.13977,1.13979,150,8,0
2026-07-14 09:30:00,1.13979,1.13988,1.13962,1.13965,132,8,0
2026-07-14 09:35:00,1.13965,1.13982,1.13965,1.13975,104,8,0
2026-07-14 09:40:00,1.13974,1.13979,1.13947,1.13952,143,8,0
2026-07-14 09:45:00,1.1395,1.13998,1.13946,1.13994,183,8,0
2026-07-14 09:50:00,1.13995,1.14023,1.13987,1.14014,161,8,0
2026-07-14 09:55:00,1.14015,1.14023,1.1400000000000001,1.14005,155,8,0
2026-07-14 10:00:00,1.14007,1.14012,1.13994,1.14001,131,8,0
2026-07-14 10:05:00,1.14004,1.14004,1.13973,1.13974,144,8,0
2026-07-14 10:10:00,1.13974,1.13982,1.1396600000000001,1.13974,121,8,0
2026-07-14 10:15:00,1.1397599999999999,1.13989,1.13964,1.13971,158,8,0
2026-07-14 10:20:00,1.13971,1.13972,1.13947,1.13948,126,8,0
2026-07-14 10:25:00,1.13948,1.13957,1.13938,1.13948,121,8,0
2026-07-14 10:30:00,1.13948,1.13958,1.13938,1.13951,167,8,0
2026-07-14 10:35:00,1.13952,1.13968,1.13938,1.13946,151,8,0
2026-07-14 10:40:00,1.13946,1.13952,1.13929,1.13945,142,8,0
2026-07-14 10:45:00,1.13945,1.13953,1.13934,1.13946,110,8,0
2026-07-14 10:50:00,1.13946,1.13953,1.13932,1.13937,114,8,0
2026-07-14 10:55:00,1.13936,1.13939,1.13906,1.13918,155,8,0
2026-07-14 11:00:00,1.13916,1.13919,1.13896,1.13901,189,8,0
2026-07-14 11:05:00,1.13901,1.1393,1.13901,1.13929,149,8,0
2026-07-14 11:10:00,1.13929,1.13943,1.13903,1.13937,191,8,0
2026-07-14 11:15:00,1.13936,1.1394,1.13923,1.13934,130,8,0
2026-07-14 11:20:00,1.13934,1.13965,1.13934,1.13961,153,8,0
2026-07-14 11:25:00,1.13963,1.13967,1.13946,1.13949,144,8,0
2026-07-14 11:30:00,1.13948,1.13991,1.13947,1.1397599999999999,196,8,0
2026-07-14 11:35:00,1.13977,1.14005,1.1397599999999999,1.14004,111,8,0
2026-07-14 11:40:00,1.1400299999999999,1.14009,1.13992,1.14006,168,8,0
2026-07-14 11:45:00,1.14007,1.14062,1.14007,1.14052,171,8,0
2026-07-14 11:50:00,1.14051,1.14089,1.1404,1.14075,203,8,0
2026-07-14 11:55:00,1.14074,1.14079,1.14053,1.1406100000000001,211,8,0
2026-07-14 12:00:00,1.1406100000000001,1.14071,1.14051,1.14055,245,8,0
2026-07-14 12:05:00,1.14055,1.14063,1.14035,1.14044,212,8,0
2026-07-14 12:10:00,1.14046,1.1407,1.14046,1.14057,188,8,0
2026-07-14 12:15:00,1.14059,1.14069,1.1403699999999999,1.14051,230,8,0
2026-07-14 12:20:00,1.14051,1.14129,1.14051,1.14128,421,8,0
2026-07-14 12:25:00,1.14126,1.14148,1.1412,1.14134,356,8,0
2026-07-14 12:30:00,1.14135,1.14621,1.14089,1.1448800000000001,1640,8,0
2026-07-14 12:35:00,1.1449,1.14521,1.14375,1.1442700000000001,1320,8,0
2026-07-14 12:40:00,1.14429,1.14584,1.14425,1.14574,1035,8,0
2026-07-14 12:45:00,1.14574,1.14589,1.14501,1.1452,728,8,0
2026-07-14 12:50:00,1.14519,1.14526,1.14418,1.14424,664,8,0
2026-07-14 12:55:00,1.14426,1.14463,1.14408,1.14457,561,8,0
2026-07-14 13:00:00,1.14459,1.14541,1.14441,1.14486,734,8,0
2026-07-14 13:05:00,1.14483,1.14547,1.14472,1.14481,623,8,0
2026-07-14 13:10:00,1.14482,1.1451,1.14412,1.14451,575,8,0
2026-07-14 13:15:00,1.1445,1.14503,1.14436,1.14473,474,8,0
2026-07-14 13:20:00,1.14471,1.1452,1.14436,1.1449799999999999,504,8,0
2026-07-14 13:25:00,1.145,1.14529,1.14492,1.14495,490,8,0
2026-07-14 13:30:00,1.1449799999999999,1.1452499999999999,1.1446399999999999,1.14501,609,8,0
2026-07-14 13:35:00,1.1449799999999999,1.14524,1.14491,1.14509,418,8,0
2026-07-14 13:40:00,1.14508,1.14534,1.14487,1.14522,434,8,0
2026-07-14 13:45:00,1.14521,1.14524,1.14474,1.14518,441,8,0
2026-07-14 13:50:00,1.14519,1.14532,1.14476,1.14524,369,8,0
2026-07-14 13:55:00,1.14523,1.1454,1.145,1.1451,269,8,0
2026-07-14 14:00:00,1.14512,1.14554,1.145,1.14529,389,8,0
2026-07-14 14:05:00,1.14528,1.14581,1.14522,1.14548,377,8,0
2026-07-14 14:10:00,1.1455,1.14585,1.14542,1.14546,351,8,0
2026-07-14 14:15:00,1.14546,1.14548,1.14492,1.14526,404,8,0
2026-07-14 14:20:00,1.14529,1.14539,1.14476,1.14479,360,8,0
2026-07-14 14:25:00,1.14479,1.14489,1.14433,1.1444,474,8,0
2026-07-14 14:30:00,1.14439,1.14585,1.14407,1.14482,786,8,0
2026-07-14 14:35:00,1.1448,1.145,1.14461,1.14461,416,8,0
2026-07-14 14:40:00,1.1446,1.14481,1.14442,1.14477,316,8,0
2026-07-14 14:45:00,1.14479,1.14493,1.14458,1.14469,272,8,0
2026-07-14 14:50:00,1.1447,1.14474,1.14397,1.14414,322,8,0
2026-07-14 14:55:00,1.14415,1.14461,1.14406,1.14447,323,8,0
2026-07-14 15:00:00,1.14446,1.14533,1.14417,1.14496,605,8,0
2026-07-14 15:05:00,1.14495,1.14519,1.14466,1.14497,431,8,0
2026-07-14 15:10:00,1.1449799999999999,1.14502,1.14471,1.14479,241,8,0
2026-07-14 15:15:00,1.14478,1.14489,1.14449,1.14455,226,8,0
2026-07-14 15:20:00,1.14455,1.14456,1.14419,1.1442,191,8,0
2026-07-14 15:25:00,1.1442,1.14424,1.14406,1.14414,206,8,0
2026-07-14 15:30:00,1.14412,1.14433,1.1439300000000001,1.14407,270,8,0
2026-07-14 15:35:00,1.14408,1.14413,1.14373,1.14374,294,8,0
2026-07-14 15:40:00,1.14374,1.14379,1.143,1.14329,363,8,0
2026-07-14 15:45:00,1.1433,1.1436,1.14317,1.14317,270,8,0
2026-07-14 15:50:00,1.14317,1.1432,1.14268,1.14289,303,8,0
2026-07-14 15:55:00,1.14289,1.14291,1.14255,1.14268,253,8,0
2026-07-14 16:00:00,1.1427100000000001,1.14276,1.14246,1.14255,213,8,0
2026-07-14 16:05:00,1.14257,1.1426,1.14239,1.14255,246,8,0
2026-07-14 16:10:00,1.14255,1.14287,1.14254,1.14279,216,8,0
2026-07-14 16:15:00,1.14279,1.14292,1.14261,1.14268,191,8,0
2026-07-14 16:20:00,1.14267,1.14291,1.14267,1.14286,164,8,0
2026-07-14 16:25:00,1.14286,1.14304,1.14284,1.14298,144,8,0
2026-07-14 16:30:00,1.14298,1.14321,1.14298,1.14316,170,8,0
2026-07-14 16:35:00,1.14316,1.1434,1.14316,1.14334,141,8,0
2026-07-14 16:40:00,1.14334,1.14335,1.1431499999999999,1.1432,86,8,0
2026-07-14 16:45:00,1.14321,1.14326,1.14293,1.1430500000000001,106,8,0
2026-07-14 16:50:00,1.1430500000000001,1.14331,1.14301,1.14326,117,8,0
2026-07-14 16:55:00,1.14326,1.14329,1.1431,1.14313,127,8,0
2026-07-14 17:00:00,1.1431499999999999,1.14331,1.14288,1.14289,161,8,0
2026-07-14 17:05:00,1.14291,1.14291,1.14257,1.14265,177,8,0
2026-07-14 17:10:00,1.14263,1.1427100000000001,1.14225,1.14227,206,8,0
2026-07-14 17:15:00,1.14225,1.14232,1.14193,1.14197,236,8,0
2026-07-14 17:20:00,1.14197,1.14229,1.14189,1.1421999999999999,152,8,0
2026-07-14 17:25:00,1.1421999999999999,1.14259,1.1421999999999999,1.14254,151,8,0
2026-07-14 17:30:00,1.14256,1.14265,1.1424400000000001,1.14245,134,8,0
2026-07-14 17:35:00,1.14245,1.14254,1.14236,1.14247,114,8,0
2026-07-14 17:40:00,1.14246,1.14258,1.1424,1.14256,130,8,0
2026-07-14 17:45:00,1.14257,1.14274,1.1424400000000001,1.14273,130,8,0
2026-07-14 17:50:00,1.14272,1.14279,1.14263,1.14272,121,8,0
2026-07-14 17:55:00,1.14272,1.14272,1.14226,1.14231,168,8,0
2026-07-14 18:00:00,1.1423,1.14249,1.14226,1.14242,121,8,0
2026-07-14 18:05:00,1.14242,1.14245,1.14233,1.14236,79,8,0
2026-07-14 18:10:00,1.14235,1.14241,1.14226,1.14235,107,8,0
2026-07-14 18:15:00,1.14236,1.14259,1.14235,1.1425,114,8,0
2026-07-14 18:20:00,1.1425,1.1425,1.14203,1.14211,161,8,0
2026-07-14 18:25:00,1.14211,1.14223,1.14199,1.14212,120,8,0
2026-07-14 18:30:00,1.1421000000000001,1.14228,1.14208,1.14227,106,8,0
2026-07-14 18:35:00,1.14227,1.14228,1.14186,1.14199,153,8,0
2026-07-14 18:40:00,1.14199,1.14199,1.14157,1.14188,274,8,0
2026-07-14 18:45:00,1.14188,1.14204,1.14186,1.14197,119,8,0
2026-07-14 18:50:00,1.14197,1.14208,1.14186,1.14206,124,8,0
2026-07-14 18:55:00,1.14207,1.14237,1.14202,1.14231,167,8,0
2026-07-14 19:00:00,1.14233,1.14246,1.14226,1.14237,144,8,0
2026-07-14 19:05:00,1.14237,1.14243,1.14231,1.14234,80,8,0
2026-07-14 19:10:00,1.14234,1.14258,1.14224,1.14251,97,8,0
2026-07-14 19:15:00,1.1425,1.14257,1.14236,1.14248,135,8,0
2026-07-14 19:20:00,1.14249,1.14249,1.14228,1.14238,122,8,0
2026-07-14 19:25:00,1.14238,1.14247,1.14232,1.1424,112,8,0
2026-07-14 19:30:00,1.14238,1.14242,1.14205,1.14227,237,8,0
2026-07-14 19:35:00,1.14227,1.14232,1.14217,1.14223,99,8,0
2026-07-14 19:40:00,1.14223,1.14227,1.14214,1.14225,100,8,0
2026-07-14 19:45:00,1.14226,1.14239,1.14222,1.14222,110,8,0
2026-07-14 19:50:00,1.1421999999999999,1.14234,1.1421999999999999,1.1423,87,8,0
2026-07-14 19:55:00,1.1423,1.14231,1.14198,1.14198,140,8,0
2026-07-14 20:00:00,1.142,1.142,1.14182,1.14193,123,8,0
2026-07-14 20:05:00,1.14193,1.14198,1.14186,1.14198,94,8,0
2026-07-14 20:10:00,1.14198,1.14224,1.14191,1.14202,109,8,0
2026-07-14 20:15:00,1.14202,1.14202,1.1419,1.14193,43,8,0
2026-07-14 20:20:00,1.14193,1.14198,1.14192,1.14194,37,8,0
2026-07-14 20:25:00,1.14194,1.14207,1.14188,1.14191,53,8,0
2026-07-14 20:30:00,1.14191,1.14203,1.14189,1.14193,56,8,0
2026-07-14 20:35:00,1.14193,1.14212,1.14193,1.14212,52,8,0
2026-07-14 20:40:00,1.14212,1.14212,1.14199,1.14201,41,8,0
2026-07-14 20:45:00,1.142,1.142,1.1419,1.14197,42,8,0
2026-07-14 20:50:00,1.14196,1.14212,1.14194,1.14205,49,8,0
2026-07-14 20:55:00,1.14205,1.1421000000000001,1.14191,1.14205,59,8,0
2026-07-14 21:00:00,1.14201,1.14201,1.14197,1.14197,4,20,0
2026-07-14 21:05:00,1.14197,1.14199,1.14181,1.1418300000000001,20,20,0
2026-07-14 21:10:00,1.1418300000000001,1.14185,1.14182,1.1418300000000001,13,48,0
2026-07-14 21:15:00,1.14184,1.14195,1.1418300000000001,1.14194,40,48,0
2026-07-14 21:20:00,1.14194,1.14206,1.14192,1.14202,41,20,0
2026-07-14 21:25:00,1.1419,1.1421000000000001,1.1419,1.14209,26,20,0
2026-07-14 21:30:00,1.14209,1.14212,1.14196,1.14212,28,20,0
2026-07-14 21:35:00,1.142,1.14212,1.14194,1.14196,77,20,0
2026-07-14 21:40:00,1.14195,1.14198,1.14193,1.14195,38,48,0
2026-07-14 21:45:00,1.14196,1.14196,1.14189,1.14189,40,48,0
2026-07-14 21:50:00,1.1419,1.1419,1.1417,1.14174,71,48,0
2026-07-14 21:55:00,1.14175,1.14189,1.14175,1.14187,22,20,0
2026-07-14 22:00:00,1.14191,1.14229,1.14182,1.14192,83,8,0
2026-07-14 22:05:00,1.14192,1.14192,1.1417,1.14185,76,8,0
2026-07-14 22:10:00,1.14185,1.1419,1.14167,1.14187,69,8,0
2026-07-14 22:15:00,1.14187,1.1419,1.1418,1.1418300000000001,51,8,0
2026-07-14 22:20:00,1.1418300000000001,1.14201,1.14182,1.1419,46,8,0
2026-07-14 22:25:00,1.1419,1.14202,1.14185,1.142,68,8,0
2026-07-14 22:30:00,1.142,1.14209,1.14195,1.14206,66,8,0
2026-07-14 22:35:00,1.14206,1.14214,1.14201,1.14211,67,8,0
2026-07-14 22:40:00,1.1421000000000001,1.14212,1.14204,1.14207,18,8,0
2026-07-14 22:45:00,1.14207,1.14207,1.14191,1.14197,51,8,0
2026-07-14 22:50:00,1.14197,1.14199,1.14192,1.14192,29,8,0
2026-07-14 22:55:00,1.14192,1.14203,1.14189,1.14202,35,8,0
2026-07-14 23:00:00,1.14202,1.14208,1.14197,1.14202,45,8,0
2026-07-14 23:05:00,1.14203,1.14218,1.14202,1.14216,41,8,0
2026-07-14 23:10:00,1.14216,1.14218,1.14211,1.14216,34,8,0
2026-07-14 23:15:00,1.14216,1.14217,1.14202,1.14206,21,8,0
2026-07-14 23:20:00,1.14206,1.14213,1.14204,1.14209,22,8,0
2026-07-14 23:25:00,1.14209,1.14224,1.14208,1.14223,57,8,0
2026-07-14 23:30:00,1.14223,1.1423,1.14211,1.1421999999999999,63,8,0
2026-07-14 23:35:00,1.1421999999999999,1.14228,1.1421999999999999,1.14226,33,8,0
2026-07-14 23:40:00,1.14227,1.14242,1.14227,1.1424,63,8,0
2026-07-14 23:45:00,1.1424,1.14243,1.14231,1.1424,58,8,0
2026-07-14 23:50:00,1.14241,1.14242,1.14229,1.14242,39,8,0
2026-07-14 23:55:00,1.14243,1.14246,1.14234,1.14241,55,8,0
2026-07-15 00:00:00,1.14242,1.14269,1.14235,1.14266,149,8,0
2026-07-15 00:05:00,1.14266,1.14267,1.14248,1.14266,124,8,0
2026-07-15 00:10:00,1.14266,1.1427100000000001,1.14248,1.14253,86,8,0
2026-07-15 00:15:00,1.14253,1.1427100000000001,1.14251,1.14262,107,8,0
2026-07-15 00:20:00,1.14262,1.1427100000000001,1.14257,1.14267,78,8,0
2026-07-15 00:25:00,1.14265,1.14299,1.14265,1.14289,131,8,0
2026-07-15 00:30:00,1.14289,1.14295,1.14279,1.1428,91,8,0
2026-07-15 00:35:00,1.1428,1.14285,1.14269,1.14273,78,8,0
2026-07-15 00:40:00,1.14273,1.14275,1.14261,1.14268,105,8,0
2026-07-15 00:45:00,1.14268,1.1429,1.14267,1.1429,77,8,0
2026-07-15 00:50:00,1.14289,1.1431499999999999,1.14289,1.1431,134,8,0
2026-07-15 00:55:00,1.14312,1.14337,1.14308,1.14326,138,8,0
2026-07-15 01:00:00,1.14328,1.14339,1.14318,1.14335,154,8,0
2026-07-15 01:05:00,1.14335,1.1435,1.14329,1.1434199999999999,128,8,0
2026-07-15 01:10:00,1.1434199999999999,1.14351,1.14335,1.14348,116,8,0
2026-07-15 01:15:00,1.14348,1.14368,1.14348,1.1436600000000001,106,8,0
2026-07-15 01:20:00,1.14367,1.14368,1.14356,1.14356,90,8,0
2026-07-15 01:25:00,1.14356,1.1436600000000001,1.14345,1.14354,130,8,0
2026-07-15 01:30:00,1.14354,1.14365,1.14343,1.14351,128,8,0
2026-07-15 01:35:00,1.14351,1.14362,1.14341,1.14356,86,8,0
2026-07-15 01:40:00,1.14356,1.14358,1.14326,1.14333,117,8,0
2026-07-15 01:45:00,1.14333,1.14339,1.14323,1.14331,91,8,0
2026-07-15 01:50:00,1.14331,1.14334,1.14321,1.14328,100,8,0
2026-07-15 01:55:00,1.14328,1.14354,1.14325,1.14351,96,8,0
2026-07-15 02:00:00,1.14351,1.14372,1.14336,1.14371,133,8,0
2026-07-15 02:05:00,1.14369,1.14387,1.14362,1.14381,127,8,0
2026-07-15 02:10:00,1.14381,1.14387,1.14355,1.14358,119,8,0
2026-07-15 02:15:00,1.14358,1.14358,1.14337,1.14337,84,8,0
2026-07-15 02:20:00,1.14337,1.14347,1.14327,1.14334,95,8,0
2026-07-15 02:25:00,1.14336,1.1435,1.14336,1.14347,85,8,0
2026-07-15 02:30:00,1.14346,1.14359,1.14346,1.14358,74,8,0
2026-07-15 02:35:00,1.14357,1.1436600000000001,1.14348,1.14361,89,8,0
2026-07-15 02:40:00,1.14361,1.14407,1.14361,1.14405,158,8,0
2026-07-15 02:45:00,1.14404,1.14411,1.14397,1.1441,105,8,0
2026-07-15 02:50:00,1.1441,1.14413,1.1439,1.14402,96,8,0
2026-07-15 02:55:00,1.14401,1.14418,1.14398,1.14399,95,8,0
2026-07-15 03:00:00,1.144,1.14419,1.14398,1.14417,96,8,0
2026-07-15 03:05:00,1.14415,1.14416,1.1439,1.14401,68,8,0
2026-07-15 03:10:00,1.14401,1.14402,1.14372,1.14373,111,8,0
2026-07-15 03:15:00,1.14372,1.14374,1.1433200000000001,1.14333,127,8,0
2026-07-15 03:20:00,1.14335,1.14343,1.1433,1.14337,93,8,0
2026-07-15 03:25:00,1.14337,1.14352,1.14337,1.14345,96,8,0
2026-07-15 03:30:00,1.14346,1.1436600000000001,1.1434199999999999,1.14365,77,8,0
2026-07-15 03:35:00,1.14365,1.1436600000000001,1.14355,1.14361,64,8,0
2026-07-15 03:40:00,1.14361,1.14364,1.14334,1.14337,89,8,0
2026-07-15 03:45:00,1.14336,1.14355,1.14336,1.14354,103,8,0
2026-07-15 03:50:00,1.14354,1.14372,1.14354,1.1436600000000001,88,8,0
2026-07-15 03:55:00,1.1436600000000001,1.14379,1.1436,1.14375,67,8,0
2026-07-15 04:00:00,1.14378,1.14387,1.14369,1.14377,83,8,0
2026-07-15 04:05:00,1.1437599999999999,1.14382,1.1436600000000001,1.1437,58,8,0
2026-07-15 04:10:00,1.1437,1.14375,1.14362,1.14368,81,8,0
2026-07-15 04:15:00,1.14368,1.14383,1.14364,1.14379,69,8,0
2026-07-15 04:20:00,1.14379,1.1438,1.14373,1.1438,52,8,0
2026-07-15 04:25:00,1.1438,1.14399,1.14379,1.14389,88,8,0
2026-07-15 04:30:00,1.14387,1.144,1.14386,1.14396,69,8,0
2026-07-15 04:35:00,1.14396,1.14406,1.14386,1.1439,70,8,0
2026-07-15 04:40:00,1.14389,1.14391,1.14372,1.14377,53,8,0
2026-07-15 04:45:00,1.14377,1.1439300000000001,1.14374,1.14386,54,8,0
2026-07-15 04:50:00,1.14386,1.14392,1.1437599999999999,1.1437599999999999,54,8,0
2026-07-15 04:55:00,1.14374,1.14381,1.1436,1.1436600000000001,94,8,0
2026-07-15 05:00:00,1.1436600000000001,1.14369,1.14349,1.14357,176,8,0
2026-07-15 05:05:00,1.14357,1.14375,1.14348,1.14358,101,8,0
2026-07-15 05:10:00,1.14357,1.14367,1.14349,1.14363,83,8,0
2026-07-15 05:15:00,1.14363,1.14375,1.1436,1.14372,57,8,0
2026-07-15 05:20:00,1.14371,1.1438,1.14371,1.14372,67,8,0
2026-07-15 05:25:00,1.14372,1.1437599999999999,1.14363,1.14373,65,8,0
2026-07-15 05:30:00,1.14373,1.14391,1.1437,1.14387,100,8,0
2026-07-15 05:35:00,1.14387,1.14395,1.14379,1.14392,86,8,0
2026-07-15 05:40:00,1.14392,1.14405,1.14386,1.14404,105,8,0
2026-07-15 05:45:00,1.14405,1.14428,1.144,1.14426,130,8,0
2026-07-15 05:50:00,1.14426,1.1442700000000001,1.14415,1.14426,116,8,0
2026-07-15 05:55:00,1.14426,1.14426,1.14399,1.144,122,8,0
2026-07-15 06:00:00,1.14401,1.14422,1.14399,1.14411,142,8,0
2026-07-15 06:05:00,1.14411,1.14412,1.14391,1.1441,130,8,0
2026-07-15 06:10:00,1.14408,1.1441,1.14391,1.14395,105,8,0
2026-07-15 06:15:00,1.14395,1.14431,1.1439300000000001,1.14429,107,8,0
2026-07-15 06:20:00,1.14429,1.14429,1.14411,1.14423,102,8,0
2026-07-15 06:25:00,1.14423,1.14436,1.14414,1.14414,119,8,0
2026-07-15 06:30:00,1.14414,1.14417,1.14384,1.14407,164,8,0
2026-07-15 06:35:00,1.14406,1.14406,1.14389,1.14395,111,8,0
2026-07-15 06:40:00,1.14395,1.14398,1.14374,1.14384,155,8,0
2026-07-15 06:45:00,1.14383,1.14383,1.14343,1.14349,159,8,0
2026-07-15 06:50:00,1.14349,1.14365,1.14326,1.14346,286,8,0
2026-07-15 06:55:00,1.14345,1.14357,1.14277,1.14286,328,8,0
2026-07-15 07:00:00,1.14288,1.14308,1.14275,1.14285,259,8,0
2026-07-15 07:05:00,1.14285,1.14297,1.14258,1.1428099999999999,207,8,0
2026-07-15 07:10:00,1.14283,1.14316,1.14283,1.14298,194,8,0
2026-07-15 07:15:00,1.14298,1.14303,1.14242,1.14257,198,8,0
2026-07-15 07:20:00,1.14258,1.14268,1.14226,1.14236,203,8,0
2026-07-15 07:25:00,1.14236,1.14237,1.14195,1.14223,196,8,0
2026-07-15 07:30:00,1.14222,1.14245,1.14208,1.14224,198,8,0
2026-07-15 07:35:00,1.14224,1.14228,1.1421000000000001,1.14222,137,8,0
2026-07-15 07:40:00,1.14222,1.14241,1.14214,1.14237,175,8,0
2026-07-15 07:45:00,1.14238,1.14238,1.14213,1.1423,119,8,0
2026-07-15 07:50:00,1.14229,1.14245,1.14224,1.14238,114,8,0
2026-07-15 07:55:00,1.14238,1.14248,1.14221,1.14231,151,8,0
2026-07-15 08:00:00,1.14233,1.1427100000000001,1.14225,1.14262,217,8,0
2026-07-15 08:05:00,1.14261,1.14266,1.14224,1.14225,176,8,0
2026-07-15 08:10:00,1.14226,1.14233,1.14209,1.14224,174,8,0
2026-07-15 08:15:00,1.14223,1.1424,1.14218,1.14236,128,8,0
2026-07-15 08:20:00,1.14236,1.14246,1.14228,1.14246,118,8,0
2026-07-15 08:25:00,1.14246,1.14251,1.14225,1.14249,163,8,0
2026-07-15 08:30:00,1.14251,1.14264,1.1424400000000001,1.14253,139,8,0
2026-07-15 08:35:00,1.14251,1.14263,1.14242,1.14251,118,8,0
2026-07-15 08:40:00,1.14251,1.14252,1.14234,1.14243,126,8,0
2026-07-15 08:45:00,1.14243,1.14253,1.14223,1.14231,130,8,0
2026-07-15 08:50:00,1.14232,1.14232,1.1421000000000001,1.1421999999999999,164,8,0
2026-07-15 08:55:00,1.1421999999999999,1.14242,1.14206,1.14242,141,8,0
2026-07-15 09:00:00,1.1424400000000001,1.1424400000000001,1.142,1.14229,144,8,0
2026-07-15 09:05:00,1.14229,1.14237,1.1421999999999999,1.14232,158,8,0
2026-07-15 09:10:00,1.14233,1.14256,1.14233,1.1424,186,8,0
2026-07-15 09:15:00,1.1424,1.14247,1.14225,1.14226,133,8,0
2026-07-15 09:20:00,1.14225,1.14249,1.14225,1.14246,141,8,0
2026-07-15 09:25:00,1.14245,1.14245,1.14214,1.14215,160,8,0
2026-07-15 09:30:00,1.14217,1.14223,1.14177,1.14186,160,8,0
2026-07-15 09:35:00,1.14188,1.14203,1.14181,1.14187,145,8,0
2026-07-15 09:40:00,1.14187,1.1421000000000001,1.14187,1.14203,108,8,0
2026-07-15 09:45:00,1.14203,1.14217,1.14194,1.14195,144,8,0
2026-07-15 09:50:00,1.14195,1.14207,1.14171,1.14207,184,8,0
2026-07-15 09:55:00,1.14208,1.14212,1.14162,1.14167,201,8,0
2026-07-15 10:00:00,1.14166,1.14177,1.14155,1.14171,173,8,0
2026-07-15 10:05:00,1.14173,1.14178,1.14132,1.14147,181,8,0
2026-07-15 10:10:00,1.14148,1.14155,1.14134,1.14147,160,8,0
2026-07-15 10:15:00,1.14147,1.14168,1.14139,1.14155,159,8,0
2026-07-15 10:20:00,1.14154,1.1418,1.14118,1.14123,237,8,0
2026-07-15 10:25:00,1.14124,1.14131,1.14121,1.14128,116,8,0
2026-07-15 10:30:00,1.14128,1.14144,1.14115,1.14117,146,8,0
2026-07-15 10:35:00,1.14115,1.1414,1.14114,1.1413,130,8,0
2026-07-15 10:40:00,1.1413,1.1413,1.14104,1.14123,121,8,0
2026-07-15 10:45:00,1.14123,1.14145,1.1412,1.14126,134,8,0
2026-07-15 10:50:00,1.14124,1.14133,1.1412,1.14131,102,8,0
2026-07-15 10:55:00,1.14131,1.14155,1.14117,1.14153,139,8,0
2026-07-15 11:00:00,1.14155,1.14174,1.1415,1.14173,196,8,0
2026-07-15 11:05:00,1.14173,1.14189,1.1415899999999999,1.14179,185,8,0
2026-07-15 11:10:00,1.14179,1.1419,1.14164,1.14167,109,8,0
2026-07-15 11:15:00,1.14167,1.14174,1.14153,1.1416,124,8,0
2026-07-15 11:20:00,1.14161,1.14181,1.14161,1.14173,106,8,0
2026-07-15 11:25:00,1.14172,1.1418,1.14147,1.14155,126,8,0
2026-07-15 11:30:00,1.14155,1.14176,1.1414900000000001,1.14172,123,8,0
2026-07-15 11:35:00,1.14172,1.14189,1.14166,1.14169,137,8,0
2026-07-15 11:40:00,1.14169,1.14171,1.14142,1.14144,134,8,0
2026-07-15 11:45:00,1.14146,1.1414900000000001,1.14128,1.14131,152,8,0
2026-07-15 11:50:00,1.14132,1.14153,1.14097,1.14116,353,8,0
2026-07-15 11:55:00,1.14116,1.1412499999999999,1.14096,1.14114,314,8,0
2026-07-15 12:00:00,1.14115,1.14141,1.14097,1.14097,218,8,0
2026-07-15 12:05:00,1.14099,1.14104,1.14058,1.14058,234,8,0
2026-07-15 12:10:00,1.14059,1.14101,1.14059,1.14089,216,8,0
2026-07-15 12:15:00,1.14091,1.14106,1.14075,1.14076,175,8,0
2026-07-15 12:20:00,1.14079,1.14137,1.14075,1.14137,185,8,0
2026-07-15 12:25:00,1.14134,1.14147,1.14115,1.14138,182,8,0
2026-07-15 12:30:00,1.14136,1.14238,1.1413,1.14207,452,8,0
2026-07-15 12:35:00,1.14209,1.14213,1.14168,1.14191,346,8,0
2026-07-15 12:40:00,1.14191,1.1425,1.14187,1.14247,351,8,0
2026-07-15 12:45:00,1.14247,1.14278,1.14239,1.1427100000000001,263,8,0
2026-07-15 12:50:00,1.14269,1.14269,1.14242,1.14257,267,8,0
2026-07-15 12:55:00,1.14259,1.14298,1.14239,1.14277,267,8,0
2026-07-15 13:00:00,1.14279,1.14323,1.14278,1.14314,313,8,0
2026-07-15 13:05:00,1.1431499999999999,1.14333,1.1430500000000001,1.1431499999999999,271,8,0
2026-07-15 13:10:00,1.14318,1.14319,1.14264,1.14267,276,8,0
2026-07-15 13:15:00,1.14266,1.14333,1.14265,1.14321,221,8,0
2026-07-15 13:20:00,1.14322,1.14323,1.14259,1.1427,236,8,0
2026-07-15 13:25:00,1.1427,1.14273,1.14232,1.14241,247,8,0
2026-07-15 13:30:00,1.14239,1.1427100000000001,1.14238,1.14268,253,8,0
2026-07-15 13:35:00,1.14266,1.14278,1.14251,1.14268,236,8,0
2026-07-15 13:40:00,1.14266,1.1427100000000001,1.14255,1.14261,152,8,0
2026-07-15 13:45:00,1.14264,1.14301,1.14249,1.14295,230,8,0
2026-07-15 13:50:00,1.14292,1.14313,1.14262,1.14272,259,8,0
2026-07-15 13:55:00,1.14273,1.14351,1.14259,1.143,455,8,0
2026-07-15 14:00:00,1.14301,1.14325,1.14297,1.14318,228,8,0
2026-07-15 14:05:00,1.14319,1.14351,1.14306,1.1431499999999999,264,8,0
2026-07-15 14:10:00,1.14312,1.14334,1.14299,1.14314,226,8,0
2026-07-15 14:15:00,1.14314,1.14351,1.14314,1.14348,245,8,0
2026-07-15 14:20:00,1.14348,1.14351,1.1431,1.14324,246,8,0
2026-07-15 14:25:00,1.14324,1.14328,1.14299,1.14321,272,8,0
2026-07-15 14:30:00,1.14322,1.1436600000000001,1.14319,1.14356,249,8,0
2026-07-15 14:35:00,1.14356,1.14369,1.1434199999999999,1.14344,261,8,0
2026-07-15 14:40:00,1.14344,1.14388,1.14336,1.14382,241,8,0
2026-07-15 14:45:00,1.14384,1.14411,1.14368,1.14411,254,8,0
2026-07-15 14:50:00,1.14411,1.14411,1.1433200000000001,1.14352,475,8,0
2026-07-15 14:55:00,1.14351,1.14369,1.14324,1.14365,437,8,0
2026-07-15 15:00:00,1.1436600000000001,1.1440299999999999,1.1436600000000001,1.1439300000000001,299,8,0
2026-07-15 15:05:00,1.14394,1.14411,1.14387,1.14399,210,8,0
2026-07-15 15:10:00,1.14399,1.14406,1.14351,1.14352,200,8,0
2026-07-15 15:15:00,1.1435,1.14363,1.1433,1.14356,245,8,0
2026-07-15 15:20:00,1.14355,1.1438,1.14349,1.14375,219,8,0
2026-07-15 15:25:00,1.14375,1.14396,1.14363,1.14389,224,8,0
2026-07-15 15:30:00,1.1439,1.14391,1.1436,1.1437599999999999,230,8,0
2026-07-15 15:35:00,1.14374,1.14378,1.14313,1.14322,321,8,0
2026-07-15 15:40:00,1.14323,1.1435,1.14323,1.1434,193,8,0
2026-07-15 15:45:00,1.1434,1.14365,1.14337,1.14338,170,8,0
2026-07-15 15:50:00,1.14338,1.1435,1.14314,1.14338,211,8,0
2026-07-15 15:55:00,1.14339,1.14356,1.14324,1.1435,178,8,0
2026-07-15 16:00:00,1.14348,1.14356,1.14308,1.1432,203,8,0
2026-07-15 16:05:00,1.1432,1.14331,1.143,1.14326,181,8,0
2026-07-15 16:10:00,1.14326,1.14356,1.14324,1.1434,189,8,0
2026-07-15 16:15:00,1.1434,1.1436600000000001,1.14335,1.1434,170,8,0
2026-07-15 16:20:00,1.14341,1.1436600000000001,1.14337,1.14361,200,8,0
2026-07-15 16:25:00,1.14362,1.14392,1.14362,1.14382,187,8,0
2026-07-15 16:30:00,1.14384,1.14386,1.1436,1.1436600000000001,142,8,0
2026-07-15 16:35:00,1.1436600000000001,1.14368,1.1434,1.14355,194,8,0
2026-07-15 16:40:00,1.14355,1.1436600000000001,1.14341,1.1435,148,8,0
2026-07-15 16:45:00,1.14349,1.14408,1.14343,1.1436600000000001,385,8,0
2026-07-15 16:50:00,1.1436600000000001,1.14417,1.14363,1.14401,232,8,0
2026-07-15 16:55:00,1.144,1.14419,1.14382,1.14415,274,8,0
2026-07-15 17:00:00,1.14417,1.1447,1.14415,1.14459,311,8,0
2026-07-15 17:05:00,1.14459,1.14496,1.14451,1.14485,206,8,0
2026-07-15 17:10:00,1.14484,1.14499,1.14477,1.1449,185,8,0
2026-07-15 17:15:00,1.14489,1.14513,1.14474,1.14513,209,8,0
2026-07-15 17:20:00,1.14511,1.14537,1.14506,1.14532,159,8,0
2026-07-15 17:25:00,1.14531,1.14556,1.14531,1.14554,223,8,0
2026-07-15 17:30:00,1.14552,1.14655,1.14552,1.14635,420,8,0
2026-07-15 17:35:00,1.14633,1.14665,1.14628,1.1466,258,8,0
2026-07-15 17:40:00,1.14663,1.14706,1.14658,1.147,241,8,0
2026-07-15 17:45:00,1.14697,1.14743,1.14663,1.14741,271,8,0
2026-07-15 17:50:00,1.1474,1.1474,1.147,1.14711,234,8,0
2026-07-15 17:55:00,1.14711,1.14745,1.1471,1.14728,186,8,0
2026-07-15 18:00:00,1.14729,1.14765,1.14724,1.14759,187,8,0
2026-07-15 18:05:00,1.14759,1.1476600000000001,1.14734,1.14735,174,8,0
2026-07-15 18:10:00,1.14734,1.14744,1.14717,1.14728,182,8,0
2026-07-15 18:15:00,1.14728,1.14771,1.14717,1.14771,178,8,0
2026-07-15 18:20:00,1.14771,1.14773,1.14754,1.14757,121,8,0
2026-07-15 18:25:00,1.14758,1.14782,1.14757,1.1478,115,8,0
2026-07-15 18:30:00,1.1478,1.14821,1.14779,1.14799,180,8,0
2026-07-15 18:35:00,1.14799,1.14799,1.14776,1.14788,194,8,0
2026-07-15 18:40:00,1.14788,1.14788,1.14727,1.1473,186,8,0
2026-07-15 18:45:00,1.1473,1.14741,1.14709,1.14711,252,8,0
2026-07-15 18:50:00,1.14711,1.14716,1.14679,1.14687,236,8,0
2026-07-15 18:55:00,1.14688,1.14699,1.14657,1.14664,180,8,0
2026-07-15 19:00:00,1.14661,1.147,1.14654,1.14698,233,8,0
2026-07-15 19:05:00,1.14697,1.14731,1.14694,1.14724,179,8,0
2026-07-15 19:10:00,1.14723,1.14735,1.14714,1.14733,189,8,0
2026-07-15 19:15:00,1.1473200000000001,1.1474199999999999,1.147,1.1470799999999999,194,8,0
2026-07-15 19:20:00,1.1470799999999999,1.14731,1.14696,1.14719,161,8,0
2026-07-15 19:25:00,1.14719,1.14731,1.14714,1.14723,111,8,0
2026-07-15 19:30:00,1.14723,1.14723,1.14644,1.1465,306,8,0
2026-07-15 19:35:00,1.14649,1.14661,1.1461999999999999,1.14644,297,8,0
2026-07-15 19:40:00,1.14645,1.14646,1.14625,1.14628,125,8,0
2026-07-15 19:45:00,1.14628,1.14636,1.14616,1.14618,157,8,0
2026-07-15 19:50:00,1.14618,1.14632,1.14611,1.14616,172,8,0
2026-07-15 19:55:00,1.14619,1.1464699999999999,1.14619,1.14636,139,8,0
2026-07-15 20:00:00,1.14634,1.14641,1.14626,1.14629,107,8,0
2026-07-15 20:05:00,1.14629,1.14633,1.14606,1.14611,110,8,0
2026-07-15 20:10:00,1.14611,1.14617,1.1461000000000001,1.14612,59,8,0
2026-07-15 20:15:00,1.14612,1.14622,1.14611,1.14621,45,8,0
2026-07-15 20:20:00,1.14621,1.14639,1.14621,1.1463,63,8,0
2026-07-15 20:25:00,1.1463,1.14635,1.14618,1.14632,49,8,0
2026-07-15 20:30:00,1.14634,1.14635,1.14606,1.1461999999999999,81,8,0
2026-07-15 20:35:00,1.1461999999999999,1.14623,1.14613,1.14615,57,8,0
2026-07-15 20:40:00,1.14614,1.14627,1.14614,1.14624,52,8,0
2026-07-15 20:45:00,1.14623,1.14627,1.14619,1.14626,58,8,0
2026-07-15 20:50:00,1.14626,1.1463700000000001,1.14622,1.14635,51,8,0
2026-07-15 20:55:00,1.14635,1.1463700000000001,1.14609,1.14629,58,8,0
2026-07-15 21:00:00,1.14616,1.14629,1.14616,1.14616,3,20,0
2026-07-15 21:05:00,1.14617,1.14632,1.14615,1.1463,21,20,0
2026-07-15 21:10:00,1.1461000000000001,1.14628,1.1461000000000001,1.14613,18,20,0
2026-07-15 21:15:00,1.14613,1.1461999999999999,1.14612,1.14618,17,48,0
2026-07-15 21:20:00,1.14619,1.14625,1.14617,1.14625,25,48,0
2026-07-15 21:25:00,1.14625,1.14625,1.14622,1.14624,16,48,0
2026-07-15 21:30:00,1.14624,1.14625,1.14613,1.14617,31,48,0
2026-07-15 21:35:00,1.14618,1.14635,1.14618,1.14635,49,48,0
2026-07-15 21:40:00,1.14632,1.14644,1.14627,1.14628,55,20,0
2026-07-15 21:45:00,1.14628,1.14646,1.1461000000000001,1.1461000000000001,71,20,0
2026-07-15 21:50:00,1.14611,1.14621,1.14609,1.14621,40,48,0
2026-07-15 21:55:00,1.14621,1.14645,1.14621,1.14645,24,8,0
2026-07-15 22:00:00,1.14644,1.1468099999999999,1.14643,1.14659,85,8,0
2026-07-15 22:05:00,1.14659,1.1466,1.14656,1.14659,26,8,0
2026-07-15 22:10:00,1.14659,1.14664,1.14657,1.14661,38,8,0
2026-07-15 22:15:00,1.14661,1.14662,1.14651,1.14658,41,8,0
2026-07-15 22:20:00,1.14658,1.14658,1.14652,1.14654,23,8,0
2026-07-15 22:25:00,1.14654,1.14672,1.14654,1.1467100000000001,43,8,0
2026-07-15 22:30:00,1.1467100000000001,1.14672,1.14659,1.14659,42,8,0
2026-07-15 22:35:00,1.14659,1.14668,1.14658,1.14667,29,8,0
2026-07-15 22:40:00,1.14667,1.1467,1.14662,1.14665,28,8,0
2026-07-15 22:45:00,1.14665,1.14666,1.14658,1.1466,31,8,0
2026-07-15 22:50:00,1.1466,1.14667,1.14645,1.14654,50,8,0
2026-07-15 22:55:00,1.14654,1.14667,1.14654,1.14667,33,8,0
2026-07-15 23:00:00,1.14667,1.14676,1.14667,1.14668,44,8,0
2026-07-15 23:05:00,1.14667,1.14676,1.14661,1.14675,48,8,0
2026-07-15 23:10:00,1.14675,1.14685,1.14672,1.14684,41,8,0
2026-07-15 23:15:00,1.14684,1.14694,1.14674,1.14689,57,8,0
2026-07-15 23:20:00,1.14689,1.14689,1.14676,1.14676,43,8,0
2026-07-15 23:25:00,1.14677,1.14694,1.14677,1.14691,56,8,0
2026-07-15 23:30:00,1.14691,1.14691,1.14679,1.1469,39,8,0
2026-07-15 23:35:00,1.1469,1.14694,1.14684,1.14693,37,8,0
2026-07-15 23:40:00,1.14693,1.14702,1.14687,1.147,51,8,0
2026-07-15 23:45:00,1.147,1.14705,1.14697,1.14703,52,8,0
2026-07-15 23:50:00,1.14703,1.14703,1.14689,1.14693,47,8,0
2026-07-15 23:55:00,1.14693,1.14698,1.14686,1.14693,82,8,0
2026-07-16 00:00:00,1.14693,1.14718,1.14687,1.14698,169,8,0
2026-07-16 00:05:00,1.14698,1.14709,1.14693,1.14705,78,8,0
2026-07-16 00:10:00,1.14705,1.14736,1.14703,1.14734,107,8,0
2026-07-16 00:15:00,1.1473200000000001,1.14734,1.1470799999999999,1.1472,103,8,0
2026-07-16 00:20:00,1.1472,1.1472,1.14696,1.14718,132,8,0
2026-07-16 00:25:00,1.14718,1.14723,1.14711,1.14713,79,8,0
2026-07-16 00:30:00,1.14714,1.1472,1.1468099999999999,1.14686,133,8,0
2026-07-16 00:35:00,1.14688,1.14691,1.14677,1.14683,101,8,0
2026-07-16 00:40:00,1.14683,1.14706,1.14682,1.14693,96,8,0
2026-07-16 00:45:00,1.14693,1.14701,1.1467,1.14674,130,8,0
2026-07-16 00:50:00,1.14676,1.14713,1.1467100000000001,1.14688,257,8,0
2026-07-16 00:55:00,1.14691,1.14743,1.1468099999999999,1.14733,230,8,0
2026-07-16 01:00:00,1.14731,1.14737,1.1472,1.14724,140,8,0
2026-07-16 01:05:00,1.14725,1.14725,1.14704,1.1470799999999999,123,8,0
2026-07-16 01:10:00,1.14709,1.14725,1.14701,1.14725,120,8,0
2026-07-16 01:15:00,1.14726,1.14727,1.14683,1.14689,164,8,0
2026-07-16 01:20:00,1.14689,1.1472,1.14687,1.14711,126,8,0
2026-07-16 01:25:00,1.14711,1.1472,1.1469,1.14692,130,8,0
2026-07-16 01:30:00,1.14692,1.14705,1.14662,1.14665,179,8,0
2026-07-16 01:35:00,1.14666,1.1467,1.1465,1.14665,119,8,0
2026-07-16 01:40:00,1.14665,1.14672,1.14655,1.14665,122,8,0
2026-07-16 01:45:00,1.14665,1.14669,1.14658,1.14662,83,8,0
2026-07-16 01:50:00,1.14662,1.14663,1.14651,1.14652,111,8,0
2026-07-16 01:55:00,1.14653,1.14658,1.1464699999999999,1.14656,87,8,0
2026-07-16 02:00:00,1.14656,1.14656,1.14639,1.14643,104,8,0
2026-07-16 02:05:00,1.14641,1.14646,1.14633,1.1464,108,8,0
2026-07-16 02:10:00,1.1464,1.1465,1.146,1.14605,153,8,0
2026-07-16 02:15:00,1.14605,1.14625,1.14599,1.14622,85,8,0
2026-07-16 02:20:00,1.1461999999999999,1.14645,1.1461999999999999,1.14638,101,8,0
2026-07-16 02:25:00,1.14638,1.14641,1.1461999999999999,1.1464,99,8,0
2026-07-16 02:30:00,1.14641,1.14648,1.14628,1.14639,110,8,0
2026-07-16 02:35:00,1.14638,1.14642,1.1461999999999999,1.14625,96,8,0
2026-07-16 02:40:00,1.14625,1.1463,1.14617,1.14628,71,8,0
2026-07-16 02:45:00,1.14628,1.14632,1.14617,1.1461999999999999,65,8,0
2026-07-16 02:50:00,1.14621,1.1463,1.14612,1.14629,71,8,0
2026-07-16 02:55:00,1.14629,1.1464699999999999,1.14624,1.14644,92,8,0
2026-07-16 03:00:00,1.14644,1.14645,1.14629,1.14638,86,8,0
2026-07-16 03:05:00,1.14638,1.14661,1.14638,1.14658,110,8,0
2026-07-16 03:10:00,1.14658,1.14665,1.14645,1.14654,89,8,0
2026-07-16 03:15:00,1.14654,1.14668,1.14653,1.14663,69,8,0
2026-07-16 03:20:00,1.14662,1.14672,1.14661,1.1467,57,8,0
2026-07-16 03:25:00,1.1467,1.14679,1.1467,1.14675,74,8,0
2026-07-16 03:30:00,1.14675,1.14684,1.1467,1.14683,86,8,0
2026-07-16 03:35:00,1.14683,1.14685,1.14677,1.14677,43,8,0
2026-07-16 03:40:00,1.14677,1.1468,1.14665,1.14666,73,8,0
2026-07-16 03:45:00,1.14666,1.14672,1.14659,1.14666,68,8,0
2026-07-16 03:50:00,1.14666,1.14666,1.14651,1.14652,61,8,0
2026-07-16 03:55:00,1.14652,1.14661,1.14651,1.14661,67,8,0
2026-07-16 04:00:00,1.14661,1.14662,1.1464699999999999,1.1464699999999999,78,8,0
2026-07-16 04:05:00,1.1464699999999999,1.14652,1.14635,1.14635,77,8,0
2026-07-16 04:10:00,1.14635,1.14654,1.14635,1.14648,68,8,0
2026-07-16 04:15:00,1.14648,1.14648,1.14632,1.14633,75,8,0
2026-07-16 04:20:00,1.14633,1.14642,1.14632,1.14641,54,8,0
2026-07-16 04:25:00,1.14641,1.14641,1.14626,1.14628,72,8,0
2026-07-16 04:30:00,1.14627,1.14641,1.14627,1.14639,60,8,0
2026-07-16 04:35:00,1.14638,1.14656,1.14635,1.14655,86,8,0
2026-07-16 04:40:00,1.14654,1.14669,1.14654,1.14655,72,8,0
2026-07-16 04:45:00,1.14655,1.14663,1.14655,1.14657,70,8,0
2026-07-16 04:50:00,1.14657,1.14666,1.14654,1.14665,52,8,0
2026-07-16 04:55:00,1.14665,1.14665,1.14648,1.14659,80,8,0
2026-07-16 05:00:00,1.14659,1.14664,1.14656,1.14658,78,8,0
2026-07-16 05:05:00,1.14658,1.14664,1.14652,1.1466,74,8,0
2026-07-16 05:10:00,1.14659,1.1467100000000001,1.14658,1.1467,69,8,0
2026-07-16 05:15:00,1.1467,1.1468099999999999,1.14669,1.14669,86,8,0
2026-07-16 05:20:00,1.14669,1.14673,1.14663,1.14666,72,8,0
2026-07-16 05:25:00,1.14666,1.14672,1.14658,1.14662,61,8,0
2026-07-16 05:30:00,1.14662,1.14685,1.14657,1.14684,122,8,0
2026-07-16 05:35:00,1.14682,1.14682,1.1466,1.14663,126,8,0
2026-07-16 05:40:00,1.14663,1.14672,1.14661,1.14667,95,8,0
2026-07-16 05:45:00,1.14667,1.14667,1.1464,1.1464,123,8,0
2026-07-16 05:50:00,1.1464,1.14653,1.14633,1.14639,104,8,0
2026-07-16 05:55:00,1.14639,1.14649,1.1461999999999999,1.14631,139,8,0
2026-07-16 06:00:00,1.14633,1.14675,1.14629,1.14652,217,8,0
2026-07-16 06:05:00,1.14653,1.14682,1.1464,1.14672,188,8,0
2026-07-16 06:10:00,1.14673,1.14692,1.14662,1.14692,164,8,0
2026-07-16 06:15:00,1.14688,1.14688,1.14653,1.14661,159,8,0
2026-07-16 06:20:00,1.14661,1.14689,1.14655,1.14683,120,8,0
2026-07-16 06:25:00,1.14684,1.1469,1.14674,1.14678,131,8,0
2026-07-16 06:30:00,1.14677,1.14679,1.14656,1.14658,197,8,0
2026-07-16 06:35:00,1.14659,1.14668,1.14648,1.14661,169,8,0
2026-07-16 06:40:00,1.14663,1.14665,1.1464699999999999,1.14663,122,8,0
2026-07-16 06:45:00,1.14663,1.1468,1.1466,1.14677,110,8,0
2026-07-16 06:50:00,1.14677,1.14685,1.1467,1.14682,90,8,0
2026-07-16 06:55:00,1.14682,1.14705,1.14675,1.14679,164,8,0
2026-07-16 07:00:00,1.14682,1.14699,1.14674,1.14699,161,8,0
2026-07-16 07:05:00,1.14699,1.14699,1.14663,1.14678,212,8,0
2026-07-16 07:10:00,1.14678,1.14691,1.14668,1.14678,147,8,0
2026-07-16 07:15:00,1.14678,1.14714,1.14675,1.1470799999999999,166,8,0
2026-07-16 07:20:00,1.1470799999999999,1.1472,1.14688,1.14705,185,8,0
2026-07-16 07:25:00,1.14705,1.14706,1.14675,1.14689,120,8,0
2026-07-16 07:30:00,1.14689,1.14693,1.14668,1.14686,133,8,0
2026-07-16 07:35:00,1.14688,1.14717,1.1468099999999999,1.14704,151,8,0
2026-07-16 07:40:00,1.14705,1.14714,1.14696,1.14709,103,8,0
2026-07-16 07:45:00,1.14709,1.1476,1.1470799999999999,1.14758,195,8,0
2026-07-16 07:50:00,1.14757,1.14757,1.14702,1.14717,232,8,0
2026-07-16 07:55:00,1.14719,1.14729,1.14682,1.14689,198,8,0
2026-07-16 08:00:00,1.14687,1.14714,1.1467100000000001,1.14677,185,8,0
2026-07-16 08:05:00,1.14677,1.1468,1.1464699999999999,1.14658,202,8,0
2026-07-16 08:10:00,1.14657,1.14665,1.14632,1.1463700000000001,198,8,0
2026-07-16 08:15:00,1.1463700000000001,1.1464699999999999,1.14622,1.14631,160,8,0
2026-07-16 08:20:00,1.14631,1.14641,1.14623,1.14629,151,8,0
2026-07-16 08:25:00,1.1463,1.14661,1.14627,1.14645,175,8,0
2026-07-16 08:30:00,1.14646,1.14674,1.14646,1.14666,160,8,0
2026-07-16 08:35:00,1.14666,1.14676,1.14657,1.14664,157,8,0
2026-07-16 08:40:00,1.14664,1.14679,1.14657,1.14668,135,8,0
2026-07-16 08:45:00,1.14668,1.1467,1.14649,1.14657,125,8,0
2026-07-16 08:50:00,1.14656,1.1467,1.14633,1.1464,180,8,0
2026-07-16 08:55:00,1.14641,1.14657,1.14625,1.14656,152,8,0
2026-07-16 09:00:00,1.14656,1.14656,1.14625,1.1463,175,8,0
2026-07-16 09:05:00,1.1463,1.14645,1.14628,1.14629,152,8,0
2026-07-16 09:10:00,1.14629,1.14657,1.14628,1.1465,98,8,0
2026-07-16 09:15:00,1.1465,1.14666,1.1464,1.14656,160,8,0
2026-07-16 09:20:00,1.14656,1.14656,1.14634,1.14634,78,8,0
2026-07-16 09:25:00,1.14636,1.1464699999999999,1.14625,1.1463,137,8,0
2026-07-16 09:30:00,1.1463,1.14634,1.14604,1.14612,157,8,0
2026-07-16 09:35:00,1.14612,1.14634,1.14603,1.14624,189,8,0
2026-07-16 09:40:00,1.14625,1.1465,1.14621,1.1464699999999999,149,8,0
2026-07-16 09:45:00,1.1464699999999999,1.1467,1.1464699999999999,1.14668,112,8,0
2026-07-16 09:50:00,1.14668,1.14676,1.14648,1.14676,130,8,0
2026-07-16 09:55:00,1.14674,1.1468,1.14652,1.14658,106,8,0
2026-07-16 10:00:00,1.14658,1.1466,1.1464,1.14648,125,8,0
2026-07-16 10:05:00,1.14648,1.14656,1.1464,1.14651,114,8,0
2026-07-16 10:10:00,1.14652,1.14658,1.14644,1.14655,96,8,0
2026-07-16 10:15:00,1.14655,1.14672,1.14655,1.1466,92,8,0
2026-07-16 10:20:00,1.1466,1.1468,1.14658,1.14669,98,8,0
2026-07-16 10:25:00,1.14668,1.14674,1.14645,1.14651,135,8,0
2026-07-16 10:30:00,1.1465,1.14651,1.14617,1.14627,161,8,0
2026-07-16 10:35:00,1.14627,1.1463700000000001,1.1461999999999999,1.14621,128,8,0
2026-07-16 10:40:00,1.14621,1.1464699999999999,1.14621,1.14641,122,8,0
2026-07-16 10:45:00,1.14641,1.14661,1.14641,1.14649,100,8,0
2026-07-16 10:50:00,1.14649,1.14651,1.14629,1.14643,109,8,0
2026-07-16 10:55:00,1.14643,1.14643,1.14591,1.14597,150,8,0
2026-07-16 11:00:00,1.14595,1.14621,1.14582,1.14598,191,8,0
2026-07-16 11:05:00,1.14599,1.14615,1.14592,1.14612,108,8,0
2026-07-16 11:10:00,1.14611,1.14616,1.14595,1.14601,123,8,0
2026-07-16 11:15:00,1.14602,1.14618,1.14578,1.14614,157,8,0
2026-07-16 11:20:00,1.14614,1.14627,1.14605,1.14624,140,8,0
2026-07-16 11:25:00,1.14624,1.14626,1.14585,1.14598,162,8,0
2026-07-16 11:30:00,1.14597,1.14625,1.14597,1.14624,151,8,0
2026-07-16 11:35:00,1.14622,1.14633,1.14617,1.14633,122,8,0
2026-07-16 11:40:00,1.14633,1.14659,1.14621,1.14642,140,8,0
2026-07-16 11:45:00,1.14641,1.14666,1.14581,1.14609,260,8,0
2026-07-16 11:50:00,1.1461000000000001,1.14643,1.14562,1.14635,561,8,0
2026-07-16 11:55:00,1.14635,1.14686,1.14632,1.1468099999999999,215,8,0
2026-07-16 12:00:00,1.1468099999999999,1.14697,1.14666,1.1469,261,8,0
2026-07-16 12:05:00,1.1469,1.14702,1.14667,1.14668,191,8,0
2026-07-16 12:10:00,1.14667,1.14673,1.14634,1.14644,203,8,0
2026-07-16 12:15:00,1.14645,1.14651,1.14618,1.14651,209,8,0
2026-07-16 12:20:00,1.14648,1.14648,1.1461000000000001,1.14621,307,8,0
2026-07-16 12:25:00,1.14622,1.14641,1.14595,1.14631,222,8,0
2026-07-16 12:30:00,1.14631,1.14646,1.14572,1.14579,295,8,0
2026-07-16 12:35:00,1.14578,1.14589,1.14523,1.1456,398,8,0
2026-07-16 12:40:00,1.14562,1.14569,1.14509,1.14524,319,8,0
2026-07-16 12:45:00,1.14524,1.14555,1.14511,1.14537,289,8,0
2026-07-16 12:50:00,1.14537,1.1454900000000001,1.14511,1.14516,202,8,0
2026-07-16 12:55:00,1.14516,1.1452,1.14467,1.14472,243,8,0
2026-07-16 13:00:00,1.14475,1.14489,1.14442,1.14452,266,8,0
2026-07-16 13:05:00,1.14451,1.14501,1.14451,1.145,282,8,0
2026-07-16 13:10:00,1.14501,1.14532,1.14494,1.14529,182,8,0
2026-07-16 13:15:00,1.14527,1.14534,1.14504,1.14534,198,8,0
2026-07-16 13:20:00,1.14533,1.14551,1.14528,1.14544,230,8,0
2026-07-16 13:25:00,1.14543,1.14579,1.14535,1.14577,216,8,0
2026-07-16 13:30:00,1.14579,1.14587,1.1455899999999999,1.14562,247,8,0
2026-07-16 13:35:00,1.14564,1.1457600000000001,1.14542,1.14565,246,8,0
2026-07-16 13:40:00,1.14567,1.14584,1.14528,1.14531,275,8,0
2026-07-16 13:45:00,1.14529,1.14533,1.1451500000000001,1.14532,243,8,0
2026-07-16 13:50:00,1.14531,1.14558,1.1452,1.14551,249,8,0
2026-07-16 13:55:00,1.1454900000000001,1.1454900000000001,1.14494,1.14496,259,8,0
2026-07-16 14:00:00,1.14495,1.14536,1.14489,1.14535,274,8,0
2026-07-16 14:05:00,1.14534,1.14535,1.145,1.145,173,8,0
2026-07-16 14:10:00,1.1449799999999999,1.1449799999999999,1.14447,1.14479,268,8,0
2026-07-16 14:15:00,1.14479,1.1451,1.14465,1.14509,243,8,0
2026-07-16 14:20:00,1.1451,1.14519,1.14486,1.14496,194,8,0
2026-07-16 14:25:00,1.14496,1.14516,1.14489,1.14489,196,8,0
2026-07-16 14:30:00,1.14491,1.1452,1.14487,1.14509,193,8,0
2026-07-16 14:35:00,1.1451,1.14511,1.14432,1.14439,277,8,0
2026-07-16 14:40:00,1.1444,1.14445,1.1442,1.14445,226,8,0
2026-07-16 14:45:00,1.14445,1.14459,1.14416,1.14424,225,8,0
2026-07-16 14:50:00,1.14425,1.14433,1.14397,1.14412,244,8,0
2026-07-16 14:55:00,1.14411,1.14449,1.14397,1.14426,285,8,0
2026-07-16 15:00:00,1.14424,1.1442700000000001,1.1436,1.14375,323,8,0
2026-07-16 15:05:00,1.14377,1.14398,1.14373,1.14386,205,8,0
2026-07-16 15:10:00,1.14387,1.14416,1.14387,1.14416,197,8,0
2026-07-16 15:15:00,1.14415,1.14429,1.1441,1.14412,189,8,0
2026-07-16 15:20:00,1.14414,1.1443699999999999,1.14394,1.14394,168,8,0
2026-07-16 15:25:00,1.14396,1.14416,1.14395,1.14402,196,8,0
2026-07-16 15:30:00,1.14401,1.14448,1.14395,1.14446,176,8,0
2026-07-16 15:35:00,1.14444,1.14449,1.14425,1.14446,153,8,0
2026-07-16 15:40:00,1.14444,1.14463,1.14438,1.14461,151,8,0
2026-07-16 15:45:00,1.14461,1.14484,1.1445,1.14483,150,8,0
2026-07-16 15:50:00,1.14483,1.14492,1.14465,1.14489,132,8,0
2026-07-16 15:55:00,1.1448800000000001,1.1449,1.14451,1.14465,162,8,0
2026-07-16 16:00:00,1.14465,1.14467,1.1443,1.14433,154,8,0
2026-07-16 16:05:00,1.14433,1.14439,1.14408,1.14412,177,8,0
2026-07-16 16:10:00,1.14412,1.14428,1.14405,1.14416,111,8,0
2026-07-16 16:15:00,1.14416,1.1442700000000001,1.14401,1.1440299999999999,143,8,0
2026-07-16 16:20:00,1.14402,1.14402,1.14358,1.14364,248,8,0
2026-07-16 16:25:00,1.14364,1.14374,1.14353,1.14358,172,8,0
2026-07-16 16:30:00,1.14359,1.14384,1.14352,1.14378,134,8,0
2026-07-16 16:35:00,1.14377,1.14381,1.14361,1.14365,129,8,0
2026-07-16 16:40:00,1.14365,1.14372,1.14343,1.14368,117,8,0
2026-07-16 16:45:00,1.14367,1.14373,1.14355,1.14368,126,8,0
2026-07-16 16:50:00,1.14368,1.14379,1.14348,1.14352,122,8,0
2026-07-16 16:55:00,1.14352,1.14367,1.14338,1.14345,131,8,0
2026-07-16 17:00:00,1.14345,1.14348,1.1431,1.14322,173,8,0
2026-07-16 17:05:00,1.14322,1.14322,1.1431,1.1431499999999999,141,8,0
2026-07-16 17:10:00,1.1431499999999999,1.14323,1.14307,1.14317,137,8,0
2026-07-16 17:15:00,1.14319,1.14337,1.1431499999999999,1.14334,124,8,0
2026-07-16 17:20:00,1.14336,1.14344,1.1433200000000001,1.14344,94,8,0
2026-07-16 17:25:00,1.14344,1.1435,1.14335,1.14349,77,8,0
2026-07-16 17:30:00,1.14349,1.14355,1.1433,1.14336,76,8,0
2026-07-16 17:35:00,1.14337,1.14337,1.14321,1.1433200000000001,78,8,0
2026-07-16 17:40:00,1.14333,1.14349,1.1433,1.1434199999999999,120,8,0
2026-07-16 17:45:00,1.14343,1.1436600000000001,1.1434,1.1436,103,8,0
2026-07-16 17:50:00,1.1436,1.14381,1.14356,1.1437,126,8,0
2026-07-16 17:55:00,1.1437,1.14378,1.1436,1.1436,102,8,0
2026-07-16 18:00:00,1.14362,1.14362,1.14345,1.14347,107,8,0
2026-07-16 18:05:00,1.14347,1.14365,1.14347,1.14358,113,8,0
2026-07-16 18:10:00,1.14357,1.14378,1.14357,1.14373,116,8,0
2026-07-16 18:15:00,1.14373,1.1438,1.14372,1.14375,80,8,0
2026-07-16 18:20:00,1.1437599999999999,1.14388,1.14364,1.1436600000000001,144,8,0
2026-07-16 18:25:00,1.14367,1.14374,1.1436,1.14362,102,8,0
2026-07-16 18:30:00,1.14362,1.1437,1.14357,1.14358,95,8,0
2026-07-16 18:35:00,1.14356,1.14363,1.14354,1.14362,81,8,0
2026-07-16 18:40:00,1.14363,1.14375,1.14358,1.14374,87,8,0
2026-07-16 18:45:00,1.14374,1.14383,1.14369,1.14369,80,8,0
2026-07-16 18:50:00,1.14369,1.14375,1.14365,1.14373,75,8,0
2026-07-16 18:55:00,1.1437,1.14385,1.14369,1.14382,108,8,0
2026-07-16 19:00:00,1.1438,1.14395,1.14373,1.14392,132,8,0
2026-07-16 19:05:00,1.14392,1.14392,1.14378,1.14382,67,8,0
2026-07-16 19:10:00,1.14383,1.14385,1.14369,1.14371,84,8,0
2026-07-16 19:15:00,1.14371,1.14374,1.14356,1.14369,93,8,0
2026-07-16 19:20:00,1.14368,1.14374,1.14347,1.14348,96,8,0
2026-07-16 19:25:00,1.14349,1.14355,1.14339,1.14348,97,8,0
2026-07-16 19:30:00,1.14349,1.14363,1.14348,1.14356,94,8,0
2026-07-16 19:35:00,1.14356,1.14373,1.14353,1.1436600000000001,93,8,0
2026-07-16 19:40:00,1.1436600000000001,1.1437599999999999,1.14365,1.14369,78,8,0
2026-07-16 19:45:00,1.14368,1.14386,1.14368,1.14385,72,8,0
2026-07-16 19:50:00,1.14387,1.14411,1.14378,1.14409,125,8,0
2026-07-16 19:55:00,1.14411,1.14411,1.14395,1.144,146,8,0
2026-07-16 20:00:00,1.14398,1.14415,1.14394,1.14414,102,8,0
2026-07-16 20:05:00,1.14416,1.14416,1.14407,1.14407,55,8,0
2026-07-16 20:10:00,1.14406,1.14409,1.14396,1.14398,47,8,0
2026-07-16 20:15:00,1.14398,1.14402,1.14398,1.14399,36,8,0
2026-07-16 20:20:00,1.14396,1.14396,1.14385,1.14385,39,8,0
2026-07-16 20:25:00,1.14385,1.14394,1.14381,1.1439300000000001,40,8,0
2026-07-16 20:30:00,1.1439300000000001,1.14439,1.1439,1.14421,147,8,0
2026-07-16 20:35:00,1.14421,1.14435,1.14421,1.14434,34,8,0
2026-07-16 20:40:00,1.14433,1.14434,1.14423,1.14423,42,8,0
2026-07-16 20:45:00,1.14423,1.14432,1.14423,1.14429,39,8,0
2026-07-16 20:50:00,1.14431,1.14438,1.1443,1.14432,43,8,0
2026-07-16 20:55:00,1.14434,1.14439,1.1440299999999999,1.14422,61,8,0
2026-07-16 21:00:00,1.14422,1.14422,1.14422,1.14422,2,20,0
2026-07-16 21:05:00,1.14421,1.14424,1.14409,1.1441,20,20,0
2026-07-16 21:10:00,1.14409,1.1441,1.1439300000000001,1.14399,25,48,0
2026-07-16 21:15:00,1.144,1.14412,1.14398,1.14411,30,48,0
2026-07-16 21:20:00,1.14412,1.14412,1.144,1.14401,33,48,0
2026-07-16 21:25:00,1.14402,1.14406,1.14398,1.144,41,48,0
2026-07-16 21:30:00,1.14404,1.14411,1.14404,1.1441,28,48,0
2026-07-16 21:35:00,1.14409,1.14416,1.14397,1.14402,31,20,0
2026-07-16 21:40:00,1.14401,1.14415,1.1439,1.14398,35,20,0
2026-07-16 21:45:00,1.14397,1.14402,1.14397,1.14399,36,48,0
2026-07-16 21:50:00,1.144,1.1440299999999999,1.14398,1.14401,14,48,0
2026-07-16 21:55:00,1.14401,1.14417,1.14397,1.14417,18,20,0
2026-07-16 22:00:00,1.14423,1.14446,1.14423,1.14445,67,8,0
2026-07-16 22:05:00,1.14445,1.14445,1.14434,1.14441,32,8,0
2026-07-16 22:10:00,1.14441,1.14445,1.14438,1.14439,28,8,0
2026-07-16 22:15:00,1.14439,1.1444,1.14434,1.14435,15,8,0
2026-07-16 22:20:00,1.14435,1.14435,1.14432,1.14434,23,8,0
2026-07-16 22:25:00,1.14434,1.14436,1.1443,1.14434,35,8,0
2026-07-16 22:30:00,1.14434,1.14436,1.14429,1.14429,23,8,0
2026-07-16 22:35:00,1.14429,1.14429,1.14426,1.14429,17,8,0
2026-07-16 22:40:00,1.14429,1.14429,1.1442700000000001,1.1442700000000001,6,8,0
2026-07-16 22:45:00,1.1442700000000001,1.1442700000000001,1.14418,1.14419,24,8,0
2026-07-16 22:50:00,1.14419,1.1442,1.14419,1.14419,11,8,0
2026-07-16 22:55:00,1.14419,1.14432,1.14419,1.14428,39,8,0
2026-07-16 23:00:00,1.14429,1.14436,1.1442700000000001,1.14433,45,8,0
2026-07-16 23:05:00,1.14433,1.14433,1.14426,1.14428,39,8,0
2026-07-16 23:10:00,1.14429,1.14439,1.14422,1.1443699999999999,45,8,0
2026-07-16 23:15:00,1.1443699999999999,1.14441,1.14434,1.1443699999999999,20,8,0
2026-07-16 23:20:00,1.1443699999999999,1.1443699999999999,1.14434,1.14436,13,8,0
2026-07-16 23:25:00,1.14436,1.14451,1.14436,1.14444,50,8,0
2026-07-16 23:30:00,1.14444,1.14447,1.14439,1.14445,28,8,0
2026-07-16 23:35:00,1.14445,1.14461,1.14445,1.1446,40,8,0
2026-07-16 23:40:00,1.1446,1.1446,1.14447,1.14447,45,8,0
2026-07-16 23:45:00,1.14447,1.1445,1.14438,1.14441,41,8,0
2026-07-16 23:50:00,1.14441,1.14441,1.14434,1.14435,39,8,0
2026-07-16 23:55:00,1.14435,1.1445,1.14433,1.14448,55,8,0
2026-07-17 00:00:00,1.14449,1.1446,1.14441,1.14448,124,8,0
2026-07-17 00:05:00,1.14448,1.14456,1.14444,1.14446,85,8,0
2026-07-17 00:10:00,1.14446,1.14448,1.14433,1.14439,90,8,0
2026-07-17 00:15:00,1.14438,1.14456,1.1443699999999999,1.1443699999999999,96,8,0
2026-07-17 00:20:00,1.14438,1.1444,1.14425,1.14426,97,8,0
2026-07-17 00:25:00,1.14426,1.14432,1.14414,1.14414,88,8,0
2026-07-17 00:30:00,1.14416,1.14428,1.14409,1.14415,97,8,0
2026-07-17 00:35:00,1.14415,1.14429,1.14414,1.14418,83,8,0
2026-07-17 00:40:00,1.14418,1.14419,1.14408,1.14409,76,8,0
2026-07-17 00:45:00,1.14409,1.14425,1.14409,1.14425,87,8,0
2026-07-17 00:50:00,1.14424,1.1445,1.14423,1.14449,158,8,0
2026-07-17 00:55:00,1.14446,1.14465,1.1443699999999999,1.14463,112,8,0
2026-07-17 01:00:00,1.14462,1.14476,1.1446,1.14462,138,8,0
2026-07-17 01:05:00,1.14462,1.14471,1.14446,1.14452,114,8,0
2026-07-17 01:10:00,1.14453,1.14453,1.14432,1.14443,113,8,0
2026-07-17 01:15:00,1.14443,1.14462,1.14441,1.14456,114,8,0
2026-07-17 01:20:00,1.1445400000000001,1.14461,1.14445,1.14449,80,8,0
2026-07-17 01:25:00,1.14449,1.14452,1.1443,1.14432,89,8,0
2026-07-17 01:30:00,1.14432,1.14442,1.14425,1.14431,91,8,0
2026-07-17 01:35:00,1.14431,1.14431,1.14414,1.14418,79,8,0
2026-07-17 01:40:00,1.14418,1.14432,1.14414,1.14429,72,8,0
2026-07-17 01:45:00,1.1442700000000001,1.1442700000000001,1.144,1.144,98,8,0
2026-07-17 01:50:00,1.144,1.14408,1.14369,1.14377,137,8,0
2026-07-17 01:55:00,1.1437599999999999,1.14391,1.14371,1.1439,108,8,0
2026-07-17 02:00:00,1.14388,1.14409,1.14386,1.14389,129,8,0
2026-07-17 02:05:00,1.14389,1.14405,1.14386,1.14399,79,8,0
2026-07-17 02:10:00,1.14399,1.1441,1.14398,1.14405,70,8,0
2026-07-17 02:15:00,1.14405,1.1441,1.144,1.14407,81,8,0
2026-07-17 02:20:00,1.14407,1.14408,1.14392,1.144,74,8,0
2026-07-17 02:25:00,1.144,1.14401,1.14385,1.14385,49,8,0
2026-07-17 02:30:00,1.14385,1.14395,1.1437,1.14373,81,8,0
2026-07-17 02:35:00,1.14373,1.14382,1.14363,1.14372,114,8,0
2026-07-17 02:40:00,1.14372,1.14379,1.1436600000000001,1.14378,69,8,0
2026-07-17 02:45:00,1.14378,1.14386,1.14372,1.14384,102,8,0
2026-07-17 02:50:00,1.14384,1.14392,1.1436600000000001,1.1436600000000001,80,8,0
2026-07-17 02:55:00,1.1436600000000001,1.14375,1.14363,1.1436600000000001,93,8,0
2026-07-17 03:00:00,1.14368,1.1438,1.14361,1.1437599999999999,106,8,0
2026-07-17 03:05:00,1.1437599999999999,1.144,1.1437599999999999,1.1438,117,8,0
2026-07-17 03:10:00,1.14379,1.14382,1.1437,1.1437599999999999,61,8,0
2026-07-17 03:15:00,1.1437599999999999,1.14397,1.1437599999999999,1.1439300000000001,74,8,0
2026-07-17 03:20:00,1.14392,1.14398,1.1438,1.14381,73,8,0
2026-07-17 03:25:00,1.1438,1.14391,1.14378,1.1439,61,8,0
2026-07-17 03:30:00,1.14389,1.14395,1.14374,1.14381,85,8,0
2026-07-17 03:35:00,1.14382,1.14385,1.14361,1.14363,64,8,0
2026-07-17 03:40:00,1.14363,1.14369,1.14355,1.14359,72,8,0
2026-07-17 03:45:00,1.14359,1.14368,1.14354,1.14364,72,8,0
2026-07-17 03:50:00,1.14364,1.14386,1.14361,1.14385,83,8,0
2026-07-17 03:55:00,1.14385,1.14391,1.14383,1.14387,59,8,0
2026-07-17 04:00:00,1.14389,1.1439,1.14375,1.14378,82,8,0
2026-07-17 04:05:00,1.14378,1.14381,1.14371,1.14375,56,8,0
2026-07-17 04:10:00,1.14374,1.1438,1.14373,1.1437599999999999,39,8,0
2026-07-17 04:15:00,1.1437599999999999,1.1438,1.14371,1.14375,54,8,0
2026-07-17 04:20:00,1.14375,1.14379,1.14369,1.14371,64,8,0
2026-07-17 04:25:00,1.14371,1.14371,1.14358,1.14359,73,8,0
2026-07-17 04:30:00,1.14359,1.14373,1.14357,1.14368,57,8,0
2026-07-17 04:35:00,1.14367,1.14377,1.14367,1.14374,61,8,0
2026-07-17 04:40:00,1.14374,1.14375,1.1436,1.14365,82,8,0
2026-07-17 04:45:00,1.14365,1.1437599999999999,1.14358,1.14359,58,8,0
2026-07-17 04:50:00,1.14359,1.14359,1.14343,1.14357,69,8,0
2026-07-17 04:55:00,1.14358,1.14363,1.14354,1.14358,45,8,0
2026-07-17 05:00:00,1.14358,1.1436600000000001,1.14352,1.14365,67,8,0
2026-07-17 05:05:00,1.14365,1.1436600000000001,1.14355,1.14363,51,8,0
2026-07-17 05:10:00,1.14363,1.14368,1.14359,1.14361,46,8,0
2026-07-17 05:15:00,1.14361,1.14378,1.14353,1.14368,84,8,0
2026-07-17 05:20:00,1.14368,1.14377,1.14353,1.14356,60,8,0
2026-07-17 05:25:00,1.14356,1.14371,1.14353,1.14367,85,8,0
2026-07-17 05:30:00,1.14367,1.14392,1.1436600000000001,1.14386,119,8,0
2026-07-17 05:35:00,1.14385,1.14414,1.14383,1.14411,131,8,0
2026-07-17 05:40:00,1.14412,1.14431,1.1440299999999999,1.14414,144,8,0
2026-07-17 05:45:00,1.14413,1.14423,1.1440299999999999,1.1442,101,8,0
2026-07-17 05:50:00,1.14421,1.14431,1.14409,1.1442,110,8,0
2026-07-17 05:55:00,1.1442,1.1442,1.14388,1.14394,123,8,0
2026-07-17 06:00:00,1.1439300000000001,1.14422,1.14388,1.14421,170,8,0
2026-07-17 06:05:00,1.1442,1.14422,1.14397,1.14405,140,8,0
2026-07-17 06:10:00,1.14405,1.14456,1.14398,1.14455,157,8,0
2026-07-17 06:15:00,1.14455,1.14483,1.14452,1.14474,178,8,0
2026-07-17 06:20:00,1.14474,1.14502,1.14457,1.14502,151,8,0
2026-07-17 06:25:00,1.14502,1.1451,1.1448,1.14482,164,8,0
2026-07-17 06:30:00,1.14481,1.14501,1.14472,1.14494,142,8,0
2026-07-17 06:35:00,1.14492,1.14497,1.14484,1.14492,151,8,0
2026-07-17 06:40:00,1.14494,1.14514,1.14485,1.14492,155,8,0
2026-07-17 06:45:00,1.1449,1.14509,1.14478,1.14483,170,8,0
2026-07-17 06:50:00,1.14483,1.145,1.14481,1.1449,118,8,0
2026-07-17 06:55:00,1.1448800000000001,1.14518,1.14483,1.14494,233,8,0
2026-07-17 07:00:00,1.14495,1.14519,1.14493,1.14512,215,8,0
2026-07-17 07:05:00,1.14513,1.14518,1.1447,1.14477,142,8,0
2026-07-17 07:10:00,1.14479,1.1449,1.14468,1.1448800000000001,119,8,0
2026-07-17 07:15:00,1.14487,1.14487,1.14451,1.14453,142,8,0
2026-07-17 07:20:00,1.14453,1.14457,1.14441,1.14449,128,8,0
2026-07-17 07:25:00,1.14448,1.14467,1.14446,1.14467,148,8,0
2026-07-17 07:30:00,1.14466,1.14495,1.14449,1.14456,156,8,0
2026-07-17 07:35:00,1.14455,1.14461,1.14441,1.14461,131,8,0
2026-07-17 07:40:00,1.14461,1.14466,1.14441,1.1446399999999999,125,8,0
2026-07-17 07:45:00,1.1446399999999999,1.14489,1.14458,1.14482,122,8,0
2026-07-17 07:50:00,1.14482,1.14492,1.14465,1.14473,109,8,0
2026-07-17 07:55:00,1.14472,1.14476,1.14443,1.14445,159,8,0
2026-07-17 08:00:00,1.14448,1.14474,1.14448,1.14468,160,8,0
2026-07-17 08:05:00,1.14468,1.14474,1.1445400000000001,1.14457,171,8,0
2026-07-17 08:10:00,1.14459,1.14459,1.14397,1.14406,186,8,0
2026-07-17 08:15:00,1.14407,1.14407,1.14354,1.1436,249,8,0
2026-07-17 08:20:00,1.1436,1.14401,1.1436,1.14392,239,8,0
2026-07-17 08:25:00,1.1439,1.14405,1.14374,1.144,168,8,0
2026-07-17 08:30:00,1.14398,1.14433,1.1439300000000001,1.14426,199,8,0
2026-07-17 08:35:00,1.14423,1.1443,1.14411,1.14416,179,8,0
2026-07-17 08:40:00,1.14414,1.14424,1.14391,1.14424,178,8,0
2026-07-17 08:45:00,1.14422,1.14428,1.14404,1.14419,162,8,0
2026-07-17 08:50:00,1.14419,1.14421,1.14389,1.14394,167,8,0
2026-07-17 08:55:00,1.14394,1.14421,1.14394,1.14409,154,8,0
2026-07-17 09:00:00,1.14409,1.14414,1.14381,1.14397,196,8,0
2026-07-17 09:05:00,1.14398,1.14421,1.14389,1.14415,180,8,0
2026-07-17 09:10:00,1.14415,1.14418,1.14368,1.14383,192,8,0
2026-07-17 09:15:00,1.14383,1.14392,1.14369,1.14383,166,8,0
2026-07-17 09:20:00,1.14382,1.14407,1.1438,1.14405,161,8,0
2026-07-17 09:25:00,1.14405,1.1442,1.14401,1.14416,141,8,0
2026-07-17 09:30:00,1.14416,1.14416,1.14374,1.14375,132,8,0
2026-07-17 09:35:00,1.14375,1.14381,1.14361,1.1436600000000001,137,8,0
2026-07-17 09:40:00,1.1436600000000001,1.14381,1.14362,1.14375,135,8,0
2026-07-17 09:45:00,1.14374,1.14394,1.14372,1.14389,110,8,0
2026-07-17 09:50:00,1.14387,1.14395,1.14371,1.14394,155,8,0
2026-07-17 09:55:00,1.14394,1.1440299999999999,1.14389,1.14401,108,8,0
2026-07-17 10:00:00,1.14399,1.144,1.14353,1.14369,203,8,0
2026-07-17 10:05:00,1.14371,1.14384,1.14367,1.14375,139,8,0
2026-07-17 10:10:00,1.14375,1.14391,1.1437,1.14388,127,8,0
2026-07-17 10:15:00,1.14387,1.14399,1.14348,1.14349,140,8,0
2026-07-17 10:20:00,1.14349,1.14362,1.14321,1.1433,172,8,0
2026-07-17 10:25:00,1.14328,1.14331,1.14308,1.14321,143,8,0
2026-07-17 10:30:00,1.14321,1.14336,1.1431,1.14323,151,8,0
2026-07-17 10:35:00,1.14323,1.14328,1.14313,1.14317,109,8,0
2026-07-17 10:40:00,1.1431499999999999,1.1433,1.14303,1.14324,116,8,0
2026-07-17 10:45:00,1.14323,1.14329,1.14307,1.14318,110,8,0
2026-07-17 10:50:00,1.14318,1.14318,1.14264,1.14312,200,8,0
2026-07-17 10:55:00,1.14311,1.1432,1.14258,1.14264,274,8,0
2026-07-17 11:00:00,1.14266,1.14288,1.14248,1.14257,200,8,0
2026-07-17 11:05:00,1.14256,1.14287,1.14242,1.14286,183,8,0
2026-07-17 11:10:00,1.14286,1.14299,1.14275,1.14285,134,8,0
2026-07-17 11:15:00,1.14286,1.14303,1.1427,1.14298,162,8,0
2026-07-17 11:20:00,1.14298,1.14303,1.14274,1.14286,148,8,0
2026-07-17 11:25:00,1.14286,1.1430500000000001,1.14275,1.14301,138,8,0
2026-07-17 11:30:00,1.14301,1.14326,1.14295,1.14323,135,8,0
2026-07-17 11:35:00,1.14323,1.14356,1.14321,1.14349,146,8,0
2026-07-17 11:40:00,1.14349,1.14355,1.14327,1.14329,124,8,0
2026-07-17 11:45:00,1.1433,1.14346,1.14308,1.14309,133,8,0
2026-07-17 11:50:00,1.1431,1.14325,1.14291,1.14318,165,8,0
2026-07-17 11:55:00,1.14318,1.14318,1.14289,1.14298,143,8,0
2026-07-17 12:00:00,1.143,1.14336,1.14298,1.1432,175,8,0
2026-07-17 12:05:00,1.1432,1.14348,1.1431499999999999,1.14345,176,8,0
2026-07-17 12:10:00,1.14345,1.14351,1.14309,1.14325,161,8,0
2026-07-17 12:15:00,1.14325,1.14327,1.14307,1.1431499999999999,129,8,0
2026-07-17 12:20:00,1.14314,1.14333,1.14303,1.14326,156,8,0
2026-07-17 12:25:00,1.14326,1.14341,1.14319,1.14338,118,8,0
2026-07-17 12:30:00,1.14338,1.14338,1.14276,1.14279,142,8,0
2026-07-17 12:35:00,1.14279,1.14295,1.1427100000000001,1.14276,143,8,0
2026-07-17 12:40:00,1.14275,1.14277,1.14256,1.14266,184,8,0
2026-07-17 12:45:00,1.14266,1.14292,1.14246,1.14283,172,8,0
2026-07-17 12:50:00,1.14283,1.14286,1.14263,1.14264,150,8,0
2026-07-17 12:55:00,1.14266,1.14289,1.14265,1.14286,146,8,0
2026-07-17 13:00:00,1.14288,1.14299,1.14253,1.14272,244,8,0
2026-07-17 13:05:00,1.14272,1.14284,1.14254,1.14278,178,8,0
2026-07-17 13:10:00,1.14277,1.14314,1.14273,1.14289,207,8,0
2026-07-17 13:15:00,1.14291,1.14296,1.14242,1.14254,194,8,0
2026-07-17 13:20:00,1.14256,1.1428,1.1424400000000001,1.14258,231,8,0
2026-07-17 13:25:00,1.1426,1.14276,1.14248,1.1425,211,8,0
2026-07-17 13:30:00,1.14252,1.14296,1.1424400000000001,1.14289,283,8,0
2026-07-17 13:35:00,1.14287,1.14326,1.14287,1.14312,277,8,0
2026-07-17 13:40:00,1.14313,1.14319,1.14289,1.1431499999999999,260,8,0
2026-07-17 13:45:00,1.14314,1.14331,1.14298,1.14328,300,8,0
2026-07-17 13:50:00,1.14329,1.1436600000000001,1.14326,1.14348,278,8,0
2026-07-17 13:55:00,1.1435,1.14362,1.14339,1.14356,194,8,0
2026-07-17 14:00:00,1.14357,1.14369,1.14325,1.14347,255,8,0
2026-07-17 14:05:00,1.14347,1.1437,1.14344,1.14356,250,8,0
2026-07-17 14:10:00,1.14354,1.1437,1.1435,1.1436,211,8,0
2026-07-17 14:15:00,1.1436,1.14405,1.14359,1.14401,231,8,0
2026-07-17 14:20:00,1.1440299999999999,1.14407,1.14385,1.14386,155,8,0
2026-07-17 14:25:00,1.14384,1.14396,1.1434,1.14348,206,8,0
2026-07-17 14:30:00,1.14349,1.14382,1.14345,1.1436,220,8,0
2026-07-17 14:35:00,1.14358,1.14386,1.14351,1.14381,197,8,0
2026-07-17 14:40:00,1.14381,1.14421,1.14374,1.14415,219,8,0
2026-07-17 14:45:00,1.14416,1.14438,1.14406,1.1441,200,8,0
2026-07-17 14:50:00,1.14412,1.14419,1.14394,1.14404,193,8,0
2026-07-17 14:55:00,1.14404,1.14407,1.1437599999999999,1.14394,250,8,0
2026-07-17 15:00:00,1.14392,1.14416,1.14383,1.14413,247,8,0
2026-07-17 15:05:00,1.14414,1.14429,1.14408,1.14413,148,8,0
2026-07-17 15:10:00,1.14412,1.14418,1.14382,1.1439,179,8,0
2026-07-17 15:15:00,1.14392,1.14407,1.14387,1.14401,174,8,0
2026-07-17 15:20:00,1.14401,1.1444,1.14401,1.1442,176,8,0
2026-07-17 15:25:00,1.1442,1.14422,1.14408,1.1441,112,8,0
2026-07-17 15:30:00,1.14411,1.14423,1.14392,1.14398,240,8,0
2026-07-17 15:35:00,1.14397,1.14415,1.14383,1.144,207,8,0
2026-07-17 15:40:00,1.14401,1.14402,1.1436600000000001,1.1437,120,8,0
2026-07-17 15:45:00,1.1437,1.14406,1.1437,1.1439,185,8,0
2026-07-17 15:50:00,1.1439,1.14405,1.14384,1.14391,137,8,0
2026-07-17 15:55:00,1.14392,1.14402,1.14381,1.14396,152,8,0
2026-07-17 16:00:00,1.14397,1.1440299999999999,1.14338,1.14358,305,8,0
2026-07-17 16:05:00,1.14358,1.14392,1.14344,1.1439,207,8,0
2026-07-17 16:10:00,1.1439,1.14398,1.14371,1.14394,154,8,0
2026-07-17 16:15:00,1.1439300000000001,1.14397,1.14379,1.14382,139,8,0
2026-07-17 16:20:00,1.14382,1.1439300000000001,1.14375,1.14389,116,8,0
2026-07-17 16:25:00,1.14388,1.14411,1.1438,1.14406,145,8,0
2026-07-17 16:30:00,1.14406,1.14411,1.14398,1.14405,115,8,0
2026-07-17 16:35:00,1.14404,1.14407,1.14385,1.14392,134,8,0
2026-07-17 16:40:00,1.14392,1.14401,1.14389,1.14395,95,8,0
2026-07-17 16:45:00,1.14395,1.14395,1.14368,1.14381,125,8,0
2026-07-17 16:50:00,1.1438,1.1439,1.14375,1.14387,99,8,0
2026-07-17 16:55:00,1.14387,1.14388,1.14371,1.1438,89,8,0
2026-07-17 17:00:00,1.14382,1.14385,1.14364,1.14371,137,8,0
2026-07-17 17:05:00,1.14371,1.14374,1.14351,1.14356,108,8,0
2026-07-17 17:10:00,1.14355,1.1436,1.14339,1.14345,82,8,0
2026-07-17 17:15:00,1.14344,1.14353,1.14331,1.14333,99,8,0
2026-07-17 17:20:00,1.14333,1.14346,1.14329,1.14336,118,8,0
2026-07-17 17:25:00,1.14336,1.14358,1.14335,1.14354,92,8,0
2026-07-17 17:30:00,1.14355,1.14356,1.1434199999999999,1.14356,80,8,0
2026-07-17 17:35:00,1.14358,1.14358,1.14344,1.14346,66,8,0
2026-07-17 17:40:00,1.14346,1.14346,1.14333,1.14337,77,8,0
2026-07-17 17:45:00,1.14338,1.14346,1.14335,1.14345,84,8,0
2026-07-17 17:50:00,1.14345,1.14348,1.14337,1.14346,66,8,0
2026-07-17 17:55:00,1.14346,1.14347,1.14337,1.14341,79,8,0
2026-07-17 18:00:00,1.14341,1.1434199999999999,1.14333,1.14341,60,8,0
2026-07-17 18:05:00,1.14341,1.14349,1.14336,1.14345,81,8,0
2026-07-17 18:10:00,1.14344,1.14359,1.1434,1.14351,90,8,0
2026-07-17 18:15:00,1.14351,1.1436600000000001,1.1434199999999999,1.14358,106,8,0
2026-07-17 18:20:00,1.14358,1.1437,1.14351,1.14352,105,8,0
2026-07-17 18:25:00,1.14351,1.14364,1.14349,1.14363,109,8,0
2026-07-17 18:30:00,1.14364,1.1437,1.14359,1.14367,81,8,0
2026-07-17 18:35:00,1.14367,1.14367,1.14354,1.1436,69,8,0
2026-07-17 18:40:00,1.1436,1.1436,1.1435,1.14355,50,8,0
2026-07-17 18:45:00,1.14354,1.14359,1.14347,1.14347,69,8,0
2026-07-17 18:50:00,1.14347,1.14359,1.14344,1.14357,72,8,0
2026-07-17 18:55:00,1.14357,1.14361,1.14348,1.14348,46,8,0
2026-07-17 19:00:00,1.14348,1.1436,1.14346,1.14355,73,8,0
2026-07-17 19:05:00,1.14355,1.14363,1.14355,1.14361,60,8,0
2026-07-17 19:10:00,1.14361,1.14363,1.14355,1.14357,41,8,0
2026-07-17 19:15:00,1.14357,1.14357,1.14345,1.14351,65,8,0
2026-07-17 19:20:00,1.14351,1.14367,1.14347,1.14347,88,8,0
2026-07-17 19:25:00,1.14346,1.14361,1.14334,1.14355,140,8,0
2026-07-17 19:30:00,1.14357,1.14363,1.14355,1.1436,76,8,0
2026-07-17 19:35:00,1.1436,1.1436,1.1434,1.1434,73,8,0
2026-07-17 19:40:00,1.1434,1.14388,1.14337,1.14377,126,8,0
2026-07-17 19:45:00,1.14377,1.14384,1.14372,1.14375,80,8,0
2026-07-17 19:50:00,1.1437599999999999,1.1439,1.14372,1.14389,82,8,0
2026-07-17 19:55:00,1.14387,1.1441,1.14385,1.14404,132,8,0
2026-07-17 20:00:00,1.14406,1.1442,1.14406,1.14406,100,8,0
2026-07-17 20:05:00,1.14406,1.14414,1.14397,1.14399,54,8,0
2026-07-17 20:10:00,1.14399,1.14399,1.14387,1.14388,34,8,0
2026-07-17 20:15:00,1.14388,1.1439300000000001,1.14387,1.14389,35,8,0
2026-07-17 20:20:00,1.14388,1.14388,1.14361,1.14373,66,8,0
2026-07-17 20:25:00,1.1437,1.14377,1.14365,1.14375,35,8,0
2026-07-17 20:30:00,1.14374,1.14382,1.14373,1.1437599999999999,52,8,0
2026-07-17 20:35:00,1.1437599999999999,1.1437599999999999,1.14368,1.14371,28,8,0
2026-07-17 20:40:00,1.14371,1.14373,1.14365,1.14373,31,8,0
2026-07-17 20:45:00,1.1437,1.14379,1.1436,1.14375,60,8,0
2026-07-17 20:50:00,1.14375,1.14382,1.1437,1.14375,92,8,0
2026-07-17 20:55:00,1.14377,1.14377,1.14368,1.14373,60,8,0
2026-07-19 21:05:00,1.14253,1.14274,1.14253,1.1427100000000001,30,48,0
2026-07-19 21:10:00,1.14274,1.14274,1.14264,1.14265,21,48,0
2026-07-19 21:15:00,1.14269,1.14275,1.14266,1.14273,19,48,0
2026-07-19 21:20:00,1.14273,1.1428,1.1427,1.14273,17,48,0
2026-07-19 21:25:00,1.14273,1.14283,1.14273,1.14283,16,48,0
2026-07-19 21:30:00,1.14283,1.14283,1.14267,1.14268,14,48,0
2026-07-19 21:35:00,1.14268,1.14288,1.14267,1.14282,26,48,0
2026-07-19 21:40:00,1.14279,1.1429,1.14279,1.14285,27,48,0
2026-07-19 21:45:00,1.14285,1.14285,1.14276,1.14279,13,48,0
2026-07-19 21:50:00,1.14279,1.14284,1.14279,1.14284,8,48,0
2026-07-19 21:55:00,1.14286,1.14291,1.14277,1.14278,22,48,0
2026-07-19 22:00:00,1.14289,1.14293,1.1424400000000001,1.14257,202,8,0
2026-07-19 22:05:00,1.14259,1.14291,1.14259,1.14291,145,8,0
2026-07-19 22:10:00,1.14292,1.14306,1.1428099999999999,1.14294,119,8,0
2026-07-19 22:15:00,1.14293,1.1431,1.14272,1.14288,166,8,0
2026-07-19 22:20:00,1.14287,1.14294,1.14275,1.14275,108,8,0
2026-07-19 22:25:00,1.14275,1.14276,1.14259,1.14272,91,8,0
2026-07-19 22:30:00,1.14272,1.14297,1.14262,1.14285,134,8,0
2026-07-19 22:35:00,1.14285,1.14287,1.1428099999999999,1.14282,62,8,0
2026-07-19 22:40:00,1.14282,1.14288,1.14274,1.1428099999999999,50,8,0
2026-07-19 22:45:00,1.1428,1.1428099999999999,1.14273,1.14276,31,8,0
2026-07-19 22:50:00,1.14276,1.14276,1.1426,1.14266,45,8,0
2026-07-19 22:55:00,1.14264,1.14269,1.14261,1.14262,44,8,0
2026-07-19 23:00:00,1.14265,1.14267,1.14251,1.14252,103,8,0
2026-07-19 23:05:00,1.14252,1.1426,1.14252,1.14258,55,8,0
2026-07-19 23:10:00,1.14258,1.1426,1.14248,1.1425,48,8,0
2026-07-19 23:15:00,1.14249,1.14256,1.14234,1.14241,55,8,0
2026-07-19 23:20:00,1.14241,1.14247,1.14234,1.14246,44,8,0
2026-07-19 23:25:00,1.14246,1.14254,1.14243,1.14252,57,8,0
2026-07-19 23:30:00,1.14252,1.14252,1.1424400000000001,1.14247,34,8,0
2026-07-19 23:35:00,1.14247,1.14262,1.14246,1.14253,70,8,0
2026-07-19 23:40:00,1.14252,1.14267,1.14252,1.14265,63,8,0
2026-07-19 23:45:00,1.14265,1.14268,1.14251,1.14267,80,8,0
2026-07-19 23:50:00,1.14266,1.14274,1.1425,1.14257,95,8,0
2026-07-19 23:55:00,1.14256,1.1427100000000001,1.14256,1.1427,78,8,0
2026-07-20 00:00:00,1.1427100000000001,1.1429,1.1426,1.14286,171,8,0
2026-07-20 00:05:00,1.14287,1.14306,1.14286,1.14299,111,8,0
2026-07-20 00:10:00,1.14299,1.14307,1.1429,1.14294,89,8,0
2026-07-20 00:15:00,1.14295,1.14316,1.14294,1.1431,111,8,0
2026-07-20 00:20:00,1.1431,1.14323,1.14301,1.14319,117,8,0
2026-07-20 00:25:00,1.14319,1.14323,1.14311,1.14318,99,8,0
2026-07-20 00:30:00,1.14317,1.14318,1.14304,1.1431,92,8,0
2026-07-20 00:35:00,1.14309,1.14313,1.143,1.14304,75,8,0
2026-07-20 00:40:00,1.14304,1.14317,1.14304,1.14311,82,8,0
2026-07-20 00:45:00,1.14313,1.14322,1.14311,1.14317,78,8,0
2026-07-20 00:50:00,1.14316,1.14329,1.1431499999999999,1.14325,113,8,0
2026-07-20 00:55:00,1.14325,1.14331,1.14324,1.14331,98,8,0
2026-07-20 01:00:00,1.1433,1.14353,1.1433,1.14348,152,8,0
2026-07-20 01:05:00,1.14348,1.1435,1.14333,1.14347,118,8,0
2026-07-20 01:10:00,1.14347,1.14347,1.14306,1.1431499999999999,115,8,0
2026-07-20 01:15:00,1.14316,1.14328,1.14312,1.1431499999999999,123,8,0
2026-07-20 01:20:00,1.1431499999999999,1.14329,1.1431,1.14329,90,8,0
2026-07-20 01:25:00,1.14328,1.1434,1.14324,1.14339,105,8,0
2026-07-20 01:30:00,1.14339,1.14352,1.14339,1.14341,134,8,0
2026-07-20 01:35:00,1.14341,1.14343,1.14334,1.14337,103,8,0
2026-07-20 01:40:00,1.14338,1.14343,1.14312,1.14325,137,8,0
2026-07-20 01:45:00,1.14324,1.14335,1.1432,1.14329,98,8,0
2026-07-20 01:50:00,1.14331,1.14337,1.14322,1.1433200000000001,112,8,0
2026-07-20 01:55:00,1.14334,1.1436,1.14334,1.14357,92,8,0
2026-07-20 02:00:00,1.14356,1.14367,1.14341,1.14361,135,8,0
2026-07-20 02:05:00,1.14361,1.14373,1.14354,1.14365,106,8,0
2026-07-20 02:10:00,1.14365,1.14377,1.14354,1.1436,110,8,0
2026-07-20 02:15:00,1.14359,1.14367,1.14356,1.14358,64,8,0
2026-07-20 02:20:00,1.14358,1.14365,1.14358,1.14363,61,8,0
2026-07-20 02:25:00,1.14363,1.14386,1.14363,1.14384,101,8,0
2026-07-20 02:30:00,1.14384,1.14387,1.1437599999999999,1.1438,84,8,0
2026-07-20 02:35:00,1.14379,1.14397,1.14374,1.14389,97,8,0
2026-07-20 02:40:00,1.14389,1.14424,1.14387,1.14402,130,8,0
2026-07-20 02:45:00,1.14402,1.14415,1.14392,1.14412,106,8,0
2026-07-20 02:50:00,1.14413,1.1442,1.14413,1.14416,85,8,0
2026-07-20 02:55:00,1.14416,1.14417,1.1440299999999999,1.14404,50,8,0
2026-07-20 03:00:00,1.14405,1.14409,1.14395,1.1440299999999999,80,8,0
2026-07-20 03:05:00,1.14402,1.14404,1.1439300000000001,1.14396,68,8,0
2026-07-20 03:10:00,1.14396,1.14408,1.14394,1.14402,73,8,0
2026-07-20 03:15:00,1.144,1.14407,1.14397,1.14404,59,8,0
2026-07-20 03:20:00,1.14404,1.14411,1.1440299999999999,1.14405,66,8,0
2026-07-20 03:25:00,1.14404,1.14406,1.14399,1.14404,43,8,0
2026-07-20 03:30:00,1.14405,1.14408,1.1440299999999999,1.14406,39,8,0
2026-07-20 03:35:00,1.14405,1.14408,1.14399,1.14406,58,8,0
2026-07-20 03:40:00,1.14405,1.14421,1.1440299999999999,1.14419,56,8,0
2026-07-20 03:45:00,1.14419,1.1442,1.14414,1.14414,35,8,0
2026-07-20 03:50:00,1.14414,1.14421,1.14411,1.14418,36,8,0
2026-07-20 03:55:00,1.14419,1.14419,1.14412,1.14414,43,8,0
2026-07-20 04:00:00,1.14414,1.14422,1.1441,1.14414,55,8,0
2026-07-20 04:05:00,1.14414,1.14415,1.14408,1.14413,28,8,0
2026-07-20 04:10:00,1.14413,1.14426,1.14413,1.14419,64,8,0
2026-07-20 04:15:00,1.1442,1.14428,1.1442,1.14424,47,8,0
2026-07-20 04:20:00,1.14425,1.14429,1.1442,1.14429,39,8,0
2026-07-20 04:25:00,1.14429,1.14443,1.14429,1.1444,42,8,0
2026-07-20 04:30:00,1.1444,1.1444,1.14431,1.14438,51,8,0
2026-07-20 04:35:00,1.14438,1.14448,1.14433,1.14436,58,8,0
2026-07-20 04:40:00,1.14436,1.14445,1.14435,1.14444,39,8,0
2026-07-20 04:45:00,1.14444,1.14444,1.14436,1.1443699999999999,47,8,0
2026-07-20 04:50:00,1.14438,1.14446,1.1443699999999999,1.14443,54,8,0
2026-07-20 04:55:00,1.14443,1.14443,1.14436,1.14439,52,8,0
2026-07-20 05:00:00,1.14438,1.14444,1.14426,1.1443,68,8,0
2026-07-20 05:05:00,1.1443,1.14435,1.14428,1.1443,45,8,0
2026-07-20 05:10:00,1.1443,1.14433,1.14418,1.14425,62,8,0
2026-07-20 05:15:00,1.14426,1.14434,1.14421,1.14424,58,8,0
2026-07-20 05:20:00,1.14424,1.14425,1.14418,1.14424,67,8,0
2026-07-20 05:25:00,1.14424,1.14424,1.14413,1.14416,62,8,0
2026-07-20 05:30:00,1.14416,1.14418,1.14407,1.14408,71,8,0
2026-07-20 05:35:00,1.14409,1.14413,1.14399,1.1440299999999999,78,8,0
2026-07-20 05:40:00,1.1440299999999999,1.14409,1.144,1.144,51,8,0
2026-07-20 05:45:00,1.144,1.14407,1.14397,1.14399,61,8,0
2026-07-20 05:50:00,1.14399,1.14421,1.14397,1.1442,63,8,0
2026-07-20 05:55:00,1.1442,1.1442,1.14396,1.14396,90,8,0
2026-07-20 06:00:00,1.14394,1.1442,1.1439300000000001,1.14408,140,8,0
2026-07-20 06:05:00,1.14408,1.14409,1.14374,1.1437599999999999,133,8,0
2026-07-20 06:10:00,1.1437599999999999,1.1437599999999999,1.14358,1.14367,121,8,0
2026-07-20 06:15:00,1.14367,1.1439,1.14365,1.14373,134,8,0
2026-07-20 06:20:00,1.14373,1.1439,1.14373,1.14375,108,8,0
2026-07-20 06:25:00,1.14374,1.14374,1.1436,1.1436,116,8,0
2026-07-20 06:30:00,1.14362,1.14365,1.14338,1.14353,130,8,0
2026-07-20 06:35:00,1.14352,1.1438,1.14343,1.1437599999999999,136,8,0
2026-07-20 06:40:00,1.1437599999999999,1.14388,1.1435,1.14356,168,8,0
2026-07-20 06:45:00,1.14356,1.14392,1.14354,1.14374,149,8,0
2026-07-20 06:50:00,1.14374,1.14383,1.14361,1.14372,108,8,0
2026-07-20 06:55:00,1.14371,1.14382,1.14344,1.14348,164,8,0
2026-07-20 07:00:00,1.14348,1.1439,1.14341,1.14388,191,8,0
2026-07-20 07:05:00,1.14388,1.14389,1.14359,1.14362,142,8,0
2026-07-20 07:10:00,1.14362,1.14362,1.14337,1.14346,169,8,0
2026-07-20 07:15:00,1.14345,1.1436600000000001,1.1434199999999999,1.14365,111,8,0
2026-07-20 07:20:00,1.14364,1.14416,1.14357,1.1440299999999999,254,8,0
2026-07-20 07:25:00,1.1440299999999999,1.14423,1.1439300000000001,1.14419,187,8,0
2026-07-20 07:30:00,1.14419,1.14492,1.14414,1.14486,334,8,0
2026-07-20 07:35:00,1.14485,1.14489,1.14459,1.14473,252,8,0
2026-07-20 07:40:00,1.14473,1.1448800000000001,1.14463,1.14475,169,8,0
2026-07-20 07:45:00,1.14475,1.14484,1.14456,1.14462,181,8,0
2026-07-20 07:50:00,1.14461,1.14465,1.14429,1.1443,172,8,0
2026-07-20 07:55:00,1.1443,1.14443,1.14418,1.14438,206,8,0
2026-07-20 08:00:00,1.14439,1.14452,1.1442700000000001,1.14429,185,8,0
2026-07-20 08:05:00,1.14428,1.14434,1.14416,1.14429,119,8,0
2026-07-20 08:10:00,1.14429,1.14429,1.14413,1.1442,113,8,0
2026-07-20 08:15:00,1.1442,1.14428,1.14402,1.1440299999999999,158,8,0
2026-07-20 08:20:00,1.1440299999999999,1.14404,1.14387,1.14399,141,8,0
2026-07-20 08:25:00,1.14399,1.14405,1.14375,1.14378,119,8,0
2026-07-20 08:30:00,1.14378,1.14392,1.14371,1.14385,132,8,0
2026-07-20 08:35:00,1.14385,1.14423,1.14383,1.14423,125,8,0
2026-07-20 08:40:00,1.14422,1.14432,1.14401,1.14405,137,8,0
2026-07-20 08:45:00,1.14405,1.14412,1.14397,1.14412,98,8,0
2026-07-20 08:50:00,1.14412,1.14412,1.14373,1.14401,144,8,0
2026-07-20 08:55:00,1.1440299999999999,1.14412,1.14378,1.14387,142,8,0
2026-07-20 09:00:00,1.14386,1.14394,1.1436,1.14362,150,8,0
2026-07-20 09:05:00,1.14362,1.14362,1.14329,1.14335,162,8,0
2026-07-20 09:10:00,1.14335,1.14348,1.1433200000000001,1.14341,112,8,0
2026-07-20 09:15:00,1.1434,1.14351,1.14317,1.14318,109,8,0
2026-07-20 09:20:00,1.14318,1.1434199999999999,1.1431499999999999,1.1434,115,8,0
2026-07-20 09:25:00,1.1434,1.14343,1.14301,1.1430500000000001,133,8,0
2026-07-20 09:30:00,1.1430500000000001,1.14322,1.14303,1.14311,105,8,0
2026-07-20 09:35:00,1.14311,1.14319,1.14297,1.143,100,8,0
2026-07-20 09:40:00,1.143,1.14322,1.14287,1.1431499999999999,111,8,0
2026-07-20 09:45:00,1.14313,1.14313,1.14291,1.14297,94,8,0
2026-07-20 09:50:00,1.14296,1.1431,1.14289,1.14295,119,8,0
2026-07-20 09:55:00,1.14292,1.143,1.1427100000000001,1.14297,158,8,0
2026-07-20 10:00:00,1.14297,1.14303,1.14286,1.14289,124,8,0
2026-07-20 10:05:00,1.14289,1.1431499999999999,1.1428,1.14311,131,8,0
2026-07-20 10:10:00,1.14311,1.14329,1.1431,1.1431,133,8,0
2026-07-20 10:15:00,1.1431,1.1432,1.14308,1.14313,86,8,0
2026-07-20 10:20:00,1.14314,1.14321,1.14308,1.1431499999999999,79,8,0
2026-07-20 10:25:00,1.1431499999999999,1.14326,1.14314,1.14316,91,8,0
2026-07-20 10:30:00,1.14314,1.14334,1.14307,1.1433200000000001,97,8,0
2026-07-20 10:35:00,1.1433200000000001,1.14354,1.14331,1.14353,119,8,0
2026-07-20 10:40:00,1.14353,1.14358,1.14335,1.14341,101,8,0
2026-07-20 10:45:00,1.14341,1.14346,1.14326,1.1433,109,8,0
2026-07-20 10:50:00,1.14329,1.14336,1.14321,1.14329,70,8,0
2026-07-20 10:55:00,1.14329,1.14343,1.14301,1.14308,127,8,0
2026-07-20 11:00:00,1.14309,1.14333,1.14304,1.14307,175,8,0
2026-07-20 11:05:00,1.14306,1.14313,1.14287,1.14297,148,8,0
2026-07-20 11:10:00,1.14297,1.14307,1.14282,1.14301,107,8,0
2026-07-20 11:15:00,1.14301,1.14313,1.14297,1.14309,97,8,0
2026-07-20 11:20:00,1.14311,1.14316,1.14303,1.14308,93,8,0
2026-07-20 11:25:00,1.14309,1.14331,1.1430500000000001,1.14331,114,8,0
2026-07-20 11:30:00,1.14331,1.14401,1.14329,1.14381,629,8,0
2026-07-20 11:35:00,1.14381,1.14387,1.14341,1.14355,259,8,0
2026-07-20 11:40:00,1.14357,1.1436600000000001,1.14344,1.14348,202,8,0
2026-07-20 11:45:00,1.14347,1.14349,1.14329,1.14338,164,8,0
2026-07-20 11:50:00,1.14338,1.1434,1.14324,1.14327,141,8,0
2026-07-20 11:55:00,1.14325,1.14325,1.14276,1.14291,183,8,0
2026-07-20 12:00:00,1.14292,1.14292,1.14247,1.1428,344,8,0
2026-07-20 12:05:00,1.14282,1.14299,1.14247,1.14254,221,8,0
2026-07-20 12:10:00,1.14254,1.14259,1.14206,1.14222,183,8,0
2026-07-20 12:15:00,1.14222,1.14222,1.1418,1.14189,230,8,0
2026-07-20 12:20:00,1.1419,1.14196,1.14168,1.14195,219,8,0
2026-07-20 12:25:00,1.14194,1.14196,1.1417,1.14191,156,8,0
2026-07-20 12:30:00,1.14191,1.14201,1.14164,1.14191,189,8,0
2026-07-20 12:35:00,1.14192,1.14233,1.1419,1.14219,206,8,0
2026-07-20 12:40:00,1.14219,1.14221,1.14192,1.14194,166,8,0
2026-07-20 12:45:00,1.14196,1.14237,1.14196,1.14234,174,8,0
2026-07-20 12:50:00,1.14234,1.14275,1.1423,1.14255,187,8,0
2026-07-20 12:55:00,1.14256,1.14268,1.1423,1.14233,183,8,0
2026-07-20 13:00:00,1.14233,1.14242,1.14199,1.14204,201,8,0
2026-07-20 13:05:00,1.14203,1.14207,1.14176,1.14191,192,8,0
2026-07-20 13:10:00,1.14191,1.142,1.14186,1.14193,130,8,0
2026-07-20 13:15:00,1.14194,1.14194,1.14164,1.14175,140,8,0
2026-07-20 13:20:00,1.14174,1.14196,1.14172,1.14195,130,8,0
2026-07-20 13:25:00,1.14195,1.14205,1.14172,1.14192,188,8,0
2026-07-20 13:30:00,1.14189,1.14198,1.14176,1.1418300000000001,175,8,0
2026-07-20 13:35:00,1.14184,1.14186,1.14158,1.14169,198,8,0
2026-07-20 13:40:00,1.1417,1.1418,1.14141,1.14148,203,8,0
2026-07-20 13:45:00,1.14148,1.14179,1.14141,1.14176,181,8,0
2026-07-20 13:50:00,1.14176,1.14178,1.14157,1.14169,164,8,0
2026-07-20 13:55:00,1.14171,1.14181,1.14147,1.14147,177,8,0
2026-07-20 14:00:00,1.14147,1.1415899999999999,1.14141,1.1415,163,8,0
2026-07-20 14:05:00,1.1415,1.14161,1.14134,1.14135,178,8,0
2026-07-20 14:10:00,1.14134,1.14145,1.14115,1.1414,188,8,0
2026-07-20 14:15:00,1.14141,1.14173,1.14136,1.14164,181,8,0
2026-07-20 14:20:00,1.14164,1.14164,1.14129,1.14135,163,8,0
2026-07-20 14:25:00,1.14134,1.1417,1.1412200000000001,1.14161,225,8,0
2026-07-20 14:30:00,1.1416,1.1416,1.14104,1.14119,184,8,0
2026-07-20 14:35:00,1.14118,1.14118,1.14092,1.141,201,8,0
2026-07-20 14:40:00,1.141,1.141,1.1406100000000001,1.14063,197,8,0
2026-07-20 14:45:00,1.14063,1.14102,1.14051,1.14093,228,8,0
2026-07-20 14:50:00,1.14093,1.14093,1.14052,1.14052,167,8,0
2026-07-20 14:55:00,1.14052,1.14073,1.14021,1.1406399999999999,321,8,0
2026-07-20 15:00:00,1.1406399999999999,1.14087,1.14044,1.14087,329,8,0
2026-07-20 15:05:00,1.14087,1.14102,1.14072,1.14094,303,8,0
2026-07-20 15:10:00,1.14094,1.14101,1.14069,1.14072,191,8,0
2026-07-20 15:15:00,1.14072,1.14072,1.14051,1.14055,139,8,0
2026-07-20 15:20:00,1.14055,1.14086,1.14052,1.14084,158,8,0
2026-07-20 15:25:00,1.14086,1.14095,1.14074,1.14089,137,8,0
2026-07-20 15:30:00,1.1409,1.14106,1.1408800000000001,1.14094,147,8,0
2026-07-20 15:35:00,1.14094,1.14109,1.14073,1.14082,188,8,0
2026-07-20 15:40:00,1.14084,1.1409,1.14067,1.14079,144,8,0
2026-07-20 15:45:00,1.14081,1.1411,1.14078,1.14104,151,8,0
2026-07-20 15:50:00,1.14106,1.14121,1.14094,1.141,129,8,0
2026-07-20 15:55:00,1.141,1.14117,1.141,1.14111,117,8,0
2026-07-20 16:00:00,1.1411,1.14133,1.14103,1.14119,184,8,0
2026-07-20 16:05:00,1.14119,1.14146,1.14113,1.14144,120,8,0
2026-07-20 16:10:00,1.14144,1.14154,1.14141,1.14153,118,8,0
2026-07-20 16:15:00,1.14153,1.14166,1.1414900000000001,1.14153,119,8,0
2026-07-20 16:20:00,1.14153,1.14158,1.14144,1.14148,95,8,0
2026-07-20 16:25:00,1.14148,1.14151,1.1413,1.14136,139,8,0
2026-07-20 16:30:00,1.14135,1.1414900000000001,1.14131,1.14131,103,8,0
2026-07-20 16:35:00,1.14131,1.14139,1.14127,1.14129,94,8,0
2026-07-20 16:40:00,1.14128,1.14133,1.14069,1.14109,323,8,0
2026-07-20 16:45:00,1.14108,1.14112,1.14094,1.14108,117,8,0
2026-07-20 16:50:00,1.14108,1.14113,1.14095,1.14109,90,8,0
2026-07-20 16:55:00,1.14109,1.14116,1.14102,1.14114,103,8,0
2026-07-20 17:00:00,1.14113,1.14136,1.14112,1.1412200000000001,128,8,0
2026-07-20 17:05:00,1.1412200000000001,1.14143,1.1412200000000001,1.14141,113,8,0
2026-07-20 17:10:00,1.14142,1.14142,1.14107,1.14114,135,8,0
2026-07-20 17:15:00,1.14114,1.14139,1.14112,1.14137,106,8,0
2026-07-20 17:20:00,1.14135,1.1414900000000001,1.14132,1.14139,100,8,0
2026-07-20 17:25:00,1.1414,1.14151,1.14138,1.14143,79,8,0
2026-07-20 17:30:00,1.14142,1.14148,1.14137,1.1414,66,8,0
2026-07-20 17:35:00,1.1414,1.1414,1.14126,1.14127,53,8,0
2026-07-20 17:40:00,1.14127,1.14132,1.1412499999999999,1.1413,74,8,0
2026-07-20 17:45:00,1.1413,1.14134,1.1412200000000001,1.14133,64,8,0
2026-07-20 17:50:00,1.14134,1.14139,1.14128,1.14132,66,8,0
2026-07-20 17:55:00,1.14133,1.14141,1.14132,1.14134,70,8,0
2026-07-20 18:00:00,1.14134,1.1415,1.14134,1.14148,74,8,0
2026-07-20 18:05:00,1.14148,1.1416,1.14139,1.14157,88,8,0
2026-07-20 18:10:00,1.14157,1.14165,1.14153,1.14161,73,8,0
2026-07-20 18:15:00,1.14161,1.14185,1.14161,1.14177,104,8,0
2026-07-20 18:20:00,1.14178,1.14179,1.1415899999999999,1.14163,121,8,0
2026-07-20 18:25:00,1.14161,1.14175,1.1415899999999999,1.14167,75,8,0
2026-07-20 18:30:00,1.14168,1.14168,1.14147,1.14148,114,8,0
2026-07-20 18:35:00,1.14148,1.1415899999999999,1.14148,1.14154,76,8,0
2026-07-20 18:40:00,1.14154,1.14154,1.14133,1.14133,80,8,0
2026-07-20 18:45:00,1.14137,1.14144,1.14128,1.14138,113,8,0
2026-07-20 18:50:00,1.14138,1.14145,1.14134,1.14139,74,8,0
2026-07-20 18:55:00,1.14139,1.14153,1.14128,1.1415,97,8,0
2026-07-20 19:00:00,1.14151,1.14161,1.14143,1.1415,98,8,0
2026-07-20 19:05:00,1.1415,1.14156,1.14146,1.14155,64,8,0
2026-07-20 19:10:00,1.14154,1.14155,1.14133,1.14137,77,8,0
2026-07-20 19:15:00,1.14137,1.14146,1.14128,1.14145,60,8,0
2026-07-20 19:20:00,1.14145,1.14152,1.1414,1.1415,86,8,0
2026-07-20 19:25:00,1.1415,1.14175,1.14142,1.14167,126,8,0
2026-07-20 19:30:00,1.14169,1.14178,1.14161,1.14162,111,8,0
2026-07-20 19:35:00,1.14162,1.14168,1.14152,1.1416,102,8,0
2026-07-20 19:40:00,1.14161,1.14167,1.14156,1.14158,79,8,0
2026-07-20 19:45:00,1.14158,1.1417,1.14151,1.1417,65,8,0
2026-07-20 19:50:00,1.14169,1.14173,1.14156,1.14162,81,8,0
2026-07-20 19:55:00,1.14162,1.14162,1.14141,1.14152,121,8,0
2026-07-20 20:00:00,1.14152,1.14165,1.14146,1.14152,93,8,0
2026-07-20 20:05:00,1.14152,1.14152,1.14133,1.14139,61,8,0
2026-07-20 20:10:00,1.14139,1.1414,1.14134,1.14139,25,8,0
2026-07-20 20:15:00,1.14139,1.14139,1.14123,1.14128,53,8,0
2026-07-20 20:20:00,1.14128,1.14139,1.14127,1.14139,46,8,0
2026-07-20 20:25:00,1.14139,1.14147,1.14139,1.14144,29,8,0
2026-07-20 20:30:00,1.14144,1.14145,1.14138,1.14138,20,8,0
2026-07-20 20:35:00,1.14138,1.14138,1.14123,1.14127,49,8,0
2026-07-20 20:40:00,1.14127,1.14135,1.14127,1.14129,28,8,0
2026-07-20 20:45:00,1.14127,1.1413,1.14123,1.14126,39,8,0
2026-07-20 20:50:00,1.14126,1.14131,1.14123,1.1413,46,8,0
2026-07-20 20:55:00,1.1413,1.1414,1.14109,1.14111,59,8,0
2026-07-20 21:00:00,1.1411,1.1411,1.14109,1.14109,2,48,0
2026-07-20 21:05:00,1.1412499999999999,1.14129,1.14109,1.14128,60,20,0
2026-07-20 21:10:00,1.14126,1.14127,1.1412,1.1412200000000001,26,48,0
2026-07-20 21:15:00,1.14121,1.14127,1.14115,1.14115,45,48,0
2026-07-20 21:20:00,1.14114,1.14114,1.1411,1.14112,16,48,0
2026-07-20 21:25:00,1.1411,1.14113,1.141,1.141,54,48,0
2026-07-20 21:30:00,1.14102,1.1412,1.14102,1.14107,54,48,0
2026-07-20 21:35:00,1.14106,1.14107,1.1408,1.14081,80,61,0
2026-07-20 21:40:00,1.1408,1.14102,1.14078,1.14101,74,48,0
2026-07-20 21:45:00,1.14102,1.14106,1.14095,1.14097,46,48,0
2026-07-20 21:50:00,1.14097,1.1409799999999999,1.14092,1.14094,20,48,0
2026-07-20 21:55:00,1.14094,1.14114,1.14094,1.14112,24,20,0
2026-07-20 22:00:00,1.14116,1.14116,1.14103,1.14107,76,8,0
2026-07-20 22:05:00,1.14107,1.14121,1.14099,1.14116,46,8,0
2026-07-20 22:10:00,1.14116,1.14121,1.14116,1.14119,22,8,0
2026-07-20 22:15:00,1.14119,1.14119,1.14116,1.14119,19,8,0
2026-07-20 22:20:00,1.14119,1.14124,1.14119,1.14124,12,8,0
2026-07-20 22:25:00,1.14124,1.14124,1.14112,1.14118,37,8,0
2026-07-20 22:30:00,1.14118,1.14119,1.14116,1.14116,16,8,0
2026-07-20 22:35:00,1.14116,1.14119,1.14113,1.14119,21,8,0
2026-07-20 22:40:00,1.14119,1.14119,1.14112,1.14117,27,8,0
2026-07-20 22:45:00,1.14118,1.14133,1.14118,1.14126,47,8,0
2026-07-20 22:50:00,1.14126,1.14129,1.14123,1.14129,31,8,0
2026-07-20 22:55:00,1.1413,1.14132,1.14126,1.14128,21,8,0
2026-07-20 23:00:00,1.14128,1.1413,1.1412200000000001,1.14124,26,8,0
2026-07-20 23:05:00,1.14124,1.14129,1.14123,1.14128,25,8,0
2026-07-20 23:10:00,1.14128,1.14134,1.14128,1.14133,18,8,0
2026-07-20 23:15:00,1.14133,1.14138,1.14128,1.14133,36,8,0
2026-07-20 23:20:00,1.14133,1.14133,1.14124,1.14126,18,8,0
2026-07-20 23:25:00,1.14126,1.14129,1.14124,1.14129,21,8,0
2026-07-20 23:30:00,1.14129,1.14134,1.14128,1.14133,23,8,0
2026-07-20 23:35:00,1.14133,1.14134,1.14129,1.14129,13,8,0
2026-07-20 23:40:00,1.14129,1.1413,1.14127,1.14127,17,8,0
2026-07-20 23:45:00,1.14127,1.14135,1.14126,1.14135,46,8,0
2026-07-20 23:50:00,1.14137,1.14142,1.14131,1.14142,46,8,0
2026-07-20 23:55:00,1.14141,1.14155,1.14138,1.14154,64,8,0
2026-07-21 00:00:00,1.14154,1.14179,1.14148,1.14169,161,8,0
2026-07-21 00:05:00,1.14169,1.14169,1.14151,1.14158,118,8,0
2026-07-21 00:10:00,1.14157,1.14165,1.1415,1.14157,84,8,0
2026-07-21 00:15:00,1.14158,1.1415899999999999,1.14143,1.14148,80,8,0
2026-07-21 00:20:00,1.14148,1.1414900000000001,1.14118,1.14119,72,8,0
2026-07-21 00:25:00,1.14119,1.14128,1.14118,1.14124,59,8,0
2026-07-21 00:30:00,1.14124,1.14124,1.14111,1.14119,73,8,0
2026-07-21 00:35:00,1.14119,1.14123,1.14114,1.1412,58,8,0
2026-07-21 00:40:00,1.1412,1.14139,1.1412,1.14139,67,8,0
2026-07-21 00:45:00,1.14139,1.14158,1.14137,1.14152,88,8,0
2026-07-21 00:50:00,1.14152,1.14154,1.14138,1.14145,110,8,0
2026-07-21 00:55:00,1.14142,1.14152,1.14129,1.14129,99,8,0
2026-07-21 01:00:00,1.1413,1.14137,1.14118,1.14133,80,8,0
2026-07-21 01:05:00,1.14134,1.14151,1.14134,1.14137,99,8,0
2026-07-21 01:10:00,1.14138,1.14148,1.14128,1.14129,54,8,0
2026-07-21 01:15:00,1.14129,1.14162,1.14126,1.14157,103,8,0
2026-07-21 01:20:00,1.14155,1.1415899999999999,1.14129,1.14133,120,8,0
2026-07-21 01:25:00,1.14133,1.1415,1.14126,1.14142,95,8,0
2026-07-21 01:30:00,1.14142,1.14154,1.14127,1.14147,134,8,0
2026-07-21 01:35:00,1.14147,1.14152,1.1412200000000001,1.14129,137,8,0
2026-07-21 01:40:00,1.14129,1.14158,1.14129,1.14157,107,8,0
2026-07-21 01:45:00,1.14157,1.14158,1.14146,1.14151,98,8,0
2026-07-21 01:50:00,1.14151,1.14151,1.14139,1.14148,89,8,0
2026-07-21 01:55:00,1.14147,1.14151,1.14138,1.14144,80,8,0
2026-07-21 02:00:00,1.14144,1.14154,1.14143,1.14148,84,8,0
2026-07-21 02:05:00,1.14148,1.14157,1.14143,1.14147,57,8,0
2026-07-21 02:10:00,1.14146,1.14155,1.14143,1.14148,92,8,0
2026-07-21 02:15:00,1.14148,1.14148,1.14136,1.14138,82,8,0
2026-07-21 02:20:00,1.14139,1.14158,1.14135,1.14156,87,8,0
2026-07-21 02:25:00,1.14156,1.14156,1.14131,1.14131,79,8,0
2026-07-21 02:30:00,1.14131,1.14144,1.14131,1.14138,62,8,0
2026-07-21 02:35:00,1.14137,1.1414900000000001,1.14136,1.1414,52,8,0
2026-07-21 02:40:00,1.1414,1.14143,1.14131,1.14131,50,8,0
2026-07-21 02:45:00,1.14129,1.14131,1.14121,1.14121,61,8,0
2026-07-21 02:50:00,1.14121,1.14123,1.141,1.14102,80,8,0
2026-07-21 02:55:00,1.14102,1.14114,1.14102,1.14109,72,8,0
2026-07-21 03:00:00,1.14109,1.14123,1.1408800000000001,1.14093,103,8,0
2026-07-21 03:05:00,1.14093,1.141,1.14086,1.14099,52,8,0
2026-07-21 03:10:00,1.1409799999999999,1.14107,1.1408800000000001,1.14091,72,8,0
2026-07-21 03:15:00,1.14092,1.14105,1.1409,1.14105,64,8,0
2026-07-21 03:20:00,1.14105,1.14113,1.141,1.14106,61,8,0
2026-07-21 03:25:00,1.14106,1.14109,1.141,1.14108,59,8,0
2026-07-21 03:30:00,1.14108,1.14123,1.14108,1.14121,67,8,0
2026-07-21 03:35:00,1.1412200000000001,1.1412200000000001,1.14113,1.1412200000000001,67,8,0
2026-07-21 03:40:00,1.14123,1.14129,1.14119,1.1412499999999999,49,8,0
2026-07-21 03:45:00,1.1412499999999999,1.1415,1.1412499999999999,1.14147,68,8,0
2026-07-21 03:50:00,1.14147,1.14148,1.14132,1.14132,45,8,0
2026-07-21 03:55:00,1.1413,1.14136,1.14121,1.1412200000000001,59,8,0
2026-07-21 04:00:00,1.1412,1.1413,1.14118,1.14124,52,8,0
2026-07-21 04:05:00,1.14124,1.14139,1.1412200000000001,1.14138,76,8,0
2026-07-21 04:10:00,1.14139,1.14148,1.14138,1.14145,53,8,0
2026-07-21 04:15:00,1.14144,1.14153,1.14142,1.14147,60,8,0
2026-07-21 04:20:00,1.14147,1.14152,1.14143,1.14148,40,8,0
2026-07-21 04:25:00,1.14148,1.1415,1.14141,1.14142,27,8,0
2026-07-21 04:30:00,1.14142,1.14155,1.14142,1.1414900000000001,56,8,0
2026-07-21 04:35:00,1.1414900000000001,1.14158,1.14148,1.14156,61,8,0
2026-07-21 04:40:00,1.14156,1.14164,1.14146,1.14161,71,8,0
2026-07-21 04:45:00,1.14161,1.14168,1.14158,1.14163,50,8,0
2026-07-21 04:50:00,1.14163,1.14171,1.14156,1.14168,57,8,0
2026-07-21 04:55:00,1.14171,1.14177,1.1417,1.14175,65,8,0
2026-07-21 05:00:00,1.14174,1.14174,1.14162,1.1417,69,8,0
2026-07-21 05:05:00,1.1417,1.14191,1.14164,1.14188,61,8,0
2026-07-21 05:10:00,1.14188,1.14188,1.14155,1.14157,86,8,0
2026-07-21 05:15:00,1.14157,1.14172,1.14157,1.14166,70,8,0
2026-07-21 05:20:00,1.14166,1.14172,1.14156,1.14163,74,8,0
2026-07-21 05:25:00,1.14163,1.14173,1.14162,1.14168,50,8,0
2026-07-21 05:30:00,1.14168,1.1419,1.14168,1.14184,85,8,0
2026-07-21 05:35:00,1.14184,1.14195,1.14181,1.14193,69,8,0
2026-07-21 05:40:00,1.14193,1.14213,1.14193,1.14211,125,8,0
2026-07-21 05:45:00,1.14211,1.14211,1.14186,1.14189,108,8,0
2026-07-21 05:50:00,1.14189,1.14198,1.14177,1.14186,106,8,0
2026-07-21 05:55:00,1.14186,1.14186,1.14167,1.14176,88,8,0
2026-07-21 06:00:00,1.14174,1.14202,1.1417,1.14199,134,8,0
2026-07-21 06:05:00,1.14199,1.14201,1.14178,1.14192,123,8,0
2026-07-21 06:10:00,1.14194,1.14197,1.14181,1.14189,88,8,0
2026-07-21 06:15:00,1.14189,1.14199,1.1418300000000001,1.14192,82,8,0
2026-07-21 06:20:00,1.14193,1.14215,1.1418300000000001,1.14211,146,8,0
2026-07-21 06:25:00,1.14211,1.14216,1.14191,1.14196,133,8,0
2026-07-21 06:30:00,1.14199,1.14201,1.14186,1.14195,93,8,0
2026-07-21 06:35:00,1.14195,1.1421999999999999,1.14193,1.14201,119,8,0
2026-07-21 06:40:00,1.142,1.14224,1.14196,1.14216,130,8,0
2026-07-21 06:45:00,1.14216,1.14234,1.14213,1.14221,106,8,0
2026-07-21 06:50:00,1.14221,1.14222,1.142,1.142,114,8,0
2026-07-21 06:55:00,1.142,1.14223,1.14196,1.14206,175,8,0
2026-07-21 07:00:00,1.14208,1.14253,1.14208,1.14246,192,8,0
2026-07-21 07:05:00,1.14246,1.14262,1.14243,1.1424400000000001,133,8,0
2026-07-21 07:10:00,1.1424400000000001,1.1424400000000001,1.14215,1.14217,167,8,0
2026-07-21 07:15:00,1.14217,1.14256,1.14215,1.14256,182,8,0
2026-07-21 07:20:00,1.14257,1.14273,1.14247,1.14249,183,8,0
2026-07-21 07:25:00,1.14249,1.14262,1.14237,1.14237,145,8,0
2026-07-21 07:30:00,1.14238,1.14246,1.14218,1.1424,130,8,0
2026-07-21 07:35:00,1.1424,1.1424400000000001,1.1423,1.14239,104,8,0
2026-07-21 07:40:00,1.14238,1.14248,1.14217,1.14224,122,8,0
2026-07-21 07:45:00,1.14224,1.14229,1.14216,1.14226,132,8,0
2026-07-21 07:50:00,1.14226,1.14226,1.14202,1.14209,148,8,0
2026-07-21 07:55:00,1.14208,1.14231,1.14205,1.14224,143,8,0
2026-07-21 08:00:00,1.14224,1.14236,1.14208,1.14221,151,8,0
2026-07-21 08:05:00,1.14219,1.14236,1.14214,1.1423,164,8,0
2026-07-21 08:10:00,1.1423,1.14235,1.14218,1.14229,134,8,0
2026-07-21 08:15:00,1.14228,1.14252,1.14216,1.14245,118,8,0
2026-07-21 08:20:00,1.14246,1.14259,1.14232,1.14243,137,8,0
2026-07-21 08:25:00,1.14242,1.14249,1.14218,1.14221,110,8,0
2026-07-21 08:30:00,1.14221,1.14223,1.14206,1.14209,126,8,0
2026-07-21 08:35:00,1.14208,1.14222,1.14178,1.14209,185,8,0
2026-07-21 08:40:00,1.14211,1.14231,1.14207,1.14226,104,8,0
2026-07-21 08:45:00,1.14226,1.14233,1.14205,1.14209,115,8,0
2026-07-21 08:50:00,1.14209,1.14224,1.14206,1.1421000000000001,107,8,0
2026-07-21 08:55:00,1.14212,1.14214,1.142,1.14203,105,8,0
2026-07-21 09:00:00,1.14206,1.14228,1.14205,1.14219,106,8,0
2026-07-21 09:05:00,1.14219,1.14227,1.14216,1.14218,95,8,0
2026-07-21 09:10:00,1.14218,1.14221,1.14205,1.14218,79,8,0
2026-07-21 09:15:00,1.14218,1.14245,1.14218,1.14241,129,8,0
2026-07-21 09:20:00,1.14241,1.14247,1.14221,1.14223,96,8,0
2026-07-21 09:25:00,1.14223,1.14227,1.14203,1.14208,126,8,0
2026-07-21 09:30:00,1.14208,1.14231,1.14199,1.14228,128,8,0
2026-07-21 09:35:00,1.14228,1.14284,1.14223,1.14249,166,8,0
2026-07-21 09:40:00,1.14249,1.14251,1.14229,1.1423,158,8,0
2026-07-21 09:45:00,1.1423,1.14242,1.14223,1.1424,106,8,0
2026-07-21 09:50:00,1.14238,1.14253,1.14236,1.14247,120,8,0
2026-07-21 09:55:00,1.14246,1.14247,1.14221,1.14221,110,8,0
2026-07-21 10:00:00,1.14219,1.14241,1.14215,1.14224,155,8,0
2026-07-21 10:05:00,1.14225,1.14238,1.14218,1.14235,108,8,0
2026-07-21 10:10:00,1.14235,1.14274,1.14234,1.14241,215,8,0
2026-07-21 10:15:00,1.14241,1.14249,1.14235,1.14241,99,8,0
2026-07-21 10:20:00,1.14241,1.14251,1.14236,1.14247,88,8,0
2026-07-21 10:25:00,1.14246,1.1427,1.14246,1.14265,105,8,0
2026-07-21 10:30:00,1.14264,1.14274,1.1426,1.1427100000000001,90,8,0
2026-07-21 10:35:00,1.1427,1.1428099999999999,1.14256,1.14256,108,8,0
2026-07-21 10:40:00,1.14256,1.14258,1.14238,1.14245,103,8,0
2026-07-21 10:45:00,1.1424400000000001,1.1424400000000001,1.14221,1.14222,103,8,0
2026-07-21 10:50:00,1.14222,1.14223,1.14202,1.14217,118,8,0
2026-07-21 10:55:00,1.14217,1.14222,1.14196,1.14198,172,8,0
2026-07-21 11:00:00,1.14198,1.14208,1.14193,1.14201,166,8,0
2026-07-21 11:05:00,1.14201,1.14208,1.14168,1.14178,161,8,0
2026-07-21 11:10:00,1.14179,1.142,1.14162,1.14192,165,8,0
2026-07-21 11:15:00,1.14191,1.14212,1.14187,1.14198,152,8,0
2026-07-21 11:20:00,1.14197,1.14203,1.14179,1.14203,88,8,0
2026-07-21 11:25:00,1.14202,1.14209,1.1419,1.14199,109,8,0
2026-07-21 11:30:00,1.14199,1.14219,1.14196,1.14196,113,8,0
2026-07-21 11:35:00,1.14196,1.14225,1.14196,1.14222,96,8,0
2026-07-21 11:40:00,1.14222,1.14224,1.14206,1.14221,101,8,0
2026-07-21 11:45:00,1.14221,1.14221,1.14205,1.14215,97,8,0
2026-07-21 11:50:00,1.14216,1.1421999999999999,1.14174,1.14177,143,8,0
2026-07-21 11:55:00,1.14175,1.1419,1.14173,1.14187,152,8,0
2026-07-21 12:00:00,1.14187,1.14201,1.1415899999999999,1.1417,153,8,0
2026-07-21 12:05:00,1.14169,1.14197,1.14169,1.14171,146,8,0
2026-07-21 12:10:00,1.14171,1.14178,1.14156,1.14167,147,8,0
2026-07-21 12:15:00,1.14167,1.14175,1.14148,1.14171,202,8,0
2026-07-21 12:20:00,1.14169,1.14174,1.14161,1.14167,133,8,0
2026-07-21 12:25:00,1.14167,1.1417,1.14144,1.14153,165,8,0
2026-07-21 12:30:00,1.14153,1.14184,1.14152,1.14176,192,8,0
2026-07-21 12:35:00,1.14176,1.14179,1.14158,1.14166,130,8,0
2026-07-21 12:40:00,1.14167,1.14168,1.14129,1.1414900000000001,185,8,0
2026-07-21 12:45:00,1.14148,1.14181,1.14148,1.14178,140,8,0
2026-07-21 12:50:00,1.14178,1.14178,1.14147,1.14163,179,8,0
2026-07-21 12:55:00,1.14165,1.14174,1.14146,1.14167,147,8,0
2026-07-21 13:00:00,1.14166,1.14171,1.14134,1.14157,176,8,0
2026-07-21 13:05:00,1.14157,1.14172,1.14154,1.14154,160,8,0
2026-07-21 13:10:00,1.14154,1.14178,1.14153,1.14163,102,8,0
2026-07-21 13:15:00,1.14163,1.14165,1.14123,1.14131,164,8,0
2026-07-21 13:20:00,1.14131,1.14139,1.14104,1.14109,186,8,0
2026-07-21 13:25:00,1.1411,1.14111,1.1409,1.14103,164,8,0
2026-07-21 13:30:00,1.14105,1.14132,1.14097,1.14114,251,8,0
2026-07-21 13:35:00,1.14112,1.14115,1.14055,1.14072,234,8,0
2026-07-21 13:40:00,1.1407,1.14083,1.14051,1.1406100000000001,248,8,0
2026-07-21 13:45:00,1.1406100000000001,1.14121,1.14056,1.14117,249,8,0
2026-07-21 13:50:00,1.14117,1.14118,1.14083,1.14105,213,8,0
2026-07-21 13:55:00,1.14105,1.14118,1.14097,1.14111,194,8,0
2026-07-21 14:00:00,1.14112,1.14148,1.14108,1.14143,173,8,0
2026-07-21 14:05:00,1.14144,1.14166,1.14144,1.14146,204,8,0
2026-07-21 14:10:00,1.14143,1.14193,1.14141,1.14186,191,8,0
2026-07-21 14:15:00,1.14185,1.14185,1.14142,1.14144,168,8,0
2026-07-21 14:20:00,1.14146,1.14154,1.1412499999999999,1.14132,194,8,0
2026-07-21 14:25:00,1.14131,1.14141,1.14094,1.14099,184,8,0
2026-07-21 14:30:00,1.14096,1.14108,1.14056,1.14058,218,8,0
2026-07-21 14:35:00,1.14058,1.14066,1.14033,1.1405,195,8,0
2026-07-21 14:40:00,1.1405,1.14082,1.1405,1.14077,176,8,0
2026-07-21 14:45:00,1.14076,1.14086,1.14039,1.14062,209,8,0
2026-07-21 14:50:00,1.14062,1.14062,1.14021,1.14044,222,8,0
2026-07-21 14:55:00,1.14042,1.14068,1.14038,1.14056,367,8,0
2026-07-21 15:00:00,1.14056,1.14057,1.14029,1.14046,238,8,0
2026-07-21 15:05:00,1.14046,1.14056,1.14025,1.14039,171,8,0
2026-07-21 15:10:00,1.14041,1.1406100000000001,1.1404,1.14051,106,8,0
2026-07-21 15:15:00,1.14051,1.14085,1.14049,1.14085,206,8,0
2026-07-21 15:20:00,1.14083,1.14106,1.14073,1.14089,227,8,0
2026-07-21 15:25:00,1.14089,1.1411,1.14083,1.14085,160,8,0
2026-07-21 15:30:00,1.14085,1.14106,1.14072,1.14106,207,8,0
2026-07-21 15:35:00,1.14105,1.14113,1.14072,1.14073,178,8,0
2026-07-21 15:40:00,1.14073,1.14079,1.14054,1.14054,167,8,0
2026-07-21 15:45:00,1.14055,1.1406399999999999,1.14035,1.14041,119,8,0
2026-07-21 15:50:00,1.14041,1.14059,1.14041,1.14052,126,8,0
2026-07-21 15:55:00,1.14052,1.14071,1.14047,1.14069,105,8,0
2026-07-21 16:00:00,1.14071,1.14081,1.1406399999999999,1.1408,100,8,0
2026-07-21 16:05:00,1.14081,1.14089,1.14075,1.14081,114,8,0
2026-07-21 16:10:00,1.14081,1.14093,1.14072,1.14077,105,8,0
2026-07-21 16:15:00,1.14077,1.14081,1.1407,1.14075,81,8,0
2026-07-21 16:20:00,1.14075,1.1408800000000001,1.1407,1.1408,83,8,0
2026-07-21 16:25:00,1.1408,1.14083,1.14069,1.14078,82,8,0
2026-07-21 16:30:00,1.14076,1.14091,1.14065,1.14076,93,8,0
2026-07-21 16:35:00,1.14076,1.14082,1.1407,1.1408,84,8,0
2026-07-21 16:40:00,1.1408,1.14104,1.1408,1.14095,112,8,0
2026-07-21 16:45:00,1.14095,1.14096,1.14085,1.14092,78,8,0
2026-07-21 16:50:00,1.14092,1.14092,1.14073,1.14077,61,8,0
2026-07-21 16:55:00,1.14077,1.1409,1.14074,1.14078,91,8,0
2026-07-21 17:00:00,1.14078,1.14092,1.14073,1.14075,104,8,0
2026-07-21 17:05:00,1.14075,1.14078,1.14067,1.14071,72,8,0
2026-07-21 17:10:00,1.1407,1.14091,1.14068,1.14086,102,8,0
2026-07-21 17:15:00,1.14086,1.14087,1.14074,1.14081,64,8,0
2026-07-21 17:20:00,1.14081,1.14091,1.14081,1.1409,30,8,0
2026-07-21 17:25:00,1.1409,1.141,1.1408800000000001,1.14099,54,8,0
2026-07-21 17:30:00,1.14099,1.14101,1.14089,1.1409,43,8,0
2026-07-21 17:35:00,1.1409,1.1409,1.14078,1.14079,72,8,0
2026-07-21 17:40:00,1.14079,1.14079,1.14065,1.14075,60,8,0
2026-07-21 17:45:00,1.14075,1.14075,1.1406100000000001,1.14066,54,8,0
2026-07-21 17:50:00,1.14066,1.1408,1.1406399999999999,1.14075,51,8,0
2026-07-21 17:55:00,1.14075,1.14076,1.1406100000000001,1.14063,83,8,0
2026-07-21 18:00:00,1.1406399999999999,1.1406399999999999,1.14025,1.14025,101,8,0
2026-07-21 18:05:00,1.14024,1.14035,1.14006,1.14034,162,8,0
2026-07-21 18:10:00,1.14033,1.1404,1.14014,1.14016,84,8,0
2026-07-21 18:15:00,1.14014,1.14017,1.1400000000000001,1.1400299999999999,56,8,0
2026-07-21 18:20:00,1.1400299999999999,1.14005,1.13982,1.14001,122,8,0
2026-07-21 18:25:00,1.14002,1.14031,1.14002,1.14023,94,8,0
2026-07-21 18:30:00,1.14021,1.14026,1.13997,1.13998,88,8,0
2026-07-21 18:35:00,1.13998,1.1400000000000001,1.13988,1.1400000000000001,94,8,0
2026-07-21 18:40:00,1.1400000000000001,1.14012,1.13997,1.14009,72,8,0
2026-07-21 18:45:00,1.14008,1.14021,1.14005,1.14011,78,8,0
2026-07-21 18:50:00,1.14011,1.14022,1.14005,1.14015,70,8,0
2026-07-21 18:55:00,1.14015,1.14026,1.14008,1.14026,106,8,0
2026-07-21 19:00:00,1.1402700000000001,1.1403699999999999,1.14016,1.14019,93,8,0
2026-07-21 19:05:00,1.14018,1.14026,1.14014,1.14016,77,8,0
2026-07-21 19:10:00,1.14016,1.14028,1.14005,1.14015,91,8,0
2026-07-21 19:15:00,1.14015,1.14021,1.14014,1.14018,59,8,0
2026-07-21 19:20:00,1.14017,1.14035,1.14017,1.14031,80,8,0
2026-07-21 19:25:00,1.14031,1.1403699999999999,1.14023,1.1402700000000001,60,8,0
2026-07-21 19:30:00,1.1402700000000001,1.14031,1.14021,1.1402700000000001,53,8,0
2026-07-21 19:35:00,1.1402700000000001,1.1402700000000001,1.13999,1.14009,89,8,0
2026-07-21 19:40:00,1.14009,1.14017,1.14007,1.14009,54,8,0
2026-07-21 19:45:00,1.14007,1.14018,1.14005,1.14016,56,8,0
2026-07-21 19:50:00,1.14015,1.1402700000000001,1.14012,1.14025,80,8,0
2026-07-21 19:55:00,1.14025,1.14025,1.1401,1.14012,117,8,0
2026-07-21 20:00:00,1.14013,1.14025,1.14006,1.14023,70,8,0
2026-07-21 20:05:00,1.14023,1.14028,1.14012,1.14012,34,8,0
2026-07-21 20:10:00,1.14012,1.14015,1.14008,1.14009,29,8,0
2026-07-21 20:15:00,1.14009,1.14009,1.13996,1.13998,35,8,0
2026-07-21 20:20:00,1.13997,1.14004,1.13993,1.14004,33,8,0
2026-07-21 20:25:00,1.1400299999999999,1.14009,1.1400000000000001,1.14007,34,8,0
2026-07-21 20:30:00,1.14007,1.1401,1.1400299999999999,1.14005,38,8,0
2026-07-21 20:35:00,1.14005,1.14008,1.14004,1.14006,31,8,0
2026-07-21 20:40:00,1.14006,1.1401,1.14002,1.14004,41,8,0
2026-07-21 20:45:00,1.14004,1.14012,1.14002,1.1400299999999999,49,8,0
2026-07-21 20:50:00,1.1400299999999999,1.14005,1.13984,1.13985,47,8,0
2026-07-21 20:55:00,1.13986,1.13988,1.13949,1.13949,68,8,0
2026-07-21 21:00:00,1.13968,1.13973,1.13959,1.13973,5,20,0
2026-07-21 21:05:00,1.13973,1.13974,1.13953,1.13965,27,20,0
2026-07-21 21:10:00,1.13964,1.13964,1.13955,1.13957,22,48,0
2026-07-21 21:15:00,1.13956,1.1396600000000001,1.13956,1.13964,11,48,0
2026-07-21 21:20:00,1.13965,1.1396600000000001,1.13958,1.13963,14,48,0
2026-07-21 21:25:00,1.13962,1.13965,1.13956,1.13965,15,48,0
2026-07-21 21:30:00,1.13964,1.13979,1.13964,1.13969,27,20,0
2026-07-21 21:35:00,1.1397,1.13973,1.13962,1.13973,33,48,0
2026-07-21 21:40:00,1.13973,1.1397599999999999,1.13962,1.1397,41,48,0
2026-07-21 21:45:00,1.13971,1.13981,1.1397,1.13974,22,59,0
2026-07-21 21:50:00,1.13975,1.13988,1.13973,1.13988,18,50,0
2026-07-21 21:55:00,1.13991,1.14001,1.1398,1.14001,15,20,0
2026-07-21 22:00:00,1.1400000000000001,1.14009,1.13991,1.13993,61,8,0
2026-07-21 22:05:00,1.13993,1.13995,1.13993,1.13995,13,8,0
2026-07-21 22:10:00,1.13995,1.13999,1.13987,1.13989,58,8,0
2026-07-21 22:15:00,1.13989,1.1399,1.13987,1.1399,22,8,0
2026-07-21 22:20:00,1.1399,1.13994,1.1399,1.1399,13,8,0
2026-07-21 22:25:00,1.1399,1.1400299999999999,1.13989,1.13999,27,8,0
2026-07-21 22:30:00,1.13999,1.1400000000000001,1.13993,1.13998,32,8,0
2026-07-21 22:35:00,1.13998,1.14001,1.13992,1.13995,32,8,0
2026-07-21 22:40:00,1.13994,1.13997,1.13992,1.13996,31,8,0
2026-07-21 22:45:00,1.13996,1.13998,1.13989,1.13992,27,8,0
2026-07-21 22:50:00,1.13992,1.13994,1.13989,1.13991,30,8,0
2026-07-21 22:55:00,1.13991,1.13991,1.13989,1.13989,16,8,0
2026-07-21 23:00:00,1.13989,1.13994,1.13982,1.13985,29,8,0
2026-07-21 23:05:00,1.13986,1.13992,1.13978,1.13989,37,8,0
2026-07-21 23:10:00,1.13989,1.1399,1.13985,1.13989,25,8,0
2026-07-21 23:15:00,1.1399,1.13994,1.13989,1.13994,32,8,0
2026-07-21 23:20:00,1.13994,1.13994,1.13984,1.13988,22,8,0
2026-07-21 23:25:00,1.13988,1.13993,1.13987,1.13989,21,8,0
2026-07-21 23:30:00,1.13988,1.13996,1.13988,1.13995,21,8,0
2026-07-21 23:35:00,1.13995,1.14001,1.13994,1.13999,25,8,0
2026-07-21 23:40:00,1.13999,1.14006,1.13992,1.14004,44,8,0
2026-07-21 23:45:00,1.14004,1.14005,1.13998,1.14001,35,8,0
2026-07-21 23:50:00,1.14001,1.14016,1.13995,1.14015,59,8,0
2026-07-21 23:55:00,1.14015,1.14021,1.14013,1.14019,53,8,0
2026-07-22 00:00:00,1.14021,1.14036,1.14008,1.14034,113,8,0
2026-07-22 00:05:00,1.14034,1.14035,1.14012,1.14024,127,8,0
2026-07-22 00:10:00,1.14024,1.1403699999999999,1.14021,1.14033,94,8,0
2026-07-22 00:15:00,1.14035,1.14053,1.1403,1.14052,122,8,0
2026-07-22 00:20:00,1.14053,1.14066,1.1405,1.14058,126,8,0
2026-07-22 00:25:00,1.14058,1.14065,1.14056,1.14062,71,8,0
2026-07-22 00:30:00,1.14062,1.14067,1.14051,1.14054,108,8,0
2026-07-22 00:35:00,1.14054,1.14056,1.14026,1.14029,126,8,0
2026-07-22 00:40:00,1.14028,1.14033,1.14023,1.14031,86,8,0
2026-07-22 00:45:00,1.1403,1.14035,1.14022,1.14029,93,8,0
2026-07-22 00:50:00,1.14029,1.14035,1.14018,1.1402,139,8,0
2026-07-22 00:55:00,1.14023,1.14041,1.14013,1.1403699999999999,120,8,0
2026-07-22 01:00:00,1.14039,1.1406,1.14035,1.14048,145,8,0
2026-07-22 01:05:00,1.14048,1.14063,1.14048,1.1406100000000001,89,8,0
2026-07-22 01:10:00,1.1406,1.1406,1.14052,1.14055,65,8,0
2026-07-22 01:15:00,1.14055,1.1406,1.14032,1.14033,76,8,0
2026-07-22 01:20:00,1.14033,1.14044,1.14021,1.14024,83,8,0
2026-07-22 01:25:00,1.14024,1.14034,1.14021,1.14034,86,8,0
2026-07-22 01:30:00,1.14035,1.14035,1.13992,1.13998,138,8,0
2026-07-22 01:35:00,1.13998,1.14006,1.13984,1.14004,94,8,0
2026-07-22 01:40:00,1.14004,1.1401,1.13999,1.14009,62,8,0
2026-07-22 01:45:00,1.14009,1.14023,1.14008,1.1402,75,8,0
2026-07-22 01:50:00,1.1402,1.14024,1.14013,1.14022,62,8,0
2026-07-22 01:55:00,1.1402,1.14028,1.14016,1.14026,70,8,0
2026-07-22 02:00:00,1.14026,1.14031,1.14007,1.14017,106,8,0
2026-07-22 02:05:00,1.14017,1.14026,1.14009,1.14026,73,8,0
2026-07-22 02:10:00,1.14026,1.14045,1.14023,1.14043,84,8,0
2026-07-22 02:15:00,1.14043,1.14045,1.14036,1.14038,42,8,0
2026-07-22 02:20:00,1.14038,1.14059,1.14038,1.14057,63,8,0
2026-07-22 02:25:00,1.14057,1.14096,1.14056,1.14074,134,8,0
2026-07-22 02:30:00,1.14074,1.1408,1.1406100000000001,1.14072,109,8,0
2026-07-22 02:35:00,1.14072,1.14072,1.14057,1.14062,57,8,0
2026-07-22 02:40:00,1.14062,1.14076,1.1406100000000001,1.14067,86,8,0
2026-07-22 02:45:00,1.14067,1.14069,1.14053,1.14053,72,8,0
2026-07-22 02:50:00,1.14053,1.14065,1.14051,1.14065,46,8,0
2026-07-22 02:55:00,1.14066,1.1408,1.14052,1.14053,96,8,0
2026-07-22 03:00:00,1.14053,1.14068,1.1405,1.1406399999999999,105,8,0
2026-07-22 03:05:00,1.1406399999999999,1.1407,1.14049,1.1405,76,8,0
2026-07-22 03:10:00,1.1405,1.14058,1.14038,1.14052,89,8,0
2026-07-22 03:15:00,1.14052,1.14066,1.14051,1.1406,69,8,0
2026-07-22 03:20:00,1.1406,1.14066,1.14056,1.1406399999999999,59,8,0
2026-07-22 03:25:00,1.1406399999999999,1.14075,1.14063,1.14074,62,8,0
2026-07-22 03:30:00,1.14074,1.14074,1.14059,1.14065,69,8,0
2026-07-22 03:35:00,1.14065,1.14066,1.14054,1.1406100000000001,54,8,0
2026-07-22 03:40:00,1.1406100000000001,1.1406399999999999,1.14056,1.14058,51,8,0
2026-07-22 03:45:00,1.14058,1.14066,1.14054,1.14059,59,8,0
2026-07-22 03:50:00,1.14059,1.14062,1.14053,1.14056,42,8,0
2026-07-22 03:55:00,1.14055,1.1407,1.14053,1.14069,56,8,0
2026-07-22 04:00:00,1.14069,1.14071,1.1406,1.1406100000000001,70,8,0
2026-07-22 04:05:00,1.1406100000000001,1.14069,1.14059,1.14063,51,8,0
2026-07-22 04:10:00,1.14063,1.14063,1.14046,1.14054,73,8,0
2026-07-22 04:15:00,1.14054,1.1406399999999999,1.14054,1.14057,41,8,0
2026-07-22 04:20:00,1.14057,1.1406399999999999,1.14051,1.14062,44,8,0
2026-07-22 04:25:00,1.14062,1.1407,1.14057,1.1407,47,8,0
2026-07-22 04:30:00,1.1407,1.14075,1.14068,1.14074,35,8,0
2026-07-22 04:35:00,1.14074,1.14074,1.14067,1.1407,29,8,0
2026-07-22 04:40:00,1.1407,1.14084,1.1407,1.1408,47,8,0
2026-07-22 04:45:00,1.1408,1.1408,1.14072,1.14072,40,8,0
2026-07-22 04:50:00,1.14072,1.14074,1.14068,1.14072,38,8,0
2026-07-22 04:55:00,1.14072,1.14081,1.1407,1.14081,53,8,0
2026-07-22 05:00:00,1.14082,1.14091,1.14074,1.14087,84,8,0
2026-07-22 05:05:00,1.14087,1.14089,1.14075,1.14077,73,8,0
2026-07-22 05:10:00,1.14077,1.14089,1.14071,1.14076,76,8,0
2026-07-22 05:15:00,1.14076,1.14079,1.14068,1.14076,58,8,0
2026-07-22 05:20:00,1.14075,1.14092,1.14075,1.14082,67,8,0
2026-07-22 05:25:00,1.14082,1.14085,1.14066,1.14067,74,8,0
2026-07-22 05:30:00,1.14067,1.14069,1.1405,1.14057,93,8,0
2026-07-22 05:35:00,1.14057,1.14066,1.14057,1.14066,67,8,0
2026-07-22 05:40:00,1.14065,1.14071,1.14051,1.14068,91,8,0
2026-07-22 05:45:00,1.14068,1.14068,1.14056,1.1406100000000001,70,8,0
2026-07-22 05:50:00,1.1406100000000001,1.1408,1.14058,1.14072,106,8,0
2026-07-22 05:55:00,1.14072,1.14094,1.14066,1.14091,127,8,0
2026-07-22 06:00:00,1.14089,1.14133,1.14082,1.14117,245,8,0
2026-07-22 06:05:00,1.14117,1.14117,1.14096,1.14102,137,8,0
2026-07-22 06:10:00,1.14102,1.14119,1.14093,1.14106,125,8,0
2026-07-22 06:15:00,1.14106,1.14113,1.14099,1.14107,126,8,0
2026-07-22 06:20:00,1.14109,1.14119,1.14099,1.14101,157,8,0
2026-07-22 06:25:00,1.14102,1.14105,1.14071,1.14077,161,8,0
2026-07-22 06:30:00,1.14079,1.14107,1.14066,1.14101,160,8,0
2026-07-22 06:35:00,1.14101,1.14111,1.14084,1.14086,125,8,0
2026-07-22 06:40:00,1.14086,1.14114,1.14083,1.14108,103,8,0
2026-07-22 06:45:00,1.14108,1.14119,1.14097,1.1411,107,8,0
2026-07-22 06:50:00,1.14111,1.14115,1.14091,1.14101,118,8,0
2026-07-22 06:55:00,1.1409799999999999,1.14117,1.14079,1.14115,190,8,0
2026-07-22 07:00:00,1.14117,1.14119,1.14081,1.1409799999999999,170,8,0
2026-07-22 07:05:00,1.14095,1.14115,1.14086,1.14114,122,8,0
2026-07-22 07:10:00,1.14112,1.14127,1.14106,1.14121,120,8,0
2026-07-22 07:15:00,1.14121,1.14134,1.14104,1.1413,141,8,0
2026-07-22 07:20:00,1.14132,1.14147,1.14118,1.14118,153,8,0
2026-07-22 07:25:00,1.14118,1.14133,1.14115,1.14127,132,8,0
2026-07-22 07:30:00,1.14124,1.14179,1.14124,1.14135,359,8,0
2026-07-22 07:35:00,1.14134,1.1414900000000001,1.14106,1.14108,176,8,0
2026-07-22 07:40:00,1.14107,1.14112,1.14053,1.1406399999999999,199,8,0
2026-07-22 07:45:00,1.1406399999999999,1.14066,1.1403,1.14055,198,8,0
2026-07-22 07:50:00,1.14055,1.14094,1.14051,1.14092,190,8,0
2026-07-22 07:55:00,1.14092,1.14106,1.14084,1.14089,139,8,0
2026-07-22 08:00:00,1.1408800000000001,1.14097,1.14068,1.14075,204,8,0
2026-07-22 08:05:00,1.14073,1.14078,1.1405,1.1406399999999999,184,8,0
2026-07-22 08:10:00,1.14063,1.1407,1.14048,1.14049,188,8,0
2026-07-22 08:15:00,1.14049,1.14065,1.14035,1.14052,156,8,0
2026-07-22 08:20:00,1.14051,1.14087,1.14047,1.14085,132,8,0
2026-07-22 08:25:00,1.14085,1.14094,1.14059,1.14078,139,8,0
2026-07-22 08:30:00,1.14079,1.14115,1.14079,1.1409799999999999,156,8,0
2026-07-22 08:35:00,1.1409799999999999,1.14112,1.14094,1.14101,130,8,0
2026-07-22 08:40:00,1.141,1.1412,1.141,1.14108,116,8,0
2026-07-22 08:45:00,1.14108,1.14117,1.14085,1.14089,153,8,0
2026-07-22 08:50:00,1.1408800000000001,1.14091,1.14078,1.14087,112,8,0
2026-07-22 08:55:00,1.14087,1.141,1.1408,1.14096,130,8,0
2026-07-22 09:00:00,1.14094,1.14115,1.14094,1.14109,156,8,0
2026-07-22 09:05:00,1.14109,1.14119,1.14097,1.14112,127,8,0
2026-07-22 09:10:00,1.14111,1.14113,1.14077,1.14091,111,8,0
2026-07-22 09:15:00,1.14091,1.14097,1.1408,1.14093,108,8,0
2026-07-22 09:20:00,1.14094,1.14097,1.14072,1.14086,131,8,0
2026-07-22 09:25:00,1.14086,1.14092,1.14077,1.14087,91,8,0
2026-07-22 09:30:00,1.14087,1.14131,1.1408,1.14124,153,8,0
2026-07-22 09:35:00,1.14123,1.14124,1.14107,1.14108,136,8,0
2026-07-22 09:40:00,1.14108,1.14112,1.14081,1.14083,135,8,0
2026-07-22 09:45:00,1.14083,1.1409,1.1406399999999999,1.14068,156,8,0
2026-07-22 09:50:00,1.14066,1.14066,1.14042,1.1406,143,8,0
2026-07-22 09:55:00,1.1406100000000001,1.14066,1.14039,1.14044,140,8,0
2026-07-22 10:00:00,1.14044,1.14057,1.1401,1.14014,164,8,0
2026-07-22 10:05:00,1.14014,1.1403,1.14001,1.14013,140,8,0
2026-07-22 10:10:00,1.14013,1.14036,1.14013,1.14026,114,8,0
2026-07-22 10:15:00,1.1402700000000001,1.14054,1.14017,1.14054,127,8,0
2026-07-22 10:20:00,1.14054,1.14072,1.14053,1.14062,141,8,0
2026-07-22 10:25:00,1.14062,1.14062,1.14046,1.14047,92,8,0
2026-07-22 10:30:00,1.14047,1.14059,1.14039,1.14048,113,8,0
2026-07-22 10:35:00,1.14048,1.14055,1.14033,1.14047,129,8,0
2026-07-22 10:40:00,1.14047,1.14048,1.14029,1.14048,107,8,0
2026-07-22 10:45:00,1.14049,1.14057,1.14041,1.14056,110,8,0
2026-07-22 10:50:00,1.14056,1.14066,1.14049,1.14051,129,8,0
2026-07-22 10:55:00,1.14051,1.14062,1.14024,1.14033,180,8,0
2026-07-22 11:00:00,1.14035,1.14045,1.14021,1.14028,197,8,0
2026-07-22 11:05:00,1.14028,1.14042,1.14023,1.14042,130,8,0
2026-07-22 11:10:00,1.14041,1.14045,1.14036,1.14042,109,8,0
2026-07-22 11:15:00,1.14042,1.1406,1.14029,1.14032,141,8,0
2026-07-22 11:20:00,1.14032,1.14052,1.14031,1.14038,104,8,0
2026-07-22 11:25:00,1.14038,1.14041,1.14021,1.14035,113,8,0
2026-07-22 11:30:00,1.14035,1.14059,1.14034,1.14049,133,8,0
2026-07-22 11:35:00,1.14049,1.1406,1.1404,1.14059,139,8,0
2026-07-22 11:40:00,1.14059,1.1406100000000001,1.14028,1.14046,278,8,0
2026-07-22 11:45:00,1.14044,1.1407,1.14035,1.1405,170,8,0
2026-07-22 11:50:00,1.1405,1.14059,1.14041,1.14047,149,8,0
2026-07-22 11:55:00,1.14046,1.14067,1.14042,1.1406399999999999,161,8,0
2026-07-22 12:00:00,1.14066,1.1409,1.1406100000000001,1.14078,215,8,0
2026-07-22 12:05:00,1.14078,1.1409799999999999,1.14069,1.14073,171,8,0
2026-07-22 12:10:00,1.14074,1.14112,1.14074,1.14112,133,8,0
2026-07-22 12:15:00,1.14111,1.14113,1.14092,1.141,171,8,0
2026-07-22 12:20:00,1.14102,1.14105,1.14084,1.14089,143,8,0
2026-07-22 12:25:00,1.14089,1.14103,1.14086,1.14096,138,8,0
2026-07-22 12:30:00,1.14096,1.14134,1.14096,1.14124,132,8,0
2026-07-22 12:35:00,1.14123,1.14133,1.14113,1.14118,129,8,0
2026-07-22 12:40:00,1.14118,1.14118,1.14103,1.14107,129,8,0
2026-07-22 12:45:00,1.14108,1.14111,1.14063,1.1408,185,8,0
2026-07-22 12:50:00,1.14081,1.14104,1.14077,1.141,132,8,0
2026-07-22 12:55:00,1.141,1.141,1.14036,1.14075,297,8,0
2026-07-22 13:00:00,1.14075,1.14107,1.14069,1.14096,194,8,0
2026-07-22 13:05:00,1.14096,1.14121,1.1409,1.14116,141,8,0
2026-07-22 13:10:00,1.14117,1.14121,1.14092,1.14097,148,8,0
2026-07-22 13:15:00,1.14096,1.14124,1.14085,1.1412,155,8,0
2026-07-22 13:20:00,1.14118,1.14157,1.14108,1.14154,223,8,0
2026-07-22 13:25:00,1.14153,1.14166,1.14145,1.1414900000000001,171,8,0
2026-07-22 13:30:00,1.1415,1.14212,1.1415,1.14162,256,8,0
2026-07-22 13:35:00,1.14161,1.14188,1.14152,1.14169,186,8,0
2026-07-22 13:40:00,1.14168,1.14188,1.14155,1.14173,212,8,0
2026-07-22 13:45:00,1.14172,1.14181,1.1414900000000001,1.1415,212,8,0
2026-07-22 13:50:00,1.14151,1.14171,1.1414,1.14155,231,8,0
2026-07-22 13:55:00,1.14156,1.14157,1.14116,1.14132,212,8,0
2026-07-22 14:00:00,1.14132,1.1415,1.14128,1.14139,223,8,0
2026-07-22 14:05:00,1.14139,1.14143,1.14104,1.14115,223,8,0
2026-07-22 14:10:00,1.14115,1.14171,1.14107,1.1416,208,8,0
2026-07-22 14:15:00,1.1416,1.14181,1.14154,1.14154,188,8,0
2026-07-22 14:20:00,1.14154,1.1417,1.14124,1.14133,189,8,0
2026-07-22 14:25:00,1.14131,1.14135,1.14105,1.1411,188,8,0
2026-07-22 14:30:00,1.14109,1.1413,1.14096,1.14124,217,8,0
2026-07-22 14:35:00,1.1412499999999999,1.14127,1.14102,1.1412,163,8,0
2026-07-22 14:40:00,1.1412,1.14124,1.14101,1.14108,198,8,0
2026-07-22 14:45:00,1.14108,1.14121,1.141,1.14117,177,8,0
2026-07-22 14:50:00,1.14116,1.14126,1.14101,1.14116,212,8,0
2026-07-22 14:55:00,1.14115,1.14115,1.14074,1.14089,273,8,0
2026-07-22 15:00:00,1.1409,1.14111,1.1408,1.14099,236,8,0
2026-07-22 15:05:00,1.14099,1.1411,1.14093,1.14107,147,8,0
2026-07-22 15:10:00,1.14107,1.14112,1.14093,1.14093,149,8,0
2026-07-22 15:15:00,1.14094,1.14105,1.14079,1.14089,124,8,0
2026-07-22 15:20:00,1.1409,1.14128,1.1409,1.1412,125,8,0
2026-07-22 15:25:00,1.14121,1.14136,1.1412,1.14133,90,8,0
2026-07-22 15:30:00,1.14132,1.14134,1.1408,1.1408,177,8,0
2026-07-22 15:35:00,1.14081,1.14101,1.14072,1.14073,162,8,0
2026-07-22 15:40:00,1.14073,1.141,1.14071,1.141,133,8,0
2026-07-22 15:45:00,1.14101,1.14126,1.14091,1.14123,127,8,0
2026-07-22 15:50:00,1.1412499999999999,1.14131,1.14103,1.1411,172,8,0
2026-07-22 15:55:00,1.14109,1.14133,1.14093,1.14132,155,8,0
2026-07-22 16:00:00,1.14132,1.14138,1.14112,1.14112,134,8,0
2026-07-22 16:05:00,1.14113,1.14117,1.1408800000000001,1.14095,135,8,0
2026-07-22 16:10:00,1.14095,1.14097,1.14059,1.14071,134,8,0
2026-07-22 16:15:00,1.14071,1.14081,1.14058,1.14077,152,8,0
2026-07-22 16:20:00,1.14077,1.14104,1.14072,1.14103,126,8,0
2026-07-22 16:25:00,1.14103,1.14113,1.14089,1.14103,125,8,0
2026-07-22 16:30:00,1.14104,1.14118,1.14084,1.14085,154,8,0
2026-07-22 16:35:00,1.14087,1.141,1.14074,1.14076,135,8,0
2026-07-22 16:40:00,1.14076,1.14087,1.14073,1.14081,97,8,0
2026-07-22 16:45:00,1.14084,1.14092,1.14072,1.14089,101,8,0
2026-07-22 16:50:00,1.1409,1.14092,1.14085,1.1408800000000001,56,8,0
2026-07-22 16:55:00,1.1408800000000001,1.14096,1.14083,1.1409,97,8,0
2026-07-22 17:00:00,1.14089,1.14101,1.14085,1.141,117,8,0
2026-07-22 17:05:00,1.14101,1.14108,1.14099,1.14105,74,8,0
2026-07-22 17:10:00,1.14104,1.14121,1.14104,1.14112,71,8,0
2026-07-22 17:15:00,1.14111,1.14123,1.14103,1.14107,121,8,0
2026-07-22 17:20:00,1.14106,1.1412200000000001,1.14102,1.1411,145,8,0
2026-07-22 17:25:00,1.1411,1.1412,1.14105,1.1411,85,8,0
2026-07-22 17:30:00,1.14109,1.1411,1.14094,1.14096,74,8,0
2026-07-22 17:35:00,1.14096,1.1409799999999999,1.14081,1.14086,83,8,0
2026-07-22 17:40:00,1.14085,1.14097,1.14076,1.14095,76,8,0
2026-07-22 17:45:00,1.14095,1.14102,1.1409,1.14101,57,8,0
2026-07-22 17:50:00,1.14101,1.1411,1.14094,1.14094,74,8,0
2026-07-22 17:55:00,1.14092,1.14101,1.14085,1.14097,87,8,0
2026-07-22 18:00:00,1.14097,1.14103,1.14087,1.14093,84,8,0
2026-07-22 18:05:00,1.1409,1.14095,1.14081,1.14081,74,8,0
2026-07-22 18:10:00,1.14081,1.14087,1.14078,1.14085,64,8,0
2026-07-22 18:15:00,1.14085,1.14092,1.14082,1.14092,57,8,0
2026-07-22 18:20:00,1.1409,1.14103,1.1408800000000001,1.1409799999999999,83,8,0
2026-07-22 18:25:00,1.1409799999999999,1.14105,1.14095,1.14101,86,8,0
2026-07-22 18:30:00,1.14101,1.14102,1.1408800000000001,1.14095,72,8,0
2026-07-22 18:35:00,1.14095,1.14108,1.14091,1.14107,67,8,0
2026-07-22 18:40:00,1.14107,1.14107,1.14087,1.1409,60,8,0
2026-07-22 18:45:00,1.1409,1.14097,1.14089,1.14096,58,8,0
2026-07-22 18:50:00,1.14096,1.14103,1.1408800000000001,1.141,71,8,0
2026-07-22 18:55:00,1.141,1.14107,1.1409799999999999,1.14106,79,8,0
2026-07-22 19:00:00,1.14105,1.14115,1.141,1.14113,87,8,0
2026-07-22 19:05:00,1.14113,1.14118,1.14101,1.14102,54,8,0
2026-07-22 19:10:00,1.14102,1.14102,1.14092,1.14094,40,8,0
2026-07-22 19:15:00,1.14094,1.14106,1.14093,1.14106,40,8,0
2026-07-22 19:20:00,1.14106,1.14114,1.14104,1.1411,51,8,0
2026-07-22 19:25:00,1.1411,1.1411,1.14104,1.14109,57,8,0
2026-07-22 19:30:00,1.14107,1.14109,1.14101,1.14106,56,8,0
2026-07-22 19:35:00,1.14106,1.1411,1.14099,1.14104,53,8,0
2026-07-22 19:40:00,1.14104,1.14109,1.14103,1.14108,38,8,0
2026-07-22 19:45:00,1.1411,1.14116,1.14103,1.14105,64,8,0
2026-07-22 19:50:00,1.14105,1.14107,1.14096,1.141,62,8,0
2026-07-22 19:55:00,1.1409799999999999,1.14111,1.1409,1.14108,118,8,0
2026-07-22 20:00:00,1.14108,1.14123,1.14101,1.14107,134,8,0
2026-07-22 20:05:00,1.14106,1.14121,1.14104,1.14119,66,8,0
2026-07-22 20:10:00,1.14118,1.1412,1.14113,1.14114,40,8,0
2026-07-22 20:15:00,1.14113,1.14116,1.14111,1.14115,21,8,0
2026-07-22 20:20:00,1.14115,1.14121,1.14112,1.14115,43,8,0
2026-07-22 20:25:00,1.14115,1.14121,1.14112,1.14113,29,8,0
2026-07-22 20:30:00,1.14113,1.14115,1.14106,1.14109,42,8,0
2026-07-22 20:35:00,1.14109,1.14115,1.14104,1.14114,28,8,0
2026-07-22 20:40:00,1.14116,1.14121,1.14115,1.14118,18,8,0
2026-07-22 20:45:00,1.14118,1.1412,1.14111,1.14112,29,8,0
2026-07-22 20:50:00,1.14112,1.14118,1.14111,1.14116,40,8,0
2026-07-22 20:55:00,1.14114,1.14121,1.14102,1.14116,57,8,0
2026-07-22 21:00:00,1.1411,1.1411,1.14109,1.14109,2,20,0
2026-07-22 21:05:00,1.1411,1.14113,1.14078,1.14078,27,20,0
2026-07-22 21:10:00,1.14076,1.14078,1.14063,1.14066,30,59,0
2026-07-22 21:15:00,1.1406399999999999,1.1407,1.14062,1.1406399999999999,49,67,0
2026-07-22 21:20:00,1.14062,1.1406399999999999,1.14046,1.14055,53,79,0
2026-07-22 21:25:00,1.14056,1.1406,1.14047,1.14049,30,83,0
2026-07-22 21:30:00,1.14051,1.14068,1.14051,1.1406100000000001,45,72,0
2026-07-22 21:35:00,1.14062,1.14068,1.14057,1.14066,99,48,0
2026-07-22 21:40:00,1.14065,1.14075,1.14053,1.14074,50,20,0
2026-07-22 21:45:00,1.14074,1.14074,1.14059,1.1406100000000001,51,20,0
2026-07-22 21:50:00,1.1406100000000001,1.14063,1.14058,1.14062,34,83,0
2026-07-22 21:55:00,1.14062,1.14079,1.14062,1.14079,30,20,0
2026-07-22 22:00:00,1.14086,1.14093,1.1407,1.14081,89,8,0
2026-07-22 22:05:00,1.14081,1.14089,1.14077,1.14078,34,8,0
2026-07-22 22:10:00,1.14078,1.14078,1.14069,1.14076,37,8,0
2026-07-22 22:15:00,1.14077,1.1408,1.14071,1.14074,29,8,0
2026-07-22 22:20:00,1.14074,1.14078,1.14073,1.14077,27,8,0
2026-07-22 22:25:00,1.14077,1.14079,1.14074,1.14074,31,8,0
2026-07-22 22:30:00,1.14074,1.14079,1.14072,1.14074,47,8,0
2026-07-22 22:35:00,1.14074,1.14074,1.14066,1.14066,23,8,0
2026-07-22 22:40:00,1.14067,1.14067,1.14057,1.1406100000000001,38,8,0
2026-07-22 22:45:00,1.14062,1.14066,1.14058,1.14066,32,8,0
2026-07-22 22:50:00,1.14066,1.14077,1.14063,1.14076,38,8,0
2026-07-22 22:55:00,1.14076,1.14079,1.14072,1.14078,35,8,0
2026-07-22 23:00:00,1.14078,1.14089,1.14078,1.14083,59,8,0
2026-07-22 23:05:00,1.14083,1.14086,1.14082,1.14084,21,8,0
2026-07-22 23:10:00,1.14084,1.14092,1.14079,1.14089,51,8,0
2026-07-22 23:15:00,1.14089,1.1409799999999999,1.14086,1.1409799999999999,47,8,0
2026-07-22 23:20:00,1.1409799999999999,1.141,1.14093,1.14094,30,8,0
2026-07-22 23:25:00,1.14094,1.14099,1.14093,1.1409799999999999,27,8,0
2026-07-22 23:30:00,1.1409799999999999,1.14103,1.14096,1.14102,24,8,0
2026-07-22 23:35:00,1.141,1.14104,1.14096,1.14096,30,8,0
2026-07-22 23:40:00,1.14096,1.14107,1.14093,1.14104,32,8,0
2026-07-22 23:45:00,1.14105,1.1411,1.14096,1.14107,54,8,0
2026-07-22 23:50:00,1.14107,1.14107,1.14099,1.14102,38,8,0
2026-07-22 23:55:00,1.14102,1.14112,1.14102,1.14108,54,8,0
2026-07-23 00:00:00,1.1411,1.14133,1.1411,1.14128,137,8,0
2026-07-23 00:05:00,1.14129,1.1413,1.14119,1.1412200000000001,70,8,0
2026-07-23 00:10:00,1.1412200000000001,1.1412200000000001,1.14107,1.14109,53,8,0
2026-07-23 00:15:00,1.14109,1.14115,1.14101,1.14109,61,8,0
2026-07-23 00:20:00,1.14109,1.1413,1.14107,1.1413,88,8,0
2026-07-23 00:25:00,1.14132,1.14136,1.14114,1.14117,80,8,0
2026-07-23 00:30:00,1.14115,1.14123,1.14115,1.14119,67,8,0
2026-07-23 00:35:00,1.14119,1.14129,1.14119,1.1412499999999999,60,8,0
2026-07-23 00:40:00,1.1412499999999999,1.14134,1.1412200000000001,1.14131,51,8,0
2026-07-23 00:45:00,1.14131,1.1414,1.14118,1.14121,94,8,0
2026-07-23 00:50:00,1.14121,1.14141,1.14114,1.14136,98,8,0
2026-07-23 00:55:00,1.14139,1.14172,1.14131,1.14168,137,8,0
2026-07-23 01:00:00,1.14168,1.14202,1.14168,1.14171,190,8,0
2026-07-23 01:05:00,1.1417,1.1418300000000001,1.14166,1.1418,81,8,0
2026-07-23 01:10:00,1.1418,1.1418300000000001,1.14166,1.14169,91,8,0
2026-07-23 01:15:00,1.14169,1.14177,1.14162,1.14169,112,8,0
2026-07-23 01:20:00,1.14169,1.1418,1.14163,1.14172,78,8,0
2026-07-23 01:25:00,1.14171,1.14181,1.14169,1.14171,55,8,0
2026-07-23 01:30:00,1.14173,1.14197,1.14169,1.14194,198,8,0
2026-07-23 01:35:00,1.14194,1.14199,1.14168,1.14173,153,8,0
2026-07-23 01:40:00,1.14173,1.14195,1.14165,1.14172,125,8,0
2026-07-23 01:45:00,1.14172,1.14174,1.14156,1.14164,89,8,0
2026-07-23 01:50:00,1.14163,1.14177,1.14157,1.14168,96,8,0
2026-07-23 01:55:00,1.14169,1.14171,1.14155,1.1415899999999999,104,8,0
2026-07-23 02:00:00,1.14158,1.14175,1.14158,1.14171,90,8,0
2026-07-23 02:05:00,1.14172,1.14184,1.14165,1.14177,82,8,0
2026-07-23 02:10:00,1.14177,1.14181,1.14168,1.14178,68,8,0
2026-07-23 02:15:00,1.14178,1.1418300000000001,1.14172,1.14181,88,8,0
2026-07-23 02:20:00,1.14181,1.14199,1.14178,1.14195,65,8,0
2026-07-23 02:25:00,1.14197,1.14198,1.14191,1.14198,63,8,0
2026-07-23 02:30:00,1.14197,1.14236,1.14197,1.14227,146,8,0
2026-07-23 02:35:00,1.14226,1.14243,1.14224,1.14237,101,8,0
2026-07-23 02:40:00,1.14237,1.14256,1.14236,1.14251,91,8,0
2026-07-23 02:45:00,1.14251,1.14275,1.14249,1.14258,114,8,0
2026-07-23 02:50:00,1.14258,1.14262,1.14252,1.14261,70,8,0
2026-07-23 02:55:00,1.14261,1.14278,1.14258,1.1427,64,8,0
2026-07-23 03:00:00,1.14273,1.14288,1.14261,1.14262,95,8,0
2026-07-23 03:05:00,1.14261,1.14263,1.14252,1.14262,74,8,0
2026-07-23 03:10:00,1.14262,1.14265,1.14232,1.14232,116,8,0
2026-07-23 03:15:00,1.14231,1.14263,1.14228,1.14263,101,8,0
2026-07-23 03:20:00,1.14263,1.14279,1.14261,1.14276,75,8,0
2026-07-23 03:25:00,1.14276,1.14284,1.1427,1.1428099999999999,72,8,0
2026-07-23 03:30:00,1.1428099999999999,1.14293,1.14272,1.14292,72,8,0
2026-07-23 03:35:00,1.1429,1.14295,1.14285,1.14291,71,8,0
2026-07-23 03:40:00,1.14292,1.14295,1.14289,1.14292,66,8,0
2026-07-23 03:45:00,1.14292,1.14304,1.1428099999999999,1.14293,96,8,0
2026-07-23 03:50:00,1.14293,1.14295,1.14288,1.14294,72,8,0
2026-07-23 03:55:00,1.14292,1.143,1.14284,1.14286,96,8,0
2026-07-23 04:00:00,1.14286,1.14293,1.14279,1.14288,98,8,0
2026-07-23 04:05:00,1.14288,1.14339,1.14282,1.14338,139,8,0
2026-07-23 04:10:00,1.14338,1.14352,1.14329,1.14335,128,8,0
2026-07-23 04:15:00,1.14335,1.14339,1.14303,1.14304,135,8,0
2026-07-23 04:20:00,1.1430500000000001,1.14322,1.14303,1.14321,51,8,0
2026-07-23 04:25:00,1.14321,1.14345,1.1432,1.14345,79,8,0
2026-07-23 04:30:00,1.14345,1.14354,1.14334,1.14343,88,8,0
2026-07-23 04:35:00,1.14343,1.14344,1.14331,1.14331,63,8,0
2026-07-23 04:40:00,1.14331,1.14333,1.1431499999999999,1.14316,57,8,0
2026-07-23 04:45:00,1.14316,1.14337,1.14314,1.1432,89,8,0
2026-07-23 04:50:00,1.1432,1.14323,1.1431,1.14313,79,8,0
2026-07-23 04:55:00,1.14313,1.14323,1.14295,1.14322,105,8,0
2026-07-23 05:00:00,1.1432,1.14346,1.1432,1.14331,124,8,0
2026-07-23 05:05:00,1.14333,1.14341,1.14326,1.14336,73,8,0
2026-07-23 05:10:00,1.14336,1.1434199999999999,1.14319,1.1432,66,8,0
2026-07-23 05:15:00,1.1432,1.1432,1.14294,1.143,94,8,0
2026-07-23 05:20:00,1.143,1.14307,1.14283,1.14293,86,8,0
2026-07-23 05:25:00,1.14293,1.14301,1.1429,1.143,74,8,0
2026-07-23 05:30:00,1.14298,1.14301,1.14285,1.14294,106,8,0
2026-07-23 05:35:00,1.14294,1.14307,1.14285,1.14292,102,8,0
2026-07-23 05:40:00,1.14293,1.14298,1.14288,1.14294,91,8,0
2026-07-23 05:45:00,1.14294,1.14303,1.14293,1.14294,58,8,0
2026-07-23 05:50:00,1.14293,1.14296,1.14288,1.14291,56,8,0
2026-07-23 05:55:00,1.14292,1.14312,1.14288,1.14295,113,8,0
2026-07-23 06:00:00,1.14292,1.14326,1.14289,1.14308,225,8,0
2026-07-23 06:05:00,1.14306,1.1431,1.1428099999999999,1.14284,154,8,0
2026-07-23 06:10:00,1.14285,1.14312,1.14285,1.14309,100,8,0
2026-07-23 06:15:00,1.14309,1.14313,1.14288,1.14288,159,8,0
2026-07-23 06:20:00,1.14289,1.14296,1.14283,1.14291,71,8,0
2026-07-23 06:25:00,1.14291,1.14291,1.14274,1.1428099999999999,109,8,0
2026-07-23 06:30:00,1.1428099999999999,1.14282,1.14262,1.14267,147,8,0
2026-07-23 06:35:00,1.14268,1.14272,1.14251,1.14253,106,8,0
2026-07-23 06:40:00,1.14253,1.14268,1.14242,1.14262,144,8,0
2026-07-23 06:45:00,1.14262,1.14277,1.14257,1.1427100000000001,92,8,0
2026-07-23 06:50:00,1.1427100000000001,1.1427100000000001,1.14252,1.14258,113,8,0
2026-07-23 06:55:00,1.14257,1.14258,1.14234,1.14249,147,8,0
2026-07-23 07:00:00,1.14251,1.14262,1.14218,1.14218,266,8,0
2026-07-23 07:05:00,1.14221,1.14239,1.14221,1.14233,155,8,0
2026-07-23 07:10:00,1.14233,1.14264,1.14227,1.14264,184,8,0
2026-07-23 07:15:00,1.14264,1.14273,1.14254,1.14267,147,8,0
2026-07-23 07:20:00,1.14267,1.14267,1.14236,1.14237,121,8,0
2026-07-23 07:25:00,1.14238,1.14257,1.14235,1.14253,124,8,0
2026-07-23 07:30:00,1.14252,1.1427100000000001,1.1424400000000001,1.14264,123,8,0
2026-07-23 07:35:00,1.14263,1.14266,1.14246,1.14252,96,8,0
2026-07-23 07:40:00,1.14252,1.14258,1.14217,1.14223,148,8,0
2026-07-23 07:45:00,1.14223,1.14237,1.14195,1.14236,210,8,0
2026-07-23 07:50:00,1.14233,1.14251,1.14218,1.14224,167,8,0
2026-07-23 07:55:00,1.14224,1.1425,1.14216,1.14241,190,8,0
2026-07-23 08:00:00,1.14242,1.14248,1.1421999999999999,1.14223,158,8,0
2026-07-23 08:05:00,1.14223,1.14239,1.1421000000000001,1.14226,166,8,0
2026-07-23 08:10:00,1.14226,1.14232,1.14188,1.14192,127,8,0
2026-07-23 08:15:00,1.14192,1.14193,1.14166,1.14167,143,8,0
2026-07-23 08:20:00,1.14168,1.14188,1.14165,1.14169,150,8,0
2026-07-23 08:25:00,1.1417,1.14172,1.14155,1.14168,145,8,0
2026-07-23 08:30:00,1.14168,1.14168,1.14121,1.1412200000000001,159,8,0
2026-07-23 08:35:00,1.1412200000000001,1.14132,1.14094,1.1409799999999999,178,8,0
2026-07-23 08:40:00,1.1409799999999999,1.14103,1.14065,1.1408800000000001,234,8,0
2026-07-23 08:45:00,1.1408800000000001,1.14103,1.14083,1.14086,175,8,0
2026-07-23 08:50:00,1.1408800000000001,1.14114,1.14082,1.14113,197,8,0
2026-07-23 08:55:00,1.14113,1.14117,1.14101,1.14102,153,8,0
2026-07-23 09:00:00,1.14104,1.14145,1.1409799999999999,1.14145,193,8,0
2026-07-23 09:05:00,1.14146,1.14148,1.1412200000000001,1.1413,151,8,0
2026-07-23 09:10:00,1.14131,1.14138,1.14104,1.14105,134,8,0
2026-07-23 09:15:00,1.14104,1.14128,1.14102,1.14118,113,8,0
2026-07-23 09:20:00,1.14119,1.14124,1.14102,1.14113,112,8,0
2026-07-23 09:25:00,1.14115,1.14118,1.14091,1.14094,105,8,0
2026-07-23 09:30:00,1.14096,1.14111,1.14092,1.14104,137,8,0
2026-07-23 09:35:00,1.14104,1.14121,1.14102,1.14115,130,8,0
2026-07-23 09:40:00,1.14113,1.14142,1.14106,1.14138,129,8,0
2026-07-23 09:45:00,1.14139,1.14145,1.14114,1.1412200000000001,108,8,0
2026-07-23 09:50:00,1.14123,1.14136,1.14112,1.14133,111,8,0
2026-07-23 09:55:00,1.14135,1.14139,1.14117,1.14127,114,8,0
2026-07-23 10:00:00,1.14126,1.1413,1.14113,1.14115,119,8,0
2026-07-23 10:05:00,1.14115,1.1412499999999999,1.14092,1.1409799999999999,139,8,0
2026-07-23 10:10:00,1.1409799999999999,1.14104,1.14083,1.14099,125,8,0
2026-07-23 10:15:00,1.14099,1.14103,1.14072,1.14073,103,8,0
2026-07-23 10:20:00,1.14072,1.14079,1.14053,1.14067,186,8,0
2026-07-23 10:25:00,1.14069,1.14079,1.14065,1.14075,96,8,0
2026-07-23 10:30:00,1.14075,1.14096,1.14062,1.14074,171,8,0
2026-07-23 10:35:00,1.14074,1.14086,1.14063,1.14084,143,8,0
2026-07-23 10:40:00,1.14083,1.14083,1.14057,1.14067,108,8,0
2026-07-23 10:45:00,1.14067,1.14068,1.14032,1.14044,169,8,0
2026-07-23 10:50:00,1.14046,1.14073,1.1402700000000001,1.14073,153,8,0
2026-07-23 10:55:00,1.14072,1.14078,1.14038,1.14043,206,8,0
2026-07-23 11:00:00,1.14042,1.14042,1.1402,1.14038,169,8,0
2026-07-23 11:05:00,1.14038,1.14046,1.14022,1.14041,163,8,0
2026-07-23 11:10:00,1.14043,1.1406100000000001,1.14036,1.14054,156,8,0
2026-07-23 11:15:00,1.14052,1.14057,1.14018,1.14024,129,8,0
2026-07-23 11:20:00,1.14022,1.14024,1.13984,1.13992,159,8,0
2026-07-23 11:25:00,1.13992,1.14001,1.13967,1.1397599999999999,173,8,0
2026-07-23 11:30:00,1.13979,1.13984,1.13903,1.13914,274,8,0
2026-07-23 11:35:00,1.13914,1.13914,1.13856,1.13865,353,8,0
2026-07-23 11:40:00,1.13864,1.13874,1.13831,1.13869,287,8,0
2026-07-23 11:45:00,1.13872,1.13919,1.13872,1.13909,307,8,0
2026-07-23 11:50:00,1.13909,1.13958,1.13908,1.13919,294,8,0
2026-07-23 11:55:00,1.1392,1.13947,1.13911,1.13941,188,8,0
2026-07-23 12:00:00,1.1394,1.13945,1.13897,1.13914,188,8,0
2026-07-23 12:05:00,1.13914,1.13931,1.13903,1.13918,169,8,0
2026-07-23 12:10:00,1.1392,1.13952,1.1392,1.13945,172,8,0
2026-07-23 12:15:00,1.1394199999999999,1.13957,1.13856,1.13865,275,8,0
2026-07-23 12:20:00,1.13863,1.13863,1.13805,1.13823,263,8,0
2026-07-23 12:25:00,1.13824,1.13862,1.1381000000000001,1.13843,224,8,0
2026-07-23 12:30:00,1.13841,1.1385399999999999,1.13813,1.13843,251,8,0
2026-07-23 12:35:00,1.13841,1.1385,1.13796,1.13817,250,8,0
2026-07-23 12:40:00,1.13817,1.13817,1.13766,1.1378,290,8,0
2026-07-23 12:45:00,1.13781,1.13804,1.13751,1.13796,271,8,0
2026-07-23 12:50:00,1.13796,1.13816,1.13774,1.13815,291,8,0
2026-07-23 12:55:00,1.13816,1.1385399999999999,1.13811,1.13846,246,8,0
2026-07-23 13:00:00,1.13847,1.13859,1.13792,1.13804,317,8,0
2026-07-23 13:05:00,1.13803,1.13812,1.13733,1.13741,368,8,0
2026-07-23 13:10:00,1.13743,1.13752,1.13672,1.13686,365,8,0
2026-07-23 13:15:00,1.13684,1.13729,1.13679,1.13718,339,8,0
2026-07-23 13:20:00,1.13718,1.13746,1.13716,1.13741,274,8,0
2026-07-23 13:25:00,1.13744,1.13784,1.1373,1.13778,238,8,0
2026-07-23 13:30:00,1.1378,1.13817,1.1377,1.13817,316,8,0
2026-07-23 13:35:00,1.13814,1.13851,1.13806,1.13816,363,8,0
2026-07-23 13:40:00,1.13816,1.13829,1.13781,1.1378300000000001,291,8,0
2026-07-23 13:45:00,1.13782,1.13791,1.13756,1.13791,293,8,0
2026-07-23 13:50:00,1.13792,1.13794,1.13758,1.13774,253,8,0
2026-07-23 13:55:00,1.13773,1.13788,1.13718,1.13721,299,8,0
2026-07-23 14:00:00,1.13723,1.1375899999999999,1.1369,1.13693,282,8,0
2026-07-23 14:05:00,1.13693,1.13727,1.13673,1.1369799999999999,302,8,0
2026-07-23 14:10:00,1.137,1.13719,1.13682,1.13714,340,8,0
2026-07-23 14:15:00,1.13714,1.13724,1.13643,1.13653,405,8,0
2026-07-23 14:20:00,1.13652,1.13687,1.13635,1.13686,318,8,0
2026-07-23 14:25:00,1.13685,1.137,1.13674,1.13697,297,8,0
2026-07-23 14:30:00,1.13699,1.1372200000000001,1.13684,1.13706,267,8,0
2026-07-23 14:35:00,1.13706,1.13733,1.13692,1.13724,257,8,0
2026-07-23 14:40:00,1.1372200000000001,1.1373199999999999,1.1367,1.13674,219,8,0
2026-07-23 14:45:00,1.13672,1.13694,1.13653,1.13658,221,8,0
2026-07-23 14:50:00,1.13656,1.13673,1.13642,1.13647,246,8,0
2026-07-23 14:55:00,1.13645,1.13712,1.13642,1.13712,356,8,0
2026-07-23 15:00:00,1.1371,1.1374,1.13699,1.13737,301,8,0
2026-07-23 15:05:00,1.13737,1.1374900000000001,1.137,1.13704,220,8,0
2026-07-23 15:10:00,1.13704,1.1374,1.137,1.13733,198,8,0
2026-07-23 15:15:00,1.1373199999999999,1.13752,1.13711,1.13713,228,8,0
2026-07-23 15:20:00,1.13715,1.13724,1.13676,1.1369799999999999,362,8,0
2026-07-23 15:25:00,1.137,1.1373199999999999,1.13697,1.13711,210,8,0
2026-07-23 15:30:00,1.13709,1.13709,1.13663,1.13681,306,8,0
2026-07-23 15:35:00,1.13681,1.13736,1.13655,1.13728,374,8,0
2026-07-23 15:40:00,1.13731,1.13756,1.13724,1.1373,241,8,0
2026-07-23 15:45:00,1.1373,1.1373199999999999,1.13706,1.13727,180,8,0
2026-07-23 15:50:00,1.13727,1.13744,1.13709,1.13744,176,8,0
2026-07-23 15:55:00,1.13743,1.13751,1.13703,1.13725,189,8,0
2026-07-23 16:00:00,1.13724,1.13756,1.13723,1.13736,248,8,0
2026-07-23 16:05:00,1.13738,1.13748,1.13726,1.1373199999999999,168,8,0
2026-07-23 16:10:00,1.1373199999999999,1.13775,1.1373199999999999,1.1377,180,8,0
2026-07-23 16:15:00,1.13768,1.1378,1.13726,1.13736,196,8,0
2026-07-23 16:20:00,1.13735,1.13752,1.13733,1.13744,173,8,0
2026-07-23 16:25:00,1.13745,1.13778,1.13744,1.13777,149,8,0
2026-07-23 16:30:00,1.13779,1.13791,1.13769,1.13773,165,8,0
2026-07-23 16:35:00,1.13773,1.13778,1.13756,1.13767,170,8,0
2026-07-23 16:40:00,1.13767,1.13791,1.13754,1.1378,158,8,0
2026-07-23 16:45:00,1.13779,1.1379,1.13764,1.13788,112,8,0
2026-07-23 16:50:00,1.13786,1.13794,1.13779,1.13782,142,8,0
2026-07-23 16:55:00,1.13784,1.13798,1.1378300000000001,1.13795,116,8,0
2026-07-23 17:00:00,1.13795,1.13805,1.13777,1.1379,207,8,0
2026-07-23 17:05:00,1.1379,1.13801,1.13764,1.13779,147,8,0
2026-07-23 17:10:00,1.13778,1.1378,1.13762,1.13764,145,8,0
2026-07-23 17:15:00,1.13765,1.1378,1.13757,1.13772,132,8,0
2026-07-23 17:20:00,1.13772,1.13781,1.13758,1.13764,104,8,0
2026-07-23 17:25:00,1.13764,1.13766,1.1375,1.13754,105,8,0
2026-07-23 17:30:00,1.13754,1.1375899999999999,1.13742,1.13752,116,8,0
2026-07-23 17:35:00,1.13752,1.13752,1.13737,1.13751,94,8,0
2026-07-23 17:40:00,1.13751,1.13753,1.13734,1.13735,102,8,0
2026-07-23 17:45:00,1.13735,1.13743,1.13728,1.13735,110,8,0
2026-07-23 17:50:00,1.13735,1.13747,1.13731,1.1374,102,8,0
2026-07-23 17:55:00,1.1374,1.1374,1.1371,1.13711,93,8,0
2026-07-23 18:00:00,1.13711,1.13727,1.13708,1.13721,113,8,0
2026-07-23 18:05:00,1.1372,1.13742,1.13719,1.13733,114,8,0
2026-07-23 18:10:00,1.13733,1.13748,1.13728,1.13736,101,8,0
2026-07-23 18:15:00,1.13737,1.13752,1.13723,1.13729,105,8,0
2026-07-23 18:20:00,1.13729,1.13734,1.13724,1.13728,74,8,0
2026-07-23 18:25:00,1.13728,1.13751,1.13726,1.13746,108,8,0
2026-07-23 18:30:00,1.13746,1.1375899999999999,1.13746,1.13752,97,8,0
2026-07-23 18:35:00,1.13752,1.13754,1.13741,1.13743,89,8,0
2026-07-23 18:40:00,1.13743,1.13745,1.13734,1.13739,71,8,0
2026-07-23 18:45:00,1.1374,1.13752,1.13735,1.13747,65,8,0
2026-07-23 18:50:00,1.13748,1.1374900000000001,1.13743,1.13744,60,8,0
2026-07-23 18:55:00,1.13743,1.1376,1.13739,1.13757,91,8,0
2026-07-23 19:00:00,1.1375899999999999,1.13777,1.13753,1.1376,110,8,0
2026-07-23 19:05:00,1.1376,1.13763,1.1374900000000001,1.13751,61,8,0
2026-07-23 19:10:00,1.13752,1.1375899999999999,1.13746,1.13748,64,8,0
2026-07-23 19:15:00,1.13746,1.13753,1.13735,1.13736,74,8,0
2026-07-23 19:20:00,1.13735,1.13745,1.13733,1.13742,78,8,0
2026-07-23 19:25:00,1.13742,1.13764,1.13741,1.13764,78,8,0
2026-07-23 19:30:00,1.13766,1.13795,1.13765,1.13768,152,8,0
2026-07-23 19:35:00,1.13768,1.13774,1.13764,1.13768,70,8,0
2026-07-23 19:40:00,1.13768,1.13772,1.13755,1.13756,55,8,0
2026-07-23 19:45:00,1.13756,1.13761,1.13748,1.13757,64,8,0
2026-07-23 19:50:00,1.13757,1.13777,1.13757,1.13775,103,8,0
2026-07-23 19:55:00,1.13777,1.13784,1.13768,1.13768,106,8,0
2026-07-23 20:00:00,1.13771,1.1379,1.13771,1.13786,78,8,0
2026-07-23 20:05:00,1.13786,1.13788,1.1378,1.1378300000000001,48,8,0
2026-07-23 20:10:00,1.13784,1.13784,1.13774,1.13777,34,8,0
2026-07-23 20:15:00,1.13777,1.13778,1.13766,1.1377,37,8,0
2026-07-23 20:20:00,1.1377,1.13776,1.13769,1.13776,35,8,0
2026-07-23 20:25:00,1.13776,1.13789,1.13774,1.13789,60,8,0
2026-07-23 20:30:00,1.13791,1.13795,1.13771,1.13773,60,8,0
2026-07-23 20:35:00,1.13773,1.13773,1.13767,1.1377,35,8,0
2026-07-23 20:40:00,1.13767,1.13777,1.13765,1.13777,27,8,0
2026-07-23 20:45:00,1.13778,1.13781,1.13768,1.1377,35,8,0
2026-07-23 20:50:00,1.1377,1.1377,1.13762,1.13767,37,8,0
2026-07-23 20:55:00,1.13767,1.13773,1.13764,1.13765,59,8,0
2026-07-23 21:00:00,1.13766,1.13766,1.13761,1.13761,4,20,0
2026-07-23 21:05:00,1.13762,1.13763,1.13739,1.13742,23,20,0
2026-07-23 21:10:00,1.13742,1.13763,1.1374,1.1375,28,20,0
2026-07-23 21:15:00,1.1375,1.1375,1.13745,1.13746,17,48,0
2026-07-23 21:20:00,1.13746,1.1375,1.13746,1.13746,15,48,0
2026-07-23 21:25:00,1.13745,1.13747,1.13744,1.13746,17,48,0
2026-07-23 21:30:00,1.13745,1.1375899999999999,1.13743,1.13747,25,20,0
2026-07-23 21:35:00,1.13747,1.13748,1.13744,1.13745,24,48,0
2026-07-23 21:40:00,1.13746,1.13754,1.13739,1.13754,53,48,0
2026-07-23 21:45:00,1.13754,1.13768,1.13753,1.13766,39,48,0
2026-07-23 21:50:00,1.13766,1.13769,1.13757,1.1376,29,48,0
2026-07-23 21:55:00,1.1375899999999999,1.13779,1.13747,1.1375899999999999,67,20,0
2026-07-23 22:00:00,1.1375899999999999,1.13779,1.1375899999999999,1.13777,39,8,0
2026-07-23 22:05:00,1.13777,1.13787,1.13777,1.1378,21,8,0
2026-07-23 22:10:00,1.1378,1.1378,1.13774,1.13778,34,8,0
2026-07-23 22:15:00,1.13778,1.13779,1.13775,1.13775,16,8,0
2026-07-23 22:20:00,1.13776,1.13792,1.13775,1.13792,31,8,0
2026-07-23 22:25:00,1.13792,1.13792,1.13774,1.13775,41,8,0
2026-07-23 22:30:00,1.13776,1.13777,1.13768,1.13776,35,8,0
2026-07-23 22:35:00,1.13776,1.13781,1.13776,1.13778,27,8,0
2026-07-23 22:40:00,1.13777,1.13784,1.13777,1.13781,22,8,0
2026-07-23 22:45:00,1.13781,1.13786,1.13781,1.13785,15,8,0
2026-07-23 22:50:00,1.13785,1.13792,1.13785,1.1379,26,8,0
2026-07-23 22:55:00,1.1379,1.13796,1.13789,1.13791,29,8,0
2026-07-23 23:00:00,1.13791,1.13794,1.1378300000000001,1.13785,38,8,0
2026-07-23 23:05:00,1.13785,1.13786,1.13784,1.13784,16,8,0
2026-07-23 23:10:00,1.13784,1.13788,1.1378300000000001,1.1378300000000001,15,8,0
2026-07-23 23:15:00,1.1378300000000001,1.13786,1.1378300000000001,1.13785,24,8,0
2026-07-23 23:20:00,1.13785,1.1379,1.13785,1.13787,22,8,0
2026-07-23 23:25:00,1.13787,1.13788,1.13784,1.13784,23,8,0
2026-07-23 23:30:00,1.13784,1.13794,1.1378300000000001,1.13788,31,8,0
2026-07-23 23:35:00,1.13788,1.13788,1.1378300000000001,1.13784,21,8,0
2026-07-23 23:40:00,1.13784,1.13784,1.1375899999999999,1.13769,82,8,0
2026-07-23 23:45:00,1.13769,1.13785,1.13767,1.13773,73,8,0
2026-07-23 23:50:00,1.13773,1.13775,1.13753,1.13755,69,8,0
2026-07-23 23:55:00,1.13754,1.13768,1.13754,1.1375899999999999,70,8,0
2026-07-24 00:00:00,1.1375899999999999,1.13786,1.13748,1.13766,231,8,0
2026-07-24 00:05:00,1.13766,1.13799,1.13755,1.13791,154,8,0
2026-07-24 00:10:00,1.13791,1.138,1.1378300000000001,1.13786,118,8,0
2026-07-24 00:15:00,1.13787,1.13791,1.13777,1.13784,110,8,0
2026-07-24 00:20:00,1.13784,1.13799,1.13779,1.1379299999999999,108,8,0
2026-07-24 00:25:00,1.13792,1.13796,1.13785,1.13792,102,8,0
2026-07-24 00:30:00,1.13792,1.13795,1.13779,1.13781,84,8,0
2026-07-24 00:35:00,1.13781,1.13788,1.13778,1.13779,58,8,0
2026-07-24 00:40:00,1.13779,1.13779,1.13766,1.13768,74,8,0
2026-07-24 00:45:00,1.13768,1.13778,1.13761,1.13775,55,8,0
2026-07-24 00:50:00,1.13775,1.13785,1.1377,1.13778,119,8,0
2026-07-24 00:55:00,1.1378,1.13835,1.13777,1.13835,179,8,0
2026-07-24 01:00:00,1.13837,1.13858,1.13829,1.13839,198,8,0
2026-07-24 01:05:00,1.13839,1.13839,1.1381999999999999,1.13827,116,8,0
2026-07-24 01:10:00,1.13827,1.13842,1.13824,1.13836,84,8,0
2026-07-24 01:15:00,1.13836,1.13851,1.13826,1.13849,102,8,0
2026-07-24 01:20:00,1.13849,1.13858,1.1384,1.13853,101,8,0
2026-07-24 01:25:00,1.13853,1.13853,1.13816,1.13816,111,8,0
2026-07-24 01:30:00,1.13817,1.13842,1.13814,1.1384,112,8,0
2026-07-24 01:35:00,1.1384,1.1385399999999999,1.13838,1.13841,105,8,0
2026-07-24 01:40:00,1.13842,1.13858,1.13842,1.13857,115,8,0
2026-07-24 01:45:00,1.13856,1.13868,1.13852,1.13865,84,8,0
2026-07-24 01:50:00,1.13865,1.13865,1.13849,1.13859,104,8,0
2026-07-24 01:55:00,1.13859,1.1386,1.1383,1.13837,119,8,0
2026-07-24 02:00:00,1.13837,1.13846,1.13827,1.13837,101,8,0
2026-07-24 02:05:00,1.13837,1.1384,1.13827,1.13831,90,8,0
2026-07-24 02:10:00,1.13831,1.1384400000000001,1.13827,1.13843,56,8,0
2026-07-24 02:15:00,1.13843,1.13848,1.13829,1.13839,72,8,0
2026-07-24 02:20:00,1.13839,1.1385399999999999,1.13833,1.13835,69,8,0
2026-07-24 02:25:00,1.13834,1.13846,1.13833,1.13839,61,8,0
2026-07-24 02:30:00,1.13839,1.13871,1.13837,1.13861,102,8,0
2026-07-24 02:35:00,1.13861,1.13861,1.13845,1.13846,54,8,0
2026-07-24 02:40:00,1.13847,1.1385399999999999,1.1384,1.13842,59,8,0
2026-07-24 02:45:00,1.1384,1.13845,1.13814,1.13816,85,8,0
2026-07-24 02:50:00,1.13818,1.1383,1.13813,1.13815,92,8,0
2026-07-24 02:55:00,1.13816,1.13824,1.13803,1.13805,89,8,0
2026-07-24 03:00:00,1.13805,1.13811,1.13797,1.13801,94,8,0
2026-07-24 03:05:00,1.13801,1.13805,1.13789,1.13791,72,8,0
2026-07-24 03:10:00,1.13791,1.13791,1.13774,1.13782,110,8,0
2026-07-24 03:15:00,1.13782,1.13792,1.13779,1.13779,81,8,0
2026-07-24 03:20:00,1.13779,1.13787,1.13775,1.13776,71,8,0
2026-07-24 03:25:00,1.13776,1.13792,1.13776,1.13787,77,8,0
2026-07-24 03:30:00,1.13787,1.13812,1.13786,1.13812,95,8,0
2026-07-24 03:35:00,1.13812,1.13819,1.13805,1.13808,67,8,0
2026-07-24 03:40:00,1.13808,1.1381999999999999,1.13808,1.13817,55,8,0
2026-07-24 03:45:00,1.13817,1.13818,1.13803,1.13805,62,8,0
2026-07-24 03:50:00,1.13805,1.13822,1.13804,1.13815,50,8,0
2026-07-24 03:55:00,1.13815,1.1381999999999999,1.13803,1.13818,79,8,0
2026-07-24 04:00:00,1.13818,1.13829,1.13816,1.13827,61,8,0
2026-07-24 04:05:00,1.13827,1.1383,1.13818,1.13829,68,8,0
2026-07-24 04:10:00,1.13829,1.13832,1.13818,1.1383,57,8,0
2026-07-24 04:15:00,1.1383,1.13835,1.1381999999999999,1.13827,58,8,0
2026-07-24 04:20:00,1.13827,1.13827,1.13807,1.13808,41,8,0
2026-07-24 04:25:00,1.13808,1.1381000000000001,1.13802,1.13804,70,8,0
2026-07-24 04:30:00,1.13804,1.13809,1.13795,1.13801,62,8,0
2026-07-24 04:35:00,1.13801,1.13804,1.13796,1.13801,48,8,0
2026-07-24 04:40:00,1.13801,1.13801,1.13774,1.13776,69,8,0
2026-07-24 04:45:00,1.13776,1.13781,1.13765,1.13769,70,8,0
2026-07-24 04:50:00,1.13769,1.13776,1.13762,1.13771,80,8,0
2026-07-24 04:55:00,1.13773,1.1379,1.13771,1.13787,88,8,0
2026-07-24 05:00:00,1.13787,1.1379299999999999,1.13779,1.13791,89,8,0
2026-07-24 05:05:00,1.13791,1.13804,1.1379,1.13798,89,8,0
2026-07-24 05:10:00,1.138,1.13809,1.1379299999999999,1.13801,91,8,0
2026-07-24 05:15:00,1.138,1.13811,1.13798,1.13811,61,8,0
2026-07-24 05:20:00,1.1381000000000001,1.13821,1.1381000000000001,1.13814,90,8,0
2026-07-24 05:25:00,1.13814,1.1381999999999999,1.13811,1.13812,47,8,0
2026-07-24 05:30:00,1.13812,1.13831,1.13809,1.13818,103,8,0
2026-07-24 05:35:00,1.13818,1.13823,1.13809,1.13812,78,8,0
2026-07-24 05:40:00,1.13812,1.13819,1.13798,1.13803,83,8,0
2026-07-24 05:45:00,1.13804,1.13811,1.13797,1.13804,76,8,0
2026-07-24 05:50:00,1.13804,1.13804,1.13775,1.13779,91,8,0
2026-07-24 05:55:00,1.13781,1.13787,1.13761,1.13776,121,8,0
2026-07-24 06:00:00,1.13776,1.13792,1.1377,1.13777,136,8,0
2026-07-24 06:05:00,1.13777,1.1379299999999999,1.13774,1.13784,159,8,0
2026-07-24 06:10:00,1.13786,1.13796,1.13773,1.13795,134,8,0
2026-07-24 06:15:00,1.13794,1.13832,1.13794,1.1383,137,8,0
2026-07-24 06:20:00,1.13829,1.13851,1.13828,1.13848,122,8,0
2026-07-24 06:25:00,1.13848,1.13861,1.13842,1.1385,149,8,0
2026-07-24 06:30:00,1.1385,1.13862,1.1383,1.1386,135,8,0
2026-07-24 06:35:00,1.1386,1.13862,1.13847,1.13853,125,8,0
2026-07-24 06:40:00,1.13853,1.13855,1.13829,1.13834,132,8,0
2026-07-24 06:45:00,1.13834,1.13852,1.13833,1.13838,119,8,0
2026-07-24 06:50:00,1.13838,1.13852,1.13827,1.13832,171,8,0
2026-07-24 06:55:00,1.13831,1.13867,1.13828,1.13862,156,8,0
2026-07-24 07:00:00,1.13864,1.13889,1.13859,1.1388,229,8,0
2026-07-24 07:05:00,1.1388,1.13931,1.13877,1.1393,195,8,0
2026-07-24 07:10:00,1.13929,1.13954,1.13924,1.13933,154,8,0
2026-07-24 07:15:00,1.13938,1.13952,1.139,1.1392,226,8,0
2026-07-24 07:20:00,1.1392,1.13963,1.13918,1.1396,156,8,0
2026-07-24 07:25:00,1.1396,1.13992,1.13958,1.13967,150,8,0
2026-07-24 07:30:00,1.13969,1.14007,1.13957,1.13965,269,8,0
2026-07-24 07:35:00,1.13965,1.13971,1.13909,1.1391499999999999,193,8,0
2026-07-24 07:40:00,1.13916,1.13932,1.13894,1.13924,169,8,0
2026-07-24 07:45:00,1.13924,1.13924,1.13899,1.13911,151,8,0
2026-07-24 07:50:00,1.13911,1.13918,1.13897,1.13914,120,8,0
2026-07-24 07:55:00,1.1391499999999999,1.13923,1.1389,1.13895,114,8,0
2026-07-24 08:00:00,1.13897,1.13902,1.13868,1.1387,156,8,0
2026-07-24 08:05:00,1.13868,1.13877,1.13856,1.13876,148,8,0
2026-07-24 08:10:00,1.13876,1.13889,1.1387,1.13877,145,8,0
2026-07-24 08:15:00,1.13877,1.1388099999999999,1.13843,1.13857,140,8,0
2026-07-24 08:20:00,1.13857,1.13863,1.13834,1.13847,164,8,0
2026-07-24 08:25:00,1.13847,1.13878,1.1384,1.13872,158,8,0
2026-07-24 08:30:00,1.13875,1.13875,1.1385399999999999,1.13855,150,8,0
2026-07-24 08:35:00,1.13857,1.13869,1.1384400000000001,1.13863,146,8,0
2026-07-24 08:40:00,1.13863,1.13872,1.13851,1.13856,118,8,0
2026-07-24 08:45:00,1.13856,1.1386,1.13811,1.13812,146,8,0
2026-07-24 08:50:00,1.13811,1.13838,1.13811,1.13834,174,8,0
2026-07-24 08:55:00,1.13834,1.13835,1.13816,1.1383,149,8,0
2026-07-24 09:00:00,1.1383,1.1384400000000001,1.13822,1.13827,173,8,0
2026-07-24 09:05:00,1.13827,1.13862,1.13823,1.13861,117,8,0
2026-07-24 09:10:00,1.13861,1.13862,1.13841,1.13846,137,8,0
2026-07-24 09:15:00,1.13846,1.13867,1.13832,1.13864,136,8,0
2026-07-24 09:20:00,1.13864,1.13865,1.13829,1.13841,119,8,0
2026-07-24 09:25:00,1.13841,1.13872,1.13839,1.13865,116,8,0
2026-07-24 09:30:00,1.13864,1.13872,1.1385399999999999,1.13857,127,8,0
2026-07-24 09:35:00,1.13857,1.13865,1.13843,1.13848,133,8,0
2026-07-24 09:40:00,1.13848,1.13866,1.13831,1.13858,133,8,0
2026-07-24 09:45:00,1.13858,1.13866,1.13849,1.1385399999999999,106,8,0
2026-07-24 09:50:00,1.13856,1.13869,1.13851,1.13865,144,8,0
2026-07-24 09:55:00,1.13863,1.13887,1.1386,1.13887,132,8,0
2026-07-24 10:00:00,1.13889,1.13904,1.13867,1.13899,143,8,0
2026-07-24 10:05:00,1.13898,1.13898,1.13872,1.13886,109,8,0
2026-07-24 10:10:00,1.13886,1.13895,1.13871,1.13877,82,8,0
2026-07-24 10:15:00,1.13876,1.13894,1.13871,1.13886,88,8,0
2026-07-24 10:20:00,1.13888,1.13913,1.13884,1.1391,132,8,0
2026-07-24 10:25:00,1.1391,1.13925,1.13895,1.13895,165,8,0
2026-07-24 10:30:00,1.13896,1.13914,1.13893,1.13904,112,8,0
2026-07-24 10:35:00,1.13904,1.1391,1.13889,1.13892,98,8,0
2026-07-24 10:40:00,1.13892,1.13892,1.13864,1.13867,124,8,0
2026-07-24 10:45:00,1.13865,1.13877,1.13857,1.13861,115,8,0
2026-07-24 10:50:00,1.13861,1.13865,1.13818,1.13822,145,8,0
2026-07-24 10:55:00,1.13823,1.1384,1.13806,1.13827,175,8,0
2026-07-24 11:00:00,1.13826,1.13847,1.13813,1.1384400000000001,184,8,0
2026-07-24 11:05:00,1.13843,1.13853,1.13832,1.13849,110,8,0
2026-07-24 11:10:00,1.13849,1.13877,1.13847,1.13877,102,8,0
2026-07-24 11:15:00,1.13879,1.13879,1.13852,1.1385399999999999,127,8,0
2026-07-24 11:20:00,1.1385399999999999,1.13858,1.13842,1.13842,96,8,0
2026-07-24 11:25:00,1.13841,1.13851,1.13818,1.13818,121,8,0
2026-07-24 11:30:00,1.13818,1.13825,1.13809,1.13816,111,8,0
2026-07-24 11:35:00,1.13817,1.13818,1.1379,1.13792,103,8,0
2026-07-24 11:40:00,1.13792,1.13799,1.13779,1.13795,123,8,0
2026-07-24 11:45:00,1.13795,1.13809,1.13786,1.13794,138,8,0
2026-07-24 11:50:00,1.13795,1.13798,1.13752,1.13762,125,8,0
2026-07-24 11:55:00,1.13762,1.13762,1.13707,1.13742,334,8,0
2026-07-24 12:00:00,1.1374,1.13761,1.13714,1.13727,223,8,0
2026-07-24 12:05:00,1.13728,1.13775,1.13721,1.13766,170,8,0
2026-07-24 12:10:00,1.13768,1.1378,1.13754,1.13774,153,8,0
2026-07-24 12:15:00,1.13772,1.13776,1.13754,1.13765,166,8,0
2026-07-24 12:20:00,1.13763,1.13764,1.13744,1.13754,179,8,0
2026-07-24 12:25:00,1.13753,1.13754,1.1372,1.13737,175,8,0
2026-07-24 12:30:00,1.13738,1.1375899999999999,1.1369799999999999,1.1369799999999999,174,8,0
2026-07-24 12:35:00,1.13701,1.13726,1.13701,1.13719,188,8,0
2026-07-24 12:40:00,1.13717,1.13717,1.13672,1.13679,169,8,0
2026-07-24 12:45:00,1.13679,1.13712,1.13673,1.13686,199,8,0
2026-07-24 12:50:00,1.13683,1.13701,1.13675,1.13691,145,8,0
2026-07-24 12:55:00,1.13693,1.13703,1.1367099999999999,1.13697,167,8,0
2026-07-24 13:00:00,1.13697,1.13711,1.13666,1.13676,225,8,0
2026-07-24 13:05:00,1.13677,1.13682,1.1366,1.13667,161,8,0
2026-07-24 13:10:00,1.13666,1.13723,1.13643,1.137,301,8,0
2026-07-24 13:15:00,1.13701,1.13723,1.13689,1.13719,202,8,0
2026-07-24 13:20:00,1.13719,1.13737,1.13699,1.13709,221,8,0
2026-07-24 13:25:00,1.13709,1.13717,1.13689,1.13701,185,8,0
2026-07-24 13:30:00,1.13703,1.13708,1.13675,1.13685,205,8,0
2026-07-24 13:35:00,1.13685,1.13723,1.13679,1.13723,206,8,0
2026-07-24 13:40:00,1.13723,1.1373199999999999,1.13713,1.13718,157,8,0
2026-07-24 13:45:00,1.13714,1.13719,1.13694,1.1369799999999999,193,8,0
2026-07-24 13:50:00,1.13699,1.13729,1.13684,1.13729,204,8,0
2026-07-24 13:55:00,1.13727,1.13763,1.13716,1.13762,216,8,0
2026-07-24 14:00:00,1.13762,1.13791,1.13756,1.13756,199,8,0
2026-07-24 14:05:00,1.13757,1.13763,1.13702,1.1373199999999999,256,8,0
2026-07-24 14:10:00,1.1373199999999999,1.13747,1.1371,1.13719,215,8,0
2026-07-24 14:15:00,1.13718,1.13745,1.13715,1.13725,169,8,0
2026-07-24 14:20:00,1.13725,1.1376,1.13721,1.1375,257,8,0
2026-07-24 14:25:00,1.1375,1.1378,1.1374900000000001,1.1374900000000001,200,8,0
2026-07-24 14:30:00,1.1374900000000001,1.13786,1.13743,1.13784,160,8,0
2026-07-24 14:35:00,1.13784,1.13787,1.1376,1.13761,154,8,0
2026-07-24 14:40:00,1.13762,1.13771,1.13752,1.13757,152,8,0
2026-07-24 14:45:00,1.13757,1.13785,1.13754,1.13779,159,8,0
2026-07-24 14:50:00,1.13779,1.13785,1.13744,1.13764,269,8,0
2026-07-24 14:55:00,1.13766,1.13804,1.13765,1.13777,318,8,0
2026-07-24 15:00:00,1.1378,1.138,1.13766,1.13787,261,8,0
2026-07-24 15:05:00,1.13788,1.13831,1.1378300000000001,1.13824,192,8,0
2026-07-24 15:10:00,1.13823,1.13888,1.13823,1.1387,386,8,0
2026-07-24 15:15:00,1.13868,1.1390500000000001,1.13848,1.13856,359,8,0
2026-07-24 15:20:00,1.13856,1.13868,1.13846,1.13848,183,8,0
2026-07-24 15:25:00,1.13848,1.13864,1.1384,1.1384400000000001,201,8,0
2026-07-24 15:30:00,1.13845,1.13867,1.13832,1.1385,204,8,0
2026-07-24 15:35:00,1.1385,1.13888,1.13841,1.13885,173,8,0
2026-07-24 15:40:00,1.13883,1.1389,1.13836,1.13842,207,8,0
2026-07-24 15:45:00,1.1384400000000001,1.13859,1.13839,1.13848,123,8,0
2026-07-24 15:50:00,1.13848,1.13862,1.13839,1.1384400000000001,154,8,0
2026-07-24 15:55:00,1.1384400000000001,1.13849,1.13822,1.13842,149,8,0
2026-07-24 16:00:00,1.13842,1.13842,1.13813,1.13825,120,8,0
2026-07-24 16:05:00,1.13826,1.1385,1.13814,1.13839,124,8,0
2026-07-24 16:10:00,1.13839,1.13856,1.13834,1.1385,116,8,0
2026-07-24 16:15:00,1.1385,1.13861,1.13843,1.13848,103,8,0
2026-07-24 16:20:00,1.13848,1.13849,1.13823,1.1383,94,8,0
2026-07-24 16:25:00,1.1383,1.13832,1.13815,1.13831,115,0,0
2026-07-24 16:30:00,1.13831,1.13837,1.1381000000000001,1.13831,162,8,0
2026-07-24 16:35:00,1.13831,1.13836,1.13799,1.13801,141,8,0
2026-07-24 16:40:00,1.13801,1.13808,1.13791,1.13801,98,8,0
